ear_current,ear_mean,ear_min,mar_current,mar_mean,mar_max,perclos,blink_rate,eye_closure_duration,head_pitch_var,head_yaw_var,head_roll_var,yawn_count,label
0.324901424590337,0.3072347139765763,0.2729537707620139,0.26092119425632104,0.19297539875829994,0.2706345217220328,0.004646688973455957,20.394113749299223,0.0,2.002787529358022,2.2701814444901136,0.22675984258454318,0,Alert
0.18257365597929456,0.19949660385643703,0.12285859502737577,0.1830366864901158,0.14162352961919195,0.36751848411984517,0.2873687420594126,32.23705789444759,0.5115950885216335,6.337157188281745,4.19817105976215,2.3682099526511076,0,Drowsy
0.08571010920536196,0.179739619160944,0.07951089645011869,0.2577775658561216,0.256680444386527,0.39994771142726937,0.7301997007878172,5.132649611598666,3.8555043892121317,17.57589970337417,10.01041453301891,3.1117637655414994,2,Fatigued
0.23593173551082414,0.32556834553526814,0.19946011101048267,0.595383125683528,0.5993526947261913,0.6523325080023182,0.1123422152178822,18.76088427531154,0.43736822347462373,4.293981188678689,4.878338511058234,3.3253984700833437,2,Yawning
0.33095196823995165,0.30656742329547165,0.24185626839705213,0.24754502905722447,0.22356596373494736,0.38624040365088175,0.07689376194794793,20.134406184137816,0.0,2.368300275343452,1.8492303309726994,0.9627765153630028,0,Alert
0.20289249437090776,0.21838204211195286,0.11140916632350495,0.17808517589672745,0.1637296968338045,0.2516608930556851,0.28804645241541144,20.28159645430169,0.5590739232710441,9.6907356219892,6.741053243187234,2.817879924343034,1,Drowsy
0.10482347430332085,0.1438157524829757,0.08662526862807128,0.28877725635611795,0.22083303048618838,0.33886046140017095,0.6743929286862649,8.251833220267471,3.32401544584516,18.838477013038624,16.533765653492246,6.305504476133645,1,Fatigued
0.222649486363518,0.29352624562961815,0.1754049696233076,0.7066313952391144,0.4671569785436649,0.7275354966778598,0.22915271913470386,18.179812901367452,0.45062045758110697,7.868612604982893,1.5573258176235028,2.8132521378334516,3,Yawning
0.2863222501390624,0.3248742256754245,0.2557567715657675,0.1829252482384111,0.21504344994574418,0.32632746611728114,0.06971684721501742,19.644064922789376,0.0,0.9664251472150895,2.7313974962249445,0.9011449144903461,0,Alert
0.17893840718367943,0.20344675706804463,0.1282367554060353,0.16145940207471526,0.22888360831193727,0.3330527636089945,0.20208563915935723,30.214946051551316,0.7339288025190231,5.776862483765842,2.7191922040020966,2.012845514210884,0,Drowsy
0.11550631963746122,0.13860343303203193,0.03816800660625472,0.30318702653831936,0.23938066639952885,0.34835741326489045,0.6487504251354405,11.963042728397884,3.280676474811105,10.517477809207797,17.970626305636245,4.867467099926995,2,Fatigued
0.2336327079025409,0.2701181191329421,0.2191101639773411,0.6592777084208888,0.5155174475431961,0.7162801423728093,0.1478905520555126,24.81345590343781,0.19364421720920033,7.70494883184115,4.04647846131487,1.712912631977199,3,Yawning
0.3058812698896219,0.3380264312938725,0.2590919468942633,0.2086774690464937,0.2153727119711481,0.30173954764969746,0.012057403517234357,16.098385320888625,0.0,2.2395320169772046,2.6458970120342995,0.6237465767624502,0,Alert
0.22154384839474134,0.19097056498703918,0.12391519699462934,0.2638611542597953,0.2328403852296828,0.19651505674662012,0.4513130317721984,33.51380234078562,0.9881728953926177,5.6725729659017095,5.248687842965395,3.0873531980352467,0,Drowsy
0.16131581832755976,0.1605289632266939,0.1072777304883421,0.3669581358134666,0.22702036168684425,0.33764799697426967,0.9088863031813307,14.004180571633304,3.08275364318317,13.763506447827911,9.539724469964591,8.081689752091677,3,Fatigued
0.2485804279605468,0.3019587740653785,0.23415991145979606,0.8230875085860371,0.5840136442472252,0.7368399652670476,0.24473276735106347,15.690972671587055,0.24429108827551477,6.399296275103586,2.7936965719449893,3.9833723878324623,4,Yawning
0.28075954989318036,0.32574169207484904,0.2831719115801481,0.16717270726593159,0.22890128387732966,0.29651123707745997,0.05260903138402747,16.81970324002566,0.0,0.7341869195702312,1.4192895076485839,0.5447630779862431,0,Alert
0.22636020644572688,0.2052081098361238,0.17628145912059903,0.24151840014767983,0.30203266477185226,0.3246882715075973,0.34775530814565914,23.90485975596089,0.9779616922092043,6.246178899526846,2.145895798588723,2.9364168877215033,0,Drowsy
0.1296525004065402,0.15381197410229044,0.0921395141913725,0.2225549408613624,0.2642451745239634,0.233346224375024,0.7789169876683353,14.803315837160456,1.6883656400153204,13.196849327882092,7.481843404954498,4.879323998231097,3,Fatigued
0.2685637497652082,0.2326278366386404,0.20692723703404728,0.7108253903783069,0.49696855382793204,0.7622980084756422,0.17300144533983397,24.87070005135542,0.11206721218921922,6.628307566546157,4.509492287711822,3.2223058532626134,1,Yawning
0.32255918407517803,0.2954364150127333,0.2239622406198688,0.2187086830999247,0.15345698167728045,0.2595802712168962,0.04892109686925444,10.979130164802884,0.0,0.5129621569349669,2.06973603737159,0.45255613956565494,0,Alert
0.19504071156339314,0.19625649649334978,0.1420505375331149,0.20362364677713768,0.2766864296837975,0.28620976328893016,0.29844580024241957,23.100832334554884,1.1854727106484249,10.711468016554907,7.162427709870052,1.7507540815475922,1,Drowsy
0.115842044026317,0.1717790119393473,0.08128560038190925,0.1861127611035347,0.21138785162960128,0.3907758649360805,0.7991561903276001,5.85347464993768,1.6292043029215193,17.033028736658515,12.028256580931384,7.462009310487446,1,Fatigued
0.25571222099355495,0.2554134814274063,0.26371927177037857,0.6452846720791959,0.5060384679217694,0.703737846882869,0.06617459332343954,17.5680881742214,0.5507999206122931,3.4073551685591053,4.660854910505922,2.3270566891933133,4,Yawning
0.3629636272084329,0.3180996342192191,0.2347823209132991,0.23671447788219105,0.263664685910379,0.3212986104220459,0.033568004994223195,12.97277187401389,0.0,1.389931696628154,2.3946152761609225,0.21871153521868264,0,Alert
0.19287824116379995,0.24744011360944607,0.13941673577301356,0.18269633373755675,0.1811517257656042,0.3147440747626793,0.33015549477139194,27.97009468794747,0.8926800784417732,9.08074920694115,2.271824058632267,2.1238378438794134,1,Drowsy
0.13005440833584028,0.16511870563583303,0.11867085258859983,0.26069374186254035,0.262710734710305,0.3588909038827489,0.9277006388500669,13.671989335550037,3.091008993615028,21.616138009600796,13.803188450978762,7.013569291703533,1,Fatigued
0.34532133498625067,0.21143736601432497,0.19392859619857666,0.7270653765187661,0.566859512064102,0.7001840384143525,0.0642377296920458,16.146683193818898,0.6759002487755637,3.162903550150781,4.257873930355743,1.8455643243201998,4,Yawning
0.27871115819191444,0.33652943336638097,0.2689729734810401,0.19685073265328773,0.13349716836551273,0.3355826535445986,0.045481622699996664,16.911094903097016,0.0,2.329119388249101,0.819224323556164,0.5250213839809361,0,Alert
0.2313102693610625,0.2145795707637708,0.09397804643903218,0.23452278413349234,0.2543311460642405,0.3628932329394233,0.27147084572119384,27.554577723525895,0.8274619788244507,7.9724895254646215,4.337708517315221,1.8929055235279326,0,Drowsy
0.13972499057465326,0.1473971389126463,0.08193991929985436,0.26975785127184565,0.20727117267066109,0.4755432365411276,0.6672843086792258,8.28664545369916,3.181296140192596,20.79036700044056,15.290527568436032,8.527326999561877,1,Fatigued
0.27298073265498224,0.3202587974900466,0.23555937177108616,0.71968513865807,0.5533343294166381,0.7548186337191274,0.13521829500938823,14.893493428423398,0.3173212815634015,9.243278361437437,1.586419286768102,2.539978506077179,2,Yawning
0.3446306301522677,0.30045236538849357,0.24671545113391155,0.2544044546499269,0.13888772195083585,0.34280129122170694,0.07250835080757888,11.334369787673817,0.0,1.7315627607271478,0.5283841119185477,0.8092588345923641,0,Alert
0.2096815568101427,0.19345538112895352,0.15558039542723517,0.2813095565201031,0.21673719554629428,0.3400855861049471,0.28571362588455823,37.3719825637892,0.5788766708155622,11.70578031552489,2.072926848138898,3.9096364801229173,0,Drowsy
0.12197798086349862,0.1479231776514,0.09687148045560688,0.18668392608800155,0.21192746229889597,0.291973336723942,0.9483325500117482,11.969250558638148,2.4605045784480497,20.530711999331327,16.89830644169838,9.710916851854924,2,Fatigued
0.3475921173287069,0.24575105143934547,0.16641112631276897,0.6320485883644783,0.42256625654141167,0.7079395982655391,0.1667312223701744,13.010550280544802,0.7795158461329332,9.90347521135722,3.7926468560789806,2.608289099032361,1,Yawning
0.3618324288230278,0.2801479727116861,0.24707401001398502,0.18385780172612357,0.25054054893816863,0.2107873875830329,0.07353412414684476,10.992981040423674,0.0,2.691653714814482,1.878969681360175,0.4142845394781013,0,Alert
0.241987899435582,0.20105143951483723,0.15021845753865082,0.21944888178931232,0.2611713338964174,0.2861106953503308,0.31789683469365776,36.58328441413029,0.8552651753325982,4.508094636720011,2.2209312058159485,1.4015563564018996,0,Drowsy
0.1301573109915455,0.15093961187529484,0.07099869057041513,0.27114249661737494,0.1972951828246962,0.3414572308987224,0.9316204109034889,11.061746344508801,2.0716070137586566,19.418911634899565,13.035667125952646,5.507139026229884,3,Fatigued
0.2696933474433245,0.3314219676339072,0.20459445872855583,0.8041010283786377,0.5601983741744385,0.8422596149142765,0.16218759430707724,23.396496834558484,0.3227862929699177,3.938106599154485,1.115130705253356,3.265411767020857,1,Yawning
0.34448869236499247,0.32050423425381896,0.26466931592960485,0.23210609022429718,0.2016221262278146,0.2896140462430991,0.050931545729782604,16.65778730250671,0.0,0.7275052276283257,2.3159925816255704,0.911680198968845,0,Alert
0.22598211548128397,0.2079284780019675,0.14660222986410865,0.14464466043064425,0.24905885453882035,0.3522866394361624,0.33780404238385175,36.84182830037419,1.015134193052318,4.529887822814927,2.2751675984277977,2.862417053266274,1,Drowsy
0.16368033054394063,0.12117608479008002,0.0775417738689709,0.23623481726224382,0.1959499238061155,0.3792603964953976,0.6882669133295453,13.967884099060118,2.6849041006571808,19.348481554857464,7.240158325621188,4.346023131660695,3,Fatigued
0.2398705005733701,0.3013593837902283,0.19056560767397293,0.6738588872777335,0.6509755878623762,0.940530943560636,0.12119829685439723,23.624824417647034,0.10299871863971513,5.310696593171087,2.286331058720116,1.2768717586862381,3,Yawning
0.2890082347602224,0.31427959821468443,0.2577534390061834,0.1911612160186711,0.21842500100130277,0.3103003084018922,0.014761681548510186,12.512191880040524,0.0,1.426180256978455,1.7113074629775533,1.0037312029893848,0,Alert
0.1812042745193437,0.1661573988751604,0.16554206277136488,0.18048256616813835,0.22085861678703478,0.36843115781522107,0.35963404557959466,22.14344022679552,0.7579298934587637,8.260938131640184,3.454823021808378,1.807729692848143,0,Drowsy
0.13779764407407188,0.1241792785820377,0.04878988171234659,0.25033447315005386,0.2260086495617259,0.22335802873098928,0.6920417213117219,11.488228402915759,2.6989552543856252,17.931391240140876,14.578692180133867,6.904195861653061,1,Fatigued
0.17969727914548905,0.3020236851670426,0.22845817060779308,0.6568497642293847,0.46508784882894916,0.7976320908568338,0.14964953956978805,16.294530256651882,0.7469534590078997,3.0527405419385234,1.901331190850113,2.096070459022173,4,Yawning
0.2985426933289371,0.301730975223646,0.2434283245796253,0.17819323202672627,0.12491721435013355,0.3073856880622068,0.07859028935268851,11.344466826016628,0.0,1.4946389976143541,2.9236760831884223,1.3251592636621743,0,Alert
0.18269686008295002,0.22510782451651512,0.15502751562873143,0.18089779020805796,0.22297996916287677,0.3575693561685895,0.37148380684096993,25.599581873205683,1.0155943465535495,5.496349988460187,3.9420754184254623,2.2763093158492502,0,Drowsy
0.13647581944567017,0.18417991326377667,0.09974986011401445,0.2782102194000954,0.2405180615181638,0.29745807549996545,0.9228057369027736,8.206421921595144,2.984707743894747,14.276918185668233,10.905483638848295,6.840221825567072,2,Fatigued
0.2359212528441446,0.2928075328390608,0.24425316419313772,0.7417310519441069,0.506599655052926,0.9447078462721933,0.13236818282945373,16.53528746505894,0.7436233153982608,8.814335854514104,4.86010764266605,1.3728916704566343,4,Yawning
0.33004302855270135,0.30621584681008646,0.2715860687374444,0.21989167111323102,0.22288541872394363,0.30551866796083865,0.06601061413542378,12.23685984145773,0.0,1.0892293651624994,2.0843964093004432,1.3802259696012706,0,Alert
0.22460737218458768,0.17585445688744802,0.1249764085274722,0.29628075607642224,0.23657599457042322,0.33477752254895765,0.3872304632545513,30.79562123829266,0.7509957403106713,8.619890167249006,4.132174710910375,2.1744463306045057,1,Drowsy
0.15677232459445634,0.15191240891778784,0.062303681161640305,0.2543470630612149,0.24660777520482308,0.3841362004681785,0.6839622458628345,6.392720726633873,3.48506297317574,18.541236850784728,11.93499419569218,9.257248081356703,1,Fatigued
0.24162556401839025,0.24450466891605627,0.23321343266176983,0.6115132939272907,0.5542939742331636,0.7117874042587906,0.20249173714813812,23.397953277902744,0.27366539897272596,8.74880113270409,1.442526947820829,3.5393568752035547,4,Yawning
0.3116546762925584,0.36011378419283946,0.23962761103791025,0.3190478771261989,0.2424275378783724,0.26105644876091566,0.0009762457854435614,17.181312414462724,0.0,1.9137708683074346,2.2904476868323806,0.9787381742105246,0,Alert
0.1646664337552294,0.19639476825612184,0.0896162215399463,0.19579747696032387,0.24285756959306998,0.330632788119151,0.24173485824291857,22.01589206031773,0.6048124254829298,9.808764688499206,5.557777431552929,1.3066379926755989,1,Drowsy
0.1444302769521014,0.15447768048558264,0.06419051089109376,0.2635734178567998,0.31528097985900133,0.43072520276929865,0.7196522685209544,12.364442356247228,3.835917536922537,23.7346647194152,10.860911828253718,3.792666320885287,1,Fatigued
0.2439019556549265,0.2571258589479723,0.18106295229198016,0.7561506414422844,0.4867217866680345,0.6916420718156936,0.17157887875885175,16.930974079012135,0.595399721474631,4.439058658629462,4.151159554857969,2.8111645951904167,3,Yawning
0.335567394670908,0.2635852525204374,0.25540240857107227,0.22512560053922678,0.2381037663972715,0.24726103131830438,0.036177435271184576,12.695257875279783,0.0,1.6310987903317336,0.8521425509494996,0.42930308245809035,0,Alert
0.11909340071175287,0.20891410266964375,0.13307196409373967,0.24784825459253673,0.27546868284836035,0.3763282514773879,0.2039283369765001,33.27074744033421,0.5424287734958011,11.68856253975564,2.8919763665186777,2.2438723711810713,1,Drowsy
0.08981114505418626,0.15297780455304447,0.0587948345210776,0.18410274218165246,0.18549185585840083,0.23532477920635853,0.8699128088297077,8.49386999049333,2.670579571103448,18.624591779867888,9.9104373167222,8.855953693046331,3,Fatigued
0.31554329076161153,0.19021945928851886,0.11686493380324228,0.5807487937849944,0.4793482980835039,0.766296143851108,0.08638562609905423,23.203213073175725,0.7568923697069062,5.61316521395827,2.082978692574215,2.9319986297170475,4,Yawning
0.34666610038623813,0.26651352871826706,0.24458955578331795,0.17503882825437828,0.27714117079066347,0.285960214676013,0.027141699671695278,16.833322213162006,0.0,2.7186512062837576,1.8918039619584153,1.1370570252036587,0,Alert
0.23749415958233647,0.2184064917436904,0.13172571303194025,0.1776987499426663,0.20189691235291712,0.30714388643763907,0.38997223247328816,34.71809226392004,1.0785024763735067,4.982215117301668,7.258664455251763,2.92877669084276,1,Drowsy
0.09275496307152634,0.13367389181890307,0.1063153301656432,0.15234464765308922,0.2702540627714952,0.26521853927949335,0.7137646608764961,10.520471808519803,2.5903163228382917,13.0059179122126,17.329892990508036,8.345240559118325,1,Fatigued
0.2584946119030061,0.3030990564604957,0.2045691059464816,0.6920241409169503,0.5281832672671687,0.7454443501023146,0.10373547187698923,19.04124479059127,0.5067825758609178,4.805213798032415,1.5574242962912965,3.5047907103978972,4,Yawning
0.3430907580033335,0.33302850748929463,0.2624129445198959,0.2524836779899857,0.19975290298813766,0.33436630508842236,0.005374031993256807,14.862977056332266,0.0,1.7436622349497264,2.3005064540807396,0.3385523491672767,0,Alert
0.1872735330436464,0.19707581276354003,0.16734128587413694,0.18333816700898242,0.2413486795141247,0.25336277646058575,0.3482821550414814,31.465887563588012,1.0704855705426366,7.235052012392194,6.625468262385623,2.266108178652062,1,Drowsy
0.14552977061407368,0.13548512373693067,0.08373533528954157,0.20223085338233387,0.21553928788032206,0.26560033418910667,0.66547749470828,8.556727164649491,3.2976147629606136,13.051069165593976,12.363260323859663,6.332352815393698,3,Fatigued
0.18980852637699064,0.2662831806377832,0.15072167497015915,0.6916181421703478,0.5641599854006399,0.7686141086331035,0.24104726254469583,14.010737831482071,0.4986660407239926,6.319661160902587,2.377534928176933,2.0546204834026565,1,Yawning
0.36925082060892345,0.3090547069474198,0.22884095364646664,0.18398474559266728,0.2149921286033633,0.30130380437482207,0.05557571766835414,13.265741646759553,0.0,1.9755766671727177,1.402434742350067,0.31905669532462444,0,Alert
0.19776699712699863,0.22241344195101356,0.14533103002799763,0.16658622565159595,0.2314059355301789,0.3505292872641912,0.4419683443584349,33.175667334214346,0.953821251614282,10.793565212522555,3.4980080531551154,2.4682748909294214,0,Drowsy
0.1215005405250216,0.1524410786900601,0.07379308768088029,0.24578424109972646,0.18996014676072612,0.506358648017571,0.675141942602235,6.205225787864644,3.327559178645704,11.274183472355716,6.498666276214697,5.952338618113588,1,Fatigued
0.30516277750140575,0.2675875267887302,0.18138199270383787,0.7509213930055244,0.46569040465813244,0.7900826674813876,0.07411337715545577,13.00039162117972,0.5570310207025119,5.379124746376463,3.899067086115046,1.196069022396827,3,Yawning
0.3152626322590034,0.33777182242888365,0.2846032262691429,0.23344244204638095,0.12058241360307476,0.3091817106654326,0.07013323022899597,15.010073008334706,0.0,1.6548571264389689,2.975853283354443,0.20030878064864996,0,Alert
0.18687002990591886,0.18627329809557255,0.2179311392970315,0.19398516223719892,0.19966872983124867,0.24393775627056774,0.22750980053342906,26.72740927656844,0.8180153533076184,9.858174457477162,2.0200781722578753,2.401932299612958,1,Drowsy
0.09981652320749512,0.12898176084343627,0.0413264339778488,0.17963020841768126,0.1971768768129133,0.39095739418742875,0.9299844735800901,12.863450144155522,1.7235275057806487,15.098873188343783,16.42853799830814,9.613124156039872,3,Fatigued
0.25611601730386707,0.27162956659362714,0.24552682960551223,0.6534730700589474,0.5870884357168409,0.7097036415461487,0.0740677524069992,12.610289642921568,0.30727248919299965,3.2571235619862953,4.8290810519333025,3.4786170873818976,1,Yawning
0.35261512743969564,0.29858507412501045,0.24335288853791542,0.21885662225545618,0.18343330867157087,0.30531727271022047,0.017905409185809847,16.44369307472096,0.0,1.9823498371042578,1.9502155195945279,0.31893288861708136,0,Alert
0.18912394924701914,0.2216760075231258,0.15630497308368027,0.26334438615621886,0.19448330624013413,0.3252367649319065,0.32253596392120965,27.45377034024628,0.6078030270082609,9.78736090950868,4.975254410472624,1.2431386477229438,1,Drowsy
0.1312981508423287,0.1706094684087166,0.08302738949140753,0.28313984928952446,0.26178669777273555,0.47101325265121496,0.8957971521229393,12.339099189537016,2.803150780451037,22.758733668876296,8.18871191931935,4.101384617917682,1,Fatigued
0.2132441493703312,0.2477245694742918,0.162869221943342,0.7275495047138536,0.6124123556934198,0.7424197301137277,0.051029034150942953,22.6593099263053,0.1829001292199388,9.360909164885575,1.004480445920438,2.668545205119271,1,Yawning
0.30322859057292,0.3100682950235682,0.276355053917521,0.14042427761402776,0.20073926295285754,0.2835982459250716,0.020784286485132784,17.608068437195335,0.0,1.8499634492896386,2.4496134878778593,0.33907483047504594,0,Alert
0.20748151051132266,0.24154906559526948,0.13714113402839145,0.23116086103081357,0.23823689529149616,0.3293304561578179,0.2307529183972038,38.74456974472902,0.9503085778406507,4.542696472841375,3.8057814016808975,3.1245162659358447,1,Drowsy
0.12298027999293507,0.18693612080173935,0.06826903822957314,0.33554022942293926,0.2841466777010322,0.4535249765033279,0.7034449041622487,5.65626144574013,3.5537823685186023,14.321169997058318,15.644213363642217,4.7675612478186755,3,Fatigued
0.19196025792244986,0.25780521369911213,0.15080522487036743,0.6657807742810076,0.5889181800832577,0.82898471194053,0.09415392255775208,13.070953593005955,0.5443994416597705,7.5815784999679465,2.0930381079928373,3.852590686751231,4,Yawning
0.25459682696585795,0.29866661174979786,0.2832697091606252,0.16282671223590905,0.17659095038429287,0.305607592948285,0.06944982507924248,18.57908848242697,0.0,1.9068757158584566,1.6788311502562818,0.9062026475269456,0,Alert
0.1874323964225436,0.2003645347403032,0.18879558415099046,0.12074820053739194,0.2354150557919664,0.30715948457904835,0.4902533790841333,23.709177493533087,0.7696778326125284,4.009854681331407,5.589963590734562,2.8219193447880135,1,Drowsy
0.08925186409829942,0.14367804263126946,0.06518335184064596,0.23928554843050154,0.17634381410014846,0.3838820637521693,0.8690236402548752,8.103619589235738,2.638050372704503,8.197549178437711,5.941809541329265,5.747454894846793,2,Fatigued
0.3086062003548702,0.29226253765571397,0.23759392414118752,0.7476810835737016,0.5305986272628275,0.7538082841451481,0.1464712763103183,14.734544538945292,0.27681325411587165,8.430633150550692,4.7649500169295465,1.2172488164390245,1,Yawning
0.3025846785243821,0.296360315040044,0.2399675998021017,0.1887559882845618,0.2539305958054857,0.30563371445068044,0.06404693592872664,12.401802930937722,0.0,0.9187064556476744,0.7614196008360006,1.0273593244067278,0,Alert
0.25435940372404614,0.21715851457383537,0.15179789454151033,0.24725780321429144,0.2026161017778979,0.3744504990892387,0.44444753412395366,21.6022969276935,1.115853324848422,8.38073900922989,6.903786619774962,2.3569548535549005,0,Drowsy
0.18056944904257494,0.14079409111612307,0.11464430504971296,0.29375414105179815,0.33474236511916766,0.32455768508003,0.6816069751258649,9.70182592696665,3.360697663987389,22.82115724254306,10.637519341433055,3.3056316039515283,2,Fatigued
0.2802396443983814,0.2100776596962148,0.16626507381842479,0.6789160361562032,0.46781810921889605,0.7120660546856077,0.13367995773353053,14.646517644449155,0.6723619250215469,4.219353356047776,4.843122205947908,2.247722098440822,4,Yawning
0.25407005415072714,0.29196798507928856,0.22876386277209057,0.2800694841012054,0.19683824223688023,0.3512331685186657,0.06987385904653284,20.8084223681351,0.0,1.5543023171836385,1.192069493087629,0.9700554271713708,0,Alert
0.24429621049177688,0.23760182708294902,0.12123311895471413,0.23583214133749636,0.23482090558848218,0.33303368829119534,0.2539049326610726,24.750866498477553,1.1771160752333116,5.447815621675918,7.126310560217474,2.4768335693441044,1,Drowsy
0.12400180454228894,0.13304953013820378,0.11084511892096999,0.33022485441808047,0.2125704965284662,0.36653149264811186,0.8108492982121751,8.121480566964472,2.4976148653427774,22.585766316685998,5.117395253684153,7.118888433384238,1,Fatigued
0.22932187044470279,0.24719552183226237,0.1939832058215267,0.7596438868289823,0.5145218070944781,0.5938251822877245,0.1838780802918723,13.894835387181772,0.3595470681709902,7.115190597772709,4.794333419405735,1.7575833462262578,2,Yawning
0.335412370299551,0.33445001829773763,0.284290185706107,0.19641909559008378,0.21087966866753508,0.3319495401577519,0.06946170244106069,12.470094520441219,0.0,0.7797990484943197,1.174374028792474,0.27421291291610933,0,Alert
0.2218288863091094,0.21103891771614597,0.1619792023164674,0.21677133679565672,0.22235905570948272,0.22008996577339462,0.21247185771511765,22.966864019241775,1.1893040983670775,11.720949571488365,2.029639885606458,3.855435356269717,1,Drowsy
0.1320326071828649,0.15800228949296433,0.08296063516319374,0.1562851139730685,0.25711482708761546,0.22472665792396346,0.6002966047226596,6.327146538192774,1.858855905098482,23.97693646275631,14.527685938437443,4.136673262636246,1,Fatigued
0.2710627661037971,0.2504785938796473,0.24292349381641254,0.6668831296318464,0.5828329562834202,0.6766272155843172,0.21762305792962205,24.279984853162304,0.5465984226317167,6.480223348058991,3.4713889608048554,3.6067149534361547,4,Yawning
0.2979389556896433,0.3155806085092508,0.2723605742196724,0.20564146623290258,0.21517819509601174,0.31961413644150033,0.04617481893693985,14.182884006903645,0.0,0.8982186131070129,2.0123848067263523,0.6135450197035553,0,Alert
0.1899647748092976,0.21412381964058652,0.12186984291660083,0.20693184020088698,0.25669570316279977,0.3547116705242992,0.4777024492642135,28.763446928239752,1.1211005196707555,11.023129272330621,3.903174300592392,3.606701876621713,0,Drowsy
0.13361499876367902,0.1294265133374183,0.05443954833127248,0.1578129642205971,0.2045934600400061,0.4431537089293785,0.7294774490490122,7.375441308743275,2.43312947907335,11.863583663473575,5.951547008989767,7.224140153669645,2,Fatigued
0.3107670873017252,0.29093211384448364,0.32567867909151194,0.6826421634372638,0.4521595979550842,0.7636776777254576,0.14533909500823183,17.126749209638554,0.4395313907443627,8.228130012950759,3.8619636283970977,2.563702397456003,1,Yawning
0.33276785769360295,0.3156238284793875,0.2620840220790375,0.1974962748840191,0.17738106233399972,0.2687729969253291,0.03886974073490605,13.081318812646096,0.0,1.2121822549048071,1.2682249123157163,1.2439336671824623,0,Alert
0.1426369051674542,0.21793677331697608,0.18543552687768744,0.25092332756710106,0.20190029304334864,0.24065941422024556,0.23656582800108428,23.622986990693605,0.9448942831719862,5.451506781565016,5.1509803020023615,3.127138785167298,1,Drowsy
0.11299614480861703,0.16056650868420563,0.07712308458176073,0.27981044042262604,0.25908014877580293,0.21338523811402352,0.5949217377644878,5.025840148449824,3.094963014483244,16.757977895673438,12.716001398600913,8.556206952663615,3,Fatigued
0.20389578912801226,0.3224873022956082,0.15024547058434862,0.6245675841763274,0.5068955640658482,0.8215939501555554,0.2145228637027357,17.508597297433916,0.5340399194331764,3.668747196842677,3.495437298706292,2.355303036211687,2,Yawning
0.2965856061284826,0.2982788579625875,0.2583948190758491,0.2437308362183972,0.16064479615507496,0.28577000091269567,0.02498174288390368,12.762954021134439,0.0,1.015465411296066,2.094901983289925,0.5339490019394293,0,Alert
0.18358714107838697,0.21327146671177308,0.12695522714269267,0.1923647835085516,0.2701683770826055,0.3661466091104704,0.3328150900338581,28.91581829154458,0.9796134811188945,4.1265687341246595,4.046540146845324,3.4561211713576983,1,Drowsy
0.14706949237555828,0.18256793246257075,0.07241744518025026,0.2298209819948819,0.21673276344205425,0.28911459615842794,0.6406625608907952,8.549963058319374,1.6735596068652334,16.8240164454406,5.878963326698794,8.60249555475653,3,Fatigued
0.20618526191058006,0.2947204449179506,0.2675854799077879,0.7496460972651393,0.5352094784467516,0.6269571433787647,0.08806497256381357,12.680405385224608,0.3027811387886953,5.540609902921943,4.981921962817028,2.3390570535929265,4,Yawning
0.31289301156380467,0.2963822543592184,0.24018615222724593,0.22517654339547152,0.17255122796651912,0.28325107371068114,0.03602967490065481,19.073959946742953,0.0,1.3689288105974553,2.162279311218045,1.234084949026648,0,Alert
0.16723061705982264,0.20367183100610395,0.17639293099937553,0.2256686765455962,0.28957988619945085,0.3396658919697186,0.226737329634805,35.10540840993616,0.5021707869081878,10.608541042020228,6.692168526022315,3.126234093228929,1,Drowsy
0.12127581759567888,0.1418435382786291,0.05686500659327888,0.16310763370355646,0.19118730491136898,0.3068790844734032,0.7538896987006792,13.252861082328968,2.199258846178698,24.020579324737962,16.353376602410023,4.132349479464767,2,Fatigued
0.2700522256322552,0.26995348482492293,0.184606324722115,0.7171177826338768,0.5236847676245623,0.8433042197789432,0.2255948640890139,23.284736971396853,0.644740320094097,8.53021305414943,2.218716556392163,1.2427578491537565,1,Yawning
0.33136814468517634,0.31240451266868424,0.24555637384146056,0.30516850525201095,0.2273712384188861,0.21609152320906366,0.011135841969402387,20.77913952751247,0.0,2.573331012853209,1.2938286196918427,1.4386367858816826,0,Alert
0.21530837031596214,0.22995625436528055,0.13818438433081076,0.17793220447601193,0.17256227287241557,0.32180550876650643,0.2239896183077906,35.534472609433855,0.497628041699516,8.754326004494198,7.618695043301964,3.628315577794128,0,Drowsy
0.13849898255320472,0.13413436212332652,0.09080225423366253,0.17587506894392385,0.20133931896260027,0.37503142786295385,0.5745398508442673,12.807615860684399,2.6495010594233004,8.988784523593088,17.933262123206973,3.4044639269745662,3,Fatigued
0.2354638934583624,0.26092590940535615,0.18447292725835085,0.693633297790039,0.5596344388629919,0.7502436816122732,0.21279405390120376,19.99785269700314,0.24500289662928934,7.367270854041469,3.1081658556466065,2.2782501516711147,3,Yawning
0.29702403214902945,0.3365415620402733,0.23454350775876986,0.2538162476244669,0.141680377115446,0.3879885656167804,0.014150971611508353,14.64494512402757,0.0,2.9095556887058773,1.1214506442873553,0.37394485716333536,0,Alert
0.24108322929272313,0.20231935644239718,0.19247724866130583,0.25176068294164533,0.2337261203844469,0.26032015448395024,0.29705011847344215,36.68606731909535,0.9034390448085889,5.590850222202367,2.387700079064517,1.1278996278610982,0,Drowsy
0.1335874110524246,0.1305386211823689,0.10393143003328983,0.2320735213486515,0.2389078184196027,0.29400392245560825,0.6100194658775937,8.2467592689006,3.3433926934694993,16.09230819926903,9.886547706895001,5.761333949990247,2,Fatigued
0.27978382993284395,0.26650028370503187,0.2186018184406073,0.6933322262850811,0.5695106077917439,0.7366620773530529,0.10061168656015691,22.15521550922995,0.6601057567429631,6.468164724226872,2.545395639393262,2.350373297259279,1,Yawning
0.29078519695692445,0.3133679038495049,0.23617419721424388,0.20250741587547494,0.20265940092194037,0.3488851442273988,0.054418222336668265,10.50007480722861,0.0,0.711980040114508,2.2908084701567057,0.2937096367982754,0,Alert
0.1595862113141091,0.19056771922978696,0.17601241723833277,0.19372422884114418,0.18859267051954182,0.3468326376263643,0.2522328006002253,21.967912994267948,0.9282421757610705,10.114981297773888,3.590278569950024,1.0628348830927385,1,Drowsy
0.1584552461115001,0.15069705752783533,0.06632812399670153,0.27547667886536875,0.2315465565779603,0.3429559484507024,0.9339306072303716,9.782552945759237,3.739536493429705,13.477663558558682,6.628036415626752,6.320352769343497,2,Fatigued
0.31822474760324465,0.32397814725057,0.22983205004241616,0.7274743338554888,0.49877580791890536,0.7787367520366273,0.11765350119889968,24.065087324238647,0.17969248947508154,5.605169166862593,2.728307531776784,2.3182149690833564,1,Yawning
0.2946564833334931,0.2947919985133339,0.2642114006791693,0.22049998208886068,0.19037675501281165,0.2798959332956393,0.07939323203915762,18.05745921873572,0.0,1.2923061933623623,2.6981716499945954,0.5359611063793636,0,Alert
0.263868396672368,0.2237735604737085,0.1511748712937,0.283964893405975,0.25374395933779575,0.2800302961919282,0.2807993894906075,30.791124409910104,0.9823577413845945,4.863549717171715,6.11178809669524,1.275612663130134,1,Drowsy
0.13091436550796995,0.1201612770705725,0.08988886828167238,0.276180680958889,0.3320164034178788,0.41452598378630223,0.753344218766512,7.9754845131882055,2.9125549821475403,19.71105013485154,16.353197906190502,7.454039477854737,1,Fatigued
0.25446176064064907,0.23327105291131905,0.191639069708559,0.6119583636632561,0.5151685930117167,0.7970862723536488,0.16101698986045726,21.52992684838577,0.49278836020814326,4.316173142307913,2.4215382747429577,3.3513753534561914,4,Yawning
0.34590684855407244,0.311661610285641,0.26624983360514276,0.21277332758773546,0.2232149823092684,0.3248870011520674,0.06050117263131621,20.103644457960506,0.0,1.6757976352544641,1.7551255337211178,0.3621282739848076,0,Alert
0.246912068481494,0.1849950700375936,0.11967573029008513,0.24686989164309164,0.23181735919708457,0.27624872961718777,0.2005639650574732,23.567451686146597,0.423257104275163,5.335080942838967,3.0879156795530314,2.1630207842511826,0,Drowsy
0.1134442556232266,0.20116398571336505,0.06871504802685223,0.24922756515985184,0.301684398102715,0.47036557328954737,0.7742640377664683,11.034876665964548,3.1911698430659055,21.684812994573086,8.507669361666785,8.775345871260434,1,Fatigued
0.220306286405006,0.2815765314925298,0.24270397203249963,0.7478663600301064,0.5548937820990619,0.8545245969411478,0.12469251922883469,13.590897845227314,0.5884044851900301,4.65100319400581,2.485688007492183,1.1876266806921052,4,Yawning
0.31569543508637393,0.32153516132386145,0.29723611567339264,0.1569323932309948,0.1895116343966659,0.2904665189078592,0.03279239117570306,20.077627427627405,0.0,1.45958237983261,1.9296806780679663,0.9641001691208577,0,Alert
0.1853345173464118,0.18760765133421978,0.14422658740733613,0.14926242537748594,0.22969503142554346,0.3126198706850666,0.2777890276597321,28.593136254778702,1.0981842003876814,10.73546853433447,3.1166085070776637,3.407929929387131,1,Drowsy
0.13469134368754834,0.15663943467906966,0.0702648598298143,0.24709175835714517,0.22903086571781875,0.29004123454099173,0.9190492232351158,9.720604341969983,1.5335065660804141,12.806676722838954,5.5797338088485,3.254013358294515,3,Fatigued
0.27420089817686066,0.26336660714134497,0.16638874277371485,0.6061735848218535,0.5317701491208271,0.8754483835774568,0.20534211139103625,12.849760048337009,0.39005695493870746,3.2352952012829785,1.250612813821418,3.719312360033233,1,Yawning
0.27058726558941903,0.28809396769860285,0.25662406426595713,0.20443824384272175,0.22360908696664988,0.24435467965594057,0.043865646698113936,11.535858502403038,0.0,2.7053390357051503,1.483619616408979,1.2762288879188246,0,Alert
0.21627391584500713,0.23508713737145426,0.15225035493184336,0.2198120238223931,0.2333800028400156,0.28483642387182634,0.2573572104394367,26.76526210664697,0.6469589946985562,11.576287901909783,7.804137066729651,1.5490463327041815,0,Drowsy
0.11719728649352938,0.13916330024662715,0.09265923503019653,0.21752119808873593,0.28070004916336727,0.5097909410071894,0.595907548747687,13.60139693349435,3.3070357580212093,9.150362152300026,14.201856263986993,6.804767521398523,2,Fatigued
0.2820527889904417,0.256943870141491,0.15618617744572333,0.6625815212409243,0.4825424443476502,0.8020152304584603,0.06951250204785996,23.20582980925554,0.36812981159075175,8.244985988870436,2.1623502392254204,3.3609104047529987,2,Yawning
0.3045131067668548,0.3374975283829637,0.2470807164175093,0.16803231973398985,0.18551769433453905,0.24186685566965155,0.0605401204550908,16.23263031404725,0.0,1.0122031853767814,2.6945751953801023,1.343456411436988,0,Alert
0.18918579787386214,0.22022831001859908,0.14952415804193273,0.21872326021426552,0.21816869723590013,0.28320707753385826,0.472766061758468,30.774035959054284,0.7982500064274322,4.843789599653045,5.940680628345764,3.4663094818006766,1,Drowsy
0.1261860567504401,0.13245629598756598,0.0694542811151956,0.2143835162788848,0.22969839119753005,0.30623271823341564,0.8529927539157669,7.7644169058339605,2.280872754713784,18.9254691804312,7.545930563629946,9.278705512964741,2,Fatigued
0.279389312691779,0.2446093003502738,0.17425800670730152,0.762396865406493,0.5299134800736076,0.7177081229406402,0.08684496784760523,23.621866230102313,0.5234340418599696,4.06472998255591,2.761293673473396,2.845894075209406,2,Yawning
0.28421979148902066,0.3328477028794825,0.2598182685054749,0.21212491846367373,0.2110256690752811,0.25535117786373573,0.025840895870897107,21.96493788497994,0.0,2.949456144636305,2.140335045051452,0.36877438363723286,0,Alert
0.18189733103720834,0.21554125500875024,0.12428010279633932,0.16971154900569851,0.23451318222855536,0.3082292189043389,0.23322453359568746,35.19164820229264,1.1904524533222192,11.21036808619719,5.910007512238556,1.9421823849781958,1,Drowsy
0.16890983639683327,0.14954263875402235,0.06001395535410178,0.2147612539385891,0.2736248010601821,0.38280401409208276,0.5902549914094134,7.398741127559447,1.8549299744024847,13.915003996896832,10.854562725770364,8.241784358743146,1,Fatigued
0.33775507572434416,0.2213126625764648,0.23182812566798972,0.729493114998452,0.5213798572052224,0.8033160253370711,0.05622311998347154,21.61083155714205,0.08507498100461969,5.204437120290773,1.0152685364973886,3.04500844720486,2,Yawning
0.29793799766449985,0.32048529355286337,0.24981609519029074,0.23110124963259776,0.24127598519551868,0.3205018400421535,0.04101238025160424,13.663728120360776,0.0,1.0316109409277403,0.5829733864060656,0.595130321612941,0,Alert
0.21541723548976746,0.21359163563879194,0.1505189029782068,0.23956748520590654,0.2390416440568531,0.37548499209781117,0.2780860572698009,38.143900614116596,0.9365858495246672,8.48352504784352,2.6659368152808867,2.3411666314192763,1,Drowsy
0.11283108841647803,0.1235798700826966,0.07523443078600833,0.1893131004292068,0.23609107787716324,0.43470256255588735,0.5572000355780861,9.214440415792474,1.5679375402271103,24.426137982015568,6.656901472497297,7.953818284314331,2,Fatigued
0.2678390013545841,0.27950938253320223,0.23554651014203842,0.6378595653876008,0.5895628351712171,0.7190818626198421,0.07251607808238741,21.147917706990345,0.4325587813159283,3.6757412913680856,1.967575313035356,1.0372121088319444,4,Yawning
0.3348988651921412,0.2989432993075764,0.27311220796505786,0.2611089447809506,0.18928692890576782,0.31177533671916713,0.027232467467965177,21.868340300202085,0.0,2.0654404289828454,1.8282913014201478,1.2895978386175018,0,Alert
0.18325671926882134,0.17615762222885561,0.1655705407068342,0.19261927151132124,0.2758205333761162,0.3629655048846723,0.27569217495182197,24.404506027546304,0.790699703186351,9.900525992742615,5.1514385451209606,1.097937032637006,0,Drowsy
0.14959849519748614,0.2037506873139392,0.04379935193454842,0.20560330665814108,0.2989622420995232,0.32887921550879157,0.7907693724060526,13.925232899548462,2.6084500359479694,18.320522838218817,13.206998190195854,7.1418801361442785,1,Fatigued
0.3160626295006131,0.3032716214379476,0.18549048346062208,0.6397920431515014,0.4962400715911299,0.6755295044645276,0.14457942656218098,24.789924067120694,0.21516715666117686,5.848803367439848,4.565920062494027,1.008763097864086,1,Yawning
0.2916469272728414,0.30925926405903176,0.2514139555096548,0.17230316080504576,0.157810476089845,0.27667577709485225,0.04886240568606146,13.368198586191692,0.0,1.0174814460960668,1.7914315711149476,0.20715753890854707,0,Alert
0.23253438749219213,0.1984493981298489,0.1544043840866711,0.32923468932894273,0.23132052108289688,0.3109755105534183,0.3191045123711575,21.74185533591543,0.8936532128942409,4.910707147812811,4.0713388568101525,2.522235816153427,0,Drowsy
0.12807789099614508,0.13819449033280434,0.10961136111083777,0.20453248560319665,0.25375379292497197,0.3961338417934684,0.6532693016764677,11.746078529162162,2.241819102760225,20.2132969069185,17.402430658605525,8.049754157744019,1,Fatigued
0.24067755793266243,0.2744037903595665,0.264488825130217,0.7517471452692426,0.5338881611256501,0.6787046219667769,0.1412473017911084,16.797689282891916,0.09682000038815444,5.932634531312328,4.004712191233672,1.2130229935997665,2,Yawning
0.34403441560252956,0.29375190002020474,0.2956415663612296,0.15739261263666218,0.2242695654509893,0.29221279118188265,0.04789539218552779,16.025843319543842,0.0,0.8471783159912925,0.7893440166967634,0.4006180348680032,0,Alert
0.2135489810494879,0.1885020188538176,0.1462973626892561,0.2874655674321738,0.2367630935368188,0.36587726033320606,0.35974780983114396,28.977061433494164,0.4675139044356339,7.1949499871575275,7.460807820692805,3.424067889719659,0,Drowsy
0.16797123522594104,0.13267650303571,0.09938914401053474,0.2613597180935842,0.21415090760624786,0.4565186535565707,0.8191866489577729,7.753811742554185,2.265783746945532,21.412747718653485,10.803453713220568,8.588662383628467,3,Fatigued
0.34763300639491007,0.2286441194987026,0.1856390974457686,0.6985702809486937,0.5336543379253426,0.7440071324275985,0.12859484506905827,18.83556378535321,0.4093451092652094,4.159398429197857,3.582962040382449,1.1343353515140047,1,Yawning
0.2810678723616492,0.3013968672881633,0.2609915704096941,0.19354623153392825,0.15761994745486918,0.3285326563674257,0.005736951107812081,14.915546738742783,0.0,1.278043737658484,2.1928015993375234,0.9875130242884975,0,Alert
0.16296953384360235,0.1981507148169421,0.1392078272912322,0.23120644635278428,0.19571189440235062,0.3412030522232045,0.34567690989781935,20.55073439738931,0.8043640943283599,11.712139256941619,4.305240277914802,1.1169880377247348,1,Drowsy
0.12554417342915103,0.16472778940369195,0.04785280685994841,0.19501060686079136,0.23837712693019297,0.279280214631725,0.6020191130044555,13.354802363823277,2.425992465688266,14.371660652290538,11.162083570281027,6.108893992160262,2,Fatigued
0.1984133392290672,0.2254116891014912,0.22115831745570083,0.5168830978395668,0.5609980127262997,0.6555765648328085,0.1583409624820008,21.90472356386331,0.6669199695500685,6.083089452186968,2.209332997405975,1.7780046919512835,3,Yawning
0.31091486514260797,0.28355801360110283,0.2377062927748004,0.2298503882986637,0.20512495695239893,0.33040829624315354,0.013219364035408257,16.99581311397523,0.0,2.999284510389785,0.8763037291585338,1.2617840091553865,0,Alert
0.21893169554064518,0.1969183998037136,0.11293741202444775,0.26242571721944663,0.2519604287962489,0.2882828447082161,0.3384336535661938,34.616360574236175,0.5183873178926678,10.820462255212428,6.265308300093915,3.720828426504502,0,Drowsy
0.13797658894178,0.18538233400526571,0.07276473862326373,0.2540060694484724,0.21338058341239138,0.4023901658416079,0.9008362324072756,14.440420938253979,1.871989923512789,15.865485286111689,17.752835916114904,6.383852051812026,2,Fatigued
0.18907870127172477,0.30785764502141977,0.16377070796549525,0.6276986929080944,0.5142603223573905,0.8599550474536654,0.15225509244015023,18.400231240015366,0.461823223386505,9.059040019371865,4.922957374333718,2.222752625721451,3,Yawning
0.3555256032719162,0.3439065906573938,0.2578669741712721,0.2556170989762553,0.16930316701570108,0.2482229578612528,0.02495192640034244,13.07257078125945,0.0,0.5769751241511196,2.9288326059764715,0.48696913498861627,0,Alert
0.22656376876701015,0.22578268050293357,0.14237000250833187,0.26318174483246565,0.26277809744437347,0.38541120389127703,0.44593934149541825,26.66814644318221,0.9864409518879947,8.228624877777577,6.760364085832086,3.9716380983104003,1,Drowsy
0.1585937513612826,0.16026170840194587,0.09450191573695994,0.26580891435574794,0.2143407361910819,0.3759153526804364,0.8513711689027876,12.68922782107641,3.1463512891751373,21.023970857524965,15.996978715810517,7.295228799662209,3,Fatigued
0.22719034682205194,0.2692791642575819,0.13438933443098738,0.5493953277606326,0.5385371386031782,0.7061248262538409,0.07219961975826297,22.50705773011989,0.7581504207715767,3.5062153268055702,4.820460829166805,2.5677297980102356,4,Yawning
0.28852249447724404,0.3167232009255208,0.25053083812735283,0.2251322770188467,0.16501973332774325,0.2771421737160488,0.05680880451373654,18.002253052171213,0.0,1.0277811779153405,2.6585019171425044,0.7216978314856259,0,Alert
0.1763317769372279,0.20058342046972347,0.1745088807890418,0.23119370643990433,0.17568015877281581,0.33288804414300555,0.21010075346416182,24.292561465176057,0.7328971424568739,10.076891429598373,3.127057115226645,3.1593743600640583,1,Drowsy
0.1956246648812262,0.12419271030914328,0.06702172237455002,0.2494546246919526,0.19578586729788833,0.39693095647734555,0.835581053002636,13.225347943841967,3.5098962688813007,17.392516445934113,11.762208600039765,4.000131729375882,3,Fatigued
0.23218123074713548,0.31671295621872625,0.2222487031599001,0.7449791824751376,0.5105853639701516,0.6269304000825517,0.07054965049048467,14.457513821457912,0.6264133098533864,8.005271031954788,3.3739430519037388,3.6871801777785187,4,Yawning
0.334752947940029,0.292657395685782,0.24683767021849487,0.18785095884893344,0.15962387229580355,0.24722968561114012,0.0674169521728444,13.760175011021717,0.0,2.472331179440018,2.729680362026837,0.7639626454494883,0,Alert
0.19321217386478748,0.22512106644157293,0.13803357179656986,0.29926767225600115,0.26706335812308546,0.2535951868783126,0.41115712749029937,20.08726539300618,0.533562470997759,9.70436840507455,5.998312481469239,3.8981425153860316,1,Drowsy
0.14146764817434757,0.13392045852718526,0.12482269138041462,0.21948592820145013,0.14299142888509597,0.3481897000022519,0.8963280660889421,9.759677310116558,1.7774438114628701,18.78521046987192,15.020148037430436,3.0201687616593023,3,Fatigued
0.24187006363907948,0.3135740260341224,0.2130697905840928,0.7040379487688663,0.5873324286426042,0.6588933505775385,0.14445636083259633,23.442037592979304,0.1725925433411633,7.744692402170309,3.4310084890108903,1.8859044327154983,4,Yawning
0.3141489606935743,0.30320170988461564,0.3093440742162499,0.16030566854037948,0.2300625564977123,0.30068787338156056,0.06256122679463738,16.52566873439485,0.0,0.7496670528404454,2.2201111095900345,0.5144555486203898,0,Alert
0.20529461931087878,0.21164659773434175,0.1597709404661721,0.20897958838126396,0.24742065877654612,0.2725777563621932,0.4632941058952344,20.833136367653648,0.7181180636736288,10.098472256175508,4.729513337045523,1.801757889380786,0,Drowsy
0.14315427216429183,0.1503923331538798,0.0934572247193364,0.2695907066870689,0.22583837156235903,0.31558389362618594,0.5570209453466516,7.9330861078056465,3.4328546847966788,16.80532897111384,9.525242711187746,5.602175064344312,3,Fatigued
0.28364086226239504,0.32973757804930565,0.2142317189971065,0.7414813691319645,0.6257160326038921,0.7643774762478759,0.17122931298669597,15.784875221207328,0.16567593454125698,4.066294499638752,4.597820850184407,3.1304062953941973,1,Yawning
0.30690235719552855,0.27713622377691666,0.2564829119113586,0.26645880662912075,0.20062659464887886,0.2892280362287474,0.07702146802025649,10.90726048740101,0.0,1.4142018706534283,1.0634531700169145,0.45458300937455104,0,Alert
0.2101644380243221,0.19011639815196424,0.15179807670410667,0.2765197902250732,0.229771220734396,0.30152072355414317,0.3907864121491186,27.76331412253991,0.9393042364288503,6.079239833942663,4.0711532509652635,3.7524575293959708,1,Drowsy
0.13903133428823355,0.18490032859975575,0.08331317887137064,0.2208458293223718,0.25798436120287316,0.3619091191603119,0.748924978467589,7.302509207105147,1.6114095586216979,15.065917173660397,8.924917101007523,8.327618142167129,1,Fatigued
0.28618616651632034,0.275539583277138,0.21126940255317497,0.80546714208241,0.5397892200096069,0.6448746153172769,0.16217489267252352,23.231500549555133,0.3850667012285319,9.283722708745696,3.6973959160938756,1.410997189161014,3,Yawning
0.3234358524325538,0.31742188102627844,0.26095922891963097,0.21327375453034064,0.18728670765655908,0.2153054819956573,0.04748487483030288,10.87697874432418,0.0,2.0558581615431155,2.9529445919057364,0.44713994471884594,0,Alert
0.21277661618579108,0.21038295554831504,0.12075539272867072,0.23951489139484297,0.2741304432936023,0.3104548104136351,0.274202094745725,32.81230367097775,0.9332803832372953,5.301597950468527,5.3905118747165375,3.314880732935823,1,Drowsy
0.16413118608144334,0.15699189998720595,0.06901706045908565,0.3034839419801067,0.29467961730715375,0.36399235783911243,0.5684226936759826,13.0807928235583,1.9447203101225585,16.74962149106446,15.507580714227188,4.776747547096864,3,Fatigued
0.25921003625861494,0.2554026032797858,0.16815317181225023,0.7071194948247398,0.5045204666488796,0.6246920213628726,0.23390620493120995,24.912315200498533,0.035929039196492686,8.327055464467744,2.486896265609373,2.17737455868844,1,Yawning
0.25885908959511184,0.30154917779189927,0.28489376092730195,0.12335331281336485,0.23378600261567423,0.26905215615070466,0.07217891227697905,20.52826734646312,0.0,2.935930596698144,0.5687979628510382,1.2917610107891904,0,Alert
0.1758808280357907,0.22492176239079367,0.10743631769311354,0.2483368417157833,0.2705063949633535,0.29364393072924416,0.36899739260991404,28.550036626562232,0.6610707447455898,10.717277245670322,2.8628861018888823,2.2903086295894,0,Drowsy
0.17233152703177673,0.14189179984772443,0.07278217161150786,0.06642850540308085,0.25636112214970547,0.2704694052990556,0.6244543591013392,8.315646990671937,3.637575504049838,11.520288756584538,5.925057707254626,3.4830531482897142,3,Fatigued
0.25564095630818606,0.3010188976949707,0.17388168034968757,0.7770705119923995,0.553790753653391,0.8548307761735977,0.14265873065455936,12.590242659093002,0.23202335491912474,9.517069796197099,2.567295853134,2.640101561670305,1,Yawning
0.28972875762515166,0.3106830483497605,0.23825508122274397,0.15656699484459258,0.2203811984886951,0.23404823859365378,0.05935170615669721,20.181104549086296,0.0,1.5565729925340228,1.257327264101073,0.6228836742299404,0,Alert
0.22590789977739772,0.22159286458645294,0.12619209795250033,0.17458156425207477,0.2637919562511382,0.23399487245260908,0.39830427627419607,21.569116326342478,0.835597567283092,9.674566627780877,3.0039278240063623,3.3418951522766713,0,Drowsy
0.15325838188886268,0.12209332547494407,0.03518652427160505,0.2253101674929603,0.24578378013185936,0.3794885038209164,0.6019765489071766,10.600916974433954,3.4518296330022524,20.044324857377553,7.237159980838372,9.806939993280723,3,Fatigued
0.281380225939222,0.2966296627762151,0.18717329497771235,0.8236169084729859,0.5638042455514841,0.7898194471273116,0.1957962123311633,23.201981749235486,0.21925727147375282,8.64949632706692,1.7809624118259682,2.0360258567346636,2,Yawning
0.281738022953129,0.31908027603433536,0.26623403604262436,0.18204927102045476,0.1787186387732642,0.3550469365291085,0.043944781718408314,13.743808243917021,0.0,1.7062510505884017,1.7666816224568644,0.7034084525315247,0,Alert
0.18802544621448916,0.21599701903541493,0.1545838307026195,0.2699158383243168,0.2216176127591734,0.4661677808659544,0.41185795488900756,30.685811037873517,0.8325876537064834,7.436767548608517,3.853006544044045,2.4467930837565763,1,Drowsy
0.144760565439784,0.1394793031466484,0.03693314160257511,0.2948576355876848,0.22084650175966383,0.29823345415741276,0.6660182127849748,13.714140341908543,3.181757485522245,21.54358375225333,8.256082684302488,7.374118697248992,3,Fatigued
0.2061806065499111,0.29046178525730404,0.18430740925064387,0.6461989812462365,0.5467232395565145,0.7308080866335871,0.08828553609990851,17.35152098593713,0.7479955454710123,6.01378146655033,4.511937987939339,2.8165142998476296,4,Yawning
0.2888903635130047,0.3286395950991915,0.29626687903965554,0.1737027136978745,0.1870328648250612,0.2734671677086441,0.029913683761025087,21.333382992331643,0.0,2.104335993246395,2.1786978716680174,1.021966799728932,0,Alert
0.18920694062632745,0.18347904627835923,0.12759604516630174,0.23041122026331545,0.19108723221368168,0.27214245425524786,0.3296056782783518,39.6073748188437,0.4540020373470576,8.149607955044761,3.076188092073263,3.9120296362292324,0,Drowsy
0.13131624891282148,0.15757332468502822,0.08682254626879418,0.17562404869703507,0.2438504310561353,0.26336662535216515,0.5796168871649392,11.054826692144047,2.7919748478203954,20.582743268944874,13.199106125064205,6.847243879715297,2,Fatigued
0.2635031287581436,0.2818780702688032,0.19666462898902828,0.6948554071792848,0.5618396357557127,0.6849817634465254,0.1747297556580532,20.430562661542947,0.21392162228603306,3.105774789501325,4.860061477817887,1.7526791370733075,2,Yawning
0.3684601287316446,0.29882970515812224,0.2755590954558551,0.3009519916246813,0.26465998244571853,0.24089751498109255,0.017046800694784654,21.268685151606245,0.0,0.5167053230597194,2.4307525379133574,1.012766200389575,0,Alert
0.18489736840019508,0.2071678037968838,0.09852620225161726,0.28163143247978994,0.2220864426327173,0.3561294250810053,0.48189545338805245,24.409673869466083,0.9805807282912826,8.937992166789805,6.436449378987871,1.6440035919176104,1,Drowsy
0.10406826787257459,0.1471814417144476,0.08633080653217264,0.24948304385317102,0.17578139641123813,0.32365964294772626,0.7237613276026439,12.23447817850001,1.5226354039509276,18.020717821239852,12.972791903535928,7.4638177282715485,2,Fatigued
0.22169167004441048,0.28949884698461664,0.24237922120693356,0.720997321295231,0.5455523736141974,0.7306280619340856,0.05316263924659242,13.002887191014564,0.7289346281440633,5.484025815223035,2.6990861217002116,1.646033144147658,1,Yawning
0.2925984027588987,0.31478809001070757,0.26999370220605867,0.21888009083677099,0.20227865803748263,0.3097072967343889,0.01602256142941007,17.401403294230494,0.0,2.3572037341698477,2.3447934833850637,0.8778837314169441,0,Alert
0.1944487783201759,0.19760888649956632,0.14461495748234773,0.25065869472446384,0.16846617712575218,0.3342434321745209,0.3105346759749737,37.90692178306338,0.9331704380214686,10.299096214018663,4.726072538405931,2.8907416583684737,0,Drowsy
0.1616399973630629,0.158721639102545,0.14520982161382845,0.23735519972919977,0.2553144916648579,0.3212345154970441,0.7177558446667887,10.000801182715826,3.462744285239269,18.18037180135046,7.614283456754677,7.1316286140562495,3,Fatigued
0.2594464901562305,0.2493081667780748,0.18027508710400914,0.7954905602775052,0.4746095863432447,0.8150564149398382,0.08189845250827166,14.086013985525945,0.05639355651451572,4.299526934308702,3.656877539955873,3.645071835530524,1,Yawning
0.30373214539361265,0.3353584426666377,0.25791751691550957,0.23119021985155286,0.15131217257509708,0.2941372346594565,0.05940246662723372,10.919629677702986,0.0,2.681589506367088,2.5702920725158567,0.4808781511181963,0,Alert
0.21684206149543228,0.22212856027380143,0.09841526167684286,0.2779612092511696,0.19298058645316973,0.28163564548874004,0.2955826888290822,38.0711688686506,0.46211262079102505,10.63097021002367,4.093340450250942,2.5647981880340747,0,Drowsy
0.15765404505931757,0.15965375774418425,0.08840188980903682,0.27034252966078354,0.32226174259318163,0.28214669388044505,0.6141461624478973,11.736454174749078,1.9481331393482018,19.797143038672665,7.984776089801592,3.82285910105154,1,Fatigued
0.2847826588871243,0.2823219198980728,0.2584695253413958,0.6928841182877271,0.5724566908288687,0.602919453455796,0.1190459907339945,17.384612032433793,0.5859310918501349,9.171637376328988,1.4859815643510617,2.9039177694621414,3,Yawning
0.31317248438333056,0.27945560155057253,0.23164752131630456,0.2239943719934258,0.19561739535404962,0.25628293867807916,0.018736269674106732,12.634647078757624,0.0,2.899657006783638,2.04075121481431,0.9239419761237246,0,Alert
0.15242050063286128,0.1724015122972191,0.19612895526115348,0.23558456709483616,0.19395121804370902,0.3467314543061218,0.3500338256229881,28.23916190068204,1.0964215730155074,9.05135136974701,5.195024398495891,1.3461839265367521,0,Drowsy
0.15272988618819927,0.14984969271458443,0.08709235136035888,0.23775227066138083,0.19930665372980905,0.3519440864821804,0.8559203889837108,11.788977250778405,3.432466803263967,24.174514488336577,15.094360934463236,7.279356215516528,3,Fatigued
0.25817199075612884,0.2470502415373162,0.28114515697079495,0.7566781222083804,0.48421585083091595,0.8170589503656912,0.051995755331689875,21.404767610613856,0.4285252794780629,8.852823922450742,4.285553451602777,3.5299785033636493,3,Yawning
0.298369654491873,0.29653052954698417,0.28088382177581733,0.3248758758970418,0.1891472033503905,0.32861286298712317,0.038747554103320696,10.160412199112749,0.0,1.5243480911073477,2.1194355823758553,0.22016082981456986,0,Alert
0.17308860708064236,0.19653906309745975,0.13920090066664512,0.1964705416164927,0.23715634198535068,0.2825608205677992,0.45437836512900454,30.911703653382958,1.185365874016913,7.603828571764763,5.080209261349493,3.9676532618732505,1,Drowsy
0.0976638456586843,0.1362256466715417,0.054914022741284964,0.16645456214062007,0.23252912343218834,0.31294344909195276,0.73569540789569,12.227377522388046,3.1418237118040198,20.049016138895624,5.1087278643991425,4.523671797063752,2,Fatigued
0.24441860034878665,0.30155939862628,0.1694750244692937,0.6999143276253329,0.4503710399383706,0.8955711481648952,0.15960647133284803,18.773951476609042,0.2801623928725842,7.742313903764311,4.034007523665563,1.043884776633027,3,Yawning
0.3521010991037557,0.32395806545078054,0.25113911957743035,0.18082028130403027,0.20889726635422287,0.2985273918107034,0.07265827909602583,19.10458385396705,0.0,1.9928882649757547,2.135331842569684,1.355866301122013,0,Alert
0.2559387517046924,0.23219859191760672,0.13722804684189957,0.1713151839058838,0.19036507957238602,0.3666616224157817,0.2606762541573605,26.276536164488313,0.5932005023942668,5.719301096291167,4.549105057208521,3.7235155416506025,1,Drowsy
0.1413784261546795,0.18218148344946564,0.059194165435447796,0.2520212438419393,0.16727038264011407,0.22557522876880776,0.933399134267096,9.310868626232894,2.8733566122568943,17.065273787744744,13.277902321576253,8.23762981932327,1,Fatigued
0.21297621577500594,0.2431479047317019,0.2238891287301354,0.604132159662064,0.5777923775259475,0.6406289754831803,0.10292700538507148,20.605596282320292,0.6519517828324314,8.446176702012572,4.043405323723126,1.563167217076756,4,Yawning
0.33217917522496887,0.3263267831187669,0.251787306160384,0.17970465273015607,0.14900120837950936,0.2696243297625098,0.033219277786723234,20.66156931907505,0.0,2.560817229698173,2.0750996961999553,1.3155565125264346,0,Alert
0.18933528166382166,0.23841042686577296,0.14203972722743502,0.16275108976132502,0.20681564379448567,0.40164270936366464,0.40003157293516917,21.88654852582087,0.9984037890971227,10.501708959144496,6.241027134683247,3.901790762579097,0,Drowsy
0.15270366039960948,0.16224937588027205,0.05966633742847006,0.22779597631628992,0.23842770849489475,0.341930192935896,0.8634953004300945,10.661806912250709,2.281944973025885,19.123814093376232,8.016236344014539,3.100670122504595,2,Fatigued
0.26958355522896676,0.2845247735679886,0.1691772834245528,0.6479411544650088,0.537722694924108,0.7503850645901428,0.23768274877162882,17.392596552056315,0.32186796418986624,5.734155253072475,1.277313321551059,2.91496671937548,3,Yawning
0.3630631534977826,0.30015712969607994,0.23291963283003192,0.17787231266260453,0.22110924847379526,0.28636635781328423,0.07433116160123703,14.102863337265884,0.0,1.8191936655542373,1.0290897464246531,1.4943204423485485,0,Alert
0.21876524050493107,0.2277046296597798,0.1222293213304384,0.2249419078382233,0.27862472301250857,0.29471266478690317,0.4032594841651054,27.46245236844767,1.1533535893264244,5.338856257894248,5.002156677293364,3.0726519296524684,0,Drowsy
0.17825167934071579,0.15709936509515332,0.07289902711255697,0.3039164735159358,0.18716704904484172,0.4841770190477591,0.9294977580598843,5.606049077149098,3.213488358615014,8.424425776040971,7.2286442972370555,6.175052999459838,2,Fatigued
0.2835843818676811,0.2780073622946818,0.2175464882540434,0.6907578273650331,0.5628740442024109,0.827521869889503,0.21675839018376547,20.35350893420724,0.06284626473898172,8.18395306281657,1.3796337650693848,2.7822483417091375,4,Yawning
0.30778157303174825,0.30096681047680757,0.26390049968056256,0.1696687172444964,0.16608153995187422,0.30490844895601077,0.06903974650870977,20.633121223758497,0.0,0.9916339623823968,2.343565214426693,0.5724754136052599,0,Alert
0.20865961792422452,0.21149552535843935,0.17577489677094416,0.2151954542715452,0.2145273700854275,0.29576856179980177,0.220104961325363,39.50686266958141,1.0535791258174694,10.820379369967764,7.627791388603365,1.255310458359356,0,Drowsy
0.11812553139692007,0.17734545612564165,0.07807945189361293,0.17638526326880072,0.23553590676628394,0.303738954898085,0.7619525044354105,14.853038322872855,1.915054559107152,9.945335816410095,5.1131799118130665,4.089000058085116,3,Fatigued
0.21187196578443424,0.23873866763270693,0.18051188315220293,0.6518462945746794,0.5038002360281526,0.6463106668600085,0.18479884162914612,12.81334294885287,0.16840555173227437,8.663165482041734,1.587687694335083,2.027935439567565,3,Yawning
0.3355320764206184,0.3400114273792534,0.25847806462776085,0.15130415524042937,0.17883337724665252,0.3203200778898018,0.024935186281203316,10.037690872577466,0.0,0.9356085041134489,2.6885140628045856,0.7742704391290192,0,Alert
0.19877732450460137,0.21378463959811855,0.11010974953478589,0.25932470531906193,0.18563024286503935,0.2947751757864184,0.3041187105498185,30.94475040841286,1.1934183047833995,9.313613704574285,3.1954757264498843,1.1348843247746534,0,Drowsy
0.1216334981754773,0.16690315942368641,0.07902205633051788,0.16974050765982124,0.23790382197690121,0.45224633097532946,0.7432723453254674,13.382304210818006,2.403509447667966,22.616509471797976,10.288462412372407,5.297631739748375,3,Fatigued
0.24033755365607662,0.2803483500463886,0.21047801397365254,0.5795913800594692,0.5289282278917742,0.9647739390451259,0.17894904971536374,14.98774743536904,0.4421298142213986,5.605212786728281,3.646669038516756,1.4236706301194484,2,Yawning
0.30349734950541485,0.31459422033604595,0.25938841960993064,0.2469213013530283,0.22541354956938925,0.27214689775898515,0.04830807860322223,16.919368085556613,0.0,1.896914861560994,1.4279237900488284,1.2213360345878654,0,Alert
0.19085587731446785,0.22477830942087365,0.15558843379543405,0.2851338383756545,0.2943816825612974,0.43335900975491115,0.3766799224836692,35.03352344045838,0.8987822644154371,8.802251684224295,2.3210867774782598,2.129590863367895,0,Drowsy
0.1257459512501174,0.12632229647895,0.06570905983058259,0.22691474661608865,0.27316519309344456,0.3483600839536344,0.5660236476202778,7.914609134937939,2.0188523405142584,12.048493112316837,16.80964917443188,6.27648337964003,1,Fatigued
0.2896861121750583,0.2999644993433445,0.2548846738628949,0.7285796362946725,0.663240153933665,0.7595602017011746,0.23703441734529868,16.88546520599912,0.5664974679205004,6.329814726076711,3.697598607255926,3.2886800066630926,4,Yawning
0.3142377142026239,0.267388670403856,0.27536414433263473,0.20861586021825151,0.2152480591902377,0.4370495082574531,0.00401944078583857,10.418938631874685,0.0,1.8778999047909302,1.5954465331208612,1.2909345134743881,0,Alert
0.15340603839893513,0.20397005272958252,0.14747536015141693,0.18426027064449566,0.19556215620488684,0.292687048093698,0.31392545687579526,36.02891552445907,0.7136748615236581,10.006157193688445,2.7529177807949043,3.3183142589952372,1,Drowsy
0.16383136024584638,0.15357181034785605,0.051310693163006266,0.18713335914126347,0.22271505162703784,0.44387718446964497,0.5850194656111123,7.8280113067049975,2.5464557138287227,12.972779233096285,9.318672422315181,5.056431343220735,3,Fatigued
0.30833802032072616,0.32108481018027835,0.15618266170821654,0.723685881050969,0.6024109854681851,0.6306184970672108,0.16992551369198428,18.58229402160548,0.28033060000815796,9.39051703342283,2.359080969195375,2.366857469311755,2,Yawning
0.33973775974576265,0.330767553095303,0.23823361025941894,0.1488251801658862,0.19674221087862667,0.2480260618649598,0.02088388209878785,14.12064042613173,0.0,2.5864294756390693,2.838711283818739,0.44145299360674134,0,Alert
0.21921439385602473,0.20618993788004378,0.14972171084664684,0.1740923444073733,0.22255628348901704,0.17044320145496383,0.27399758474162195,29.41920504869467,0.9295309061096092,10.009417095632342,6.523208496259478,2.733673338082265,0,Drowsy
0.11052838838714882,0.1430669327713978,0.10213700364379644,0.23429704138138216,0.2735837418266882,0.29187010210719483,0.8924529996054973,8.567687116232726,3.393661113626794,13.016229937493259,8.885142758367401,3.7494002498793026,2,Fatigued
0.23990899301968455,0.25521734366417764,0.166555720164816,0.5292170912786982,0.5637588477060789,0.8870134170270856,0.1075890685351985,18.40665459892672,0.23995365582161812,7.172573686668142,2.735375691420977,1.493216587236636,1,Yawning
0.26191971565424216,0.28568804008091503,0.26086166016048773,0.18973796077788505,0.2568923721731835,0.2887913729369785,0.03286856734723972,16.726957708012584,0.0,2.856647942416576,0.706835099059177,0.530119103500805,0,Alert
0.19275968676780486,0.21336803913870947,0.13373000117918804,0.1943788217397005,0.22523377884510107,0.2781855940637306,0.26788257524497994,37.91395926398745,1.0268000646762054,9.59764164879581,5.701664164307012,3.59039719102439,1,Drowsy
0.07767007842165227,0.1616448895512752,0.0786805075821838,0.26253277776673273,0.22277141198158834,0.34123640689716994,0.5711061031438411,11.920112559466547,2.6448224860850695,11.850867642613796,12.981613982228025,4.7700068277507786,3,Fatigued
0.2857802510109524,0.27917616165288084,0.18986678675380217,0.691731302743797,0.558450577993445,0.765175754497413,0.08166078002112287,12.673216553526618,0.4458484602514468,4.0922506793798386,4.338363810381088,2.0750039700150213,1,Yawning
0.29646523424773,0.3210348159982184,0.2840052349947766,0.18147354551658404,0.18765720178651993,0.3261560293702299,0.03672992186293447,13.639430690191395,0.0,2.83138719604828,0.7966094143539508,1.413874249901911,0,Alert
0.21008213503777007,0.24914349067279276,0.13919504468872823,0.19944645532628913,0.1855803409705498,0.30437891042524756,0.3969228810501971,39.42301814736572,0.84975104885162,9.718026211551567,2.4107027153961007,2.253000987450984,0,Drowsy
0.176507490183165,0.15139404629463643,0.08152476455363149,0.23101002774242338,0.1910407173302732,0.39054181696366325,0.8225412052965395,14.401831912520827,1.6169646124294212,13.434084939965063,10.69629731666262,9.294822512472827,2,Fatigued
0.24845805216497183,0.24648739436626715,0.26939746303347234,0.6114582324938567,0.516667193230788,0.7663511225282381,0.12905186308623157,14.363125273825705,0.12545016425344455,8.791115048160721,1.1676608668650301,2.257548627706364,4,Yawning
0.36553497825840126,0.3132203577100891,0.2543046604492561,0.17474061069258795,0.22682148791974382,0.2601315670427837,0.0040171545352364205,15.57535802570765,0.0,1.4490419111291757,1.2914668997716279,0.5714094722581939,0,Alert
0.1918453909016104,0.19800342246914204,0.10501286318422083,0.13536633739067092,0.22906933915442929,0.3576413606904236,0.20241773100263594,38.8634964592257,0.589715572782169,4.860913478078871,6.608769070285293,2.5014319476001545,1,Drowsy
0.12830234533300314,0.17437941579587327,0.040977962719227504,0.247179396825258,0.1672808309845138,0.39558273772905006,0.5657077656966609,7.71998605344356,1.5159476085164767,24.632031379966563,17.55471372765672,5.766087082306136,1,Fatigued
0.27806442730905023,0.25903388148725487,0.19045572922974818,0.7829251857736488,0.5313780173084759,0.6724856521401135,0.17386869082738227,17.90724100823939,0.624151414786396,9.983359755759698,1.7645283537955874,2.378952458978717,2,Yawning
0.32330505161753575,0.2869626323082645,0.24569956263939516,0.158856938979755,0.13255571339623512,0.3304527240740019,0.012818048078120503,12.051236829050179,0.0,1.5453619704069992,2.393207445688752,1.3673540409021252,0,Alert
0.19417192604064443,0.19488416999683272,0.1714612137924969,0.2862162845235318,0.2054931554846039,0.289391654142259,0.20711232609335553,36.698944113888075,1.179752476838841,5.083676294357526,3.388851282591789,3.605228571840802,1,Drowsy
0.118357062787012,0.12222029727655084,0.06617251005172128,0.29225672741921344,0.27293237808416737,0.2870072455464347,0.6956451100041998,10.662150157526167,1.5156436775661755,9.05205692856808,11.959783235361465,6.962501525137156,3,Fatigued
0.26158362119111794,0.23684230736548303,0.1535227003337502,0.6552873974715385,0.5080004923856902,0.6646044523562759,0.10187768014863925,13.138686866277304,0.07193299588776184,4.352745906639177,1.2022367518381558,2.8793710590307815,1,Yawning
0.22279035342035075,0.30250355886756386,0.23922912358312057,0.1347489673815622,0.16287720085332283,0.2843763388733188,0.04575967026268742,19.665187951599837,0.0,2.4004023244753974,0.8847497617344342,0.3940243106639161,0,Alert
0.17580911908591096,0.18308833199790067,0.190942787190012,0.1853971429131549,0.26703388393589417,0.27702499800999114,0.2580306028869448,32.830089625125034,0.6078625103522396,11.08868887050813,7.374139665599699,1.8918616128439796,0,Drowsy
0.139151864168955,0.1339806480620804,0.08560783942226628,0.2581020072929526,0.24573375530383557,0.2822826201792383,0.592236618390656,5.452946436130775,3.1409646484619183,17.097589672565956,6.066307907749121,3.244574724841919,2,Fatigued
0.25780075426796406,0.25602533763241175,0.15864742119277,0.6809981639468374,0.5222006581098037,0.6672273903650453,0.20233517524273253,18.592071512783466,0.5103214996423693,9.896221885634723,4.072021741252838,2.3030844944236533,2,Yawning
0.2549178403749238,0.29431018713515783,0.2828921256410018,0.2083885319678947,0.2278413521301708,0.3017131340508271,0.04449525541040093,19.354200417088762,0.0,0.540500993348668,2.545951061948838,0.2521805168109765,0,Alert
0.1714305085778361,0.19646009723082936,0.1168202166418753,0.25320767247450443,0.2470119576518519,0.3425612659659254,0.2972988132054554,33.52967499041209,0.8753934618468777,8.825200960983576,6.095194757226329,2.726077519387296,1,Drowsy
0.09981191937023545,0.14312047857132407,0.07944568867509202,0.22142642500692247,0.2335575398794479,0.37430243260623114,0.8144562713714786,11.522353531324407,2.1277002591629195,19.057229230005696,7.7603416657295865,3.854051895038223,2,Fatigued
0.24855325453248117,0.2065540111494903,0.19163915601394563,0.7226788061459622,0.5309940936438612,0.7481937647124466,0.06631974400096768,15.361690684752192,0.022281792656859523,7.419627282337757,2.70559342720649,2.6444356081840663,4,Yawning
0.37881931849879447,0.3074548396019545,0.25159282557094026,0.2503077688897493,0.21156297715223787,0.331266368671356,0.0132720819496629,10.296209886695015,0.0,1.4068840009978802,1.8667408207408496,1.291766457864535,0,Alert
0.20790707220606455,0.20345894882491808,0.1664336941783858,0.24807503125231678,0.2462097903068288,0.29513680166819106,0.3843457332534894,31.62390847441913,0.6029084444112306,10.050674156663092,2.4900036551605775,3.7728612123839835,0,Drowsy
0.1663782471226137,0.18469663782454454,0.10330064209678914,0.17772030441927225,0.16119998178324502,0.39252312041107584,0.6038305068416432,5.94418897660481,3.5787958327805587,23.612758215386485,13.447244607935895,3.7240388040233836,3,Fatigued
0.29525630115694285,0.29163406087636745,0.163349035977451,0.7884354240884397,0.6202119225517962,0.7607437197798235,0.2415263292545176,19.354684357972758,0.41156906219191536,3.5953946984246876,3.195491206170399,2.1399372368961838,1,Yawning
0.29690921593845276,0.2618426334614623,0.2440862047400945,0.19264612477112483,0.14111877259974692,0.26421492751206405,0.03811690169915196,13.819649136308168,0.0,1.72258943826905,2.648890992294842,0.9699917823807245,0,Alert
0.17041326541152443,0.238371133727837,0.16528493734185296,0.2682592062166022,0.22568691569303895,0.27036174121240897,0.2770230488929274,36.08191339267186,0.7407501667735515,11.957473321571896,2.5550026276337827,3.341043588220476,0,Drowsy
0.1925814114861134,0.12970481013628296,0.07277074466612028,0.2608223019050726,0.23784380603977043,0.2910617851773611,0.7842254915173208,10.413744209074382,1.7150803925823581,8.96945753806153,6.371284556993464,7.099113787108288,3,Fatigued
0.27520793476613575,0.26461180506641474,0.12974555873446023,0.6942920582871228,0.6443836219638499,0.6212985069436381,0.18058993162756848,14.000953627177765,0.7816253412361408,6.8134055888795215,1.5427532711691172,3.680905760038401,3,Yawning
0.2944252803161893,0.3532801474782471,0.27197478031986283,0.16319045880894492,0.13923745750038563,0.3123569888911605,0.07290713520629045,10.2512094139208,0.0,1.28943287812374,0.6422034944441164,1.1964855110881154,0,Alert
0.16920892377002325,0.234600011454383,0.11105883722747857,0.28513874219089286,0.21146846051180473,0.39952910363089256,0.32368391834949967,38.69459830976602,0.6007032799125602,4.963578719972523,5.507258679556749,3.9079654368525367,1,Drowsy
0.12576332393037248,0.1768056514066798,0.07997706421849073,0.20389660035021862,0.2523234264303656,0.3481768706294008,0.5500746112682653,11.139794562733938,3.041070443429675,15.7765319497881,10.160323648145807,6.187681948364253,1,Fatigued
0.2669010713169236,0.28532588967444955,0.2977833101033003,0.6366174129789869,0.44219571922131684,0.8692303576154385,0.11761688187325228,13.648712293155445,0.3133939604498226,4.138625705738396,3.9374627059688736,1.6264928064837698,2,Yawning
0.28692069926524194,0.30477341881097064,0.2534112172581575,0.17943389933917026,0.2081754747746273,0.2056088178811637,0.054271350840241046,17.113251290442218,0.0,0.870900843223792,0.9302150811315661,1.3424000247307888,0,Alert
0.23186048530386613,0.21335035225060084,0.18122064026399376,0.1582874743172013,0.16026033857859368,0.33302587109268766,0.3409746116100786,30.04981753653864,0.5606167798053429,6.520082979013853,6.748458503041854,3.7473647183623813,1,Drowsy
0.10879810709442282,0.167972969173698,0.09119154123020934,0.1993234825316882,0.235944869749432,0.32043363630542376,0.7565133196790697,10.806452259096341,3.8398431206213988,19.42826168400131,11.25661336585008,8.667725253861224,2,Fatigued
0.19815351521556407,0.3045883365546859,0.21442060859777992,0.5621610889806596,0.6213934632324994,0.6219677150593704,0.05482203868173337,13.513966096262262,0.1016769921747514,4.324985521412066,2.837325763202171,3.2563860986307134,2,Yawning
0.29177936700363366,0.3084555790955391,0.2685168731725966,0.2167282302355189,0.14671964737854795,0.32255763950243427,0.06398266915566267,16.656244297460404,0.0,2.5648307713750405,2.0786469814575517,1.2197271151766365,0,Alert
0.15435209472101993,0.24493477875016692,0.14155351553596862,0.24307175295655267,0.1796786611458447,0.34526632500390325,0.38769523682818297,31.432152989658878,0.5478707183576199,4.47669677882515,5.626155918288626,3.2910768080509616,1,Drowsy
0.1347132608350996,0.17464427912679537,0.10865744862534163,0.16786366393133767,0.20563889844525163,0.398812882398233,0.7892036469314998,8.851026028230297,3.637014446998154,24.191060201942943,16.486341468812476,4.8943399628551765,2,Fatigued
0.26075276198962394,0.23485036958047317,0.2678289151124346,0.831783095581849,0.5594016236947915,0.8318824515348275,0.24195820408097007,12.633033029199087,0.07840614782459286,3.3084610309926696,1.74110740133416,2.6238103328250344,1,Yawning
0.25116017031497095,0.29871210716986596,0.23687365775330713,0.29025089060551407,0.2213965946118796,0.276837520653669,0.07872252114233041,19.55781267195497,0.0,2.3918952256173207,2.2013954044477537,0.41589730803356784,0,Alert
0.20476631362973458,0.20265460586291562,0.169105904800559,0.17180257595087844,0.25442617640781684,0.28357392229928235,0.3241036036955781,33.059458438158785,0.8636952777825093,4.177747856204643,7.93123992227424,1.1242842664581634,1,Drowsy
0.17590585596590053,0.16329854324603482,0.061508717712438,0.16012004152022838,0.22691930729560914,0.33719259323897366,0.6216126549766335,12.975140452964858,3.19386451295944,17.29779089175311,11.176168347267986,9.457039985592871,3,Fatigued
0.3404192653836631,0.24027914637167702,0.23960779025959386,0.713980494490589,0.6216457149967691,0.6607041910912248,0.24232316140923316,21.493163346652285,0.39189638137419563,7.415022111443505,3.9587315910524326,2.8368272970816175,4,Yawning
0.2920772990457032,0.3315580347890665,0.24891889413174434,0.2639662673811446,0.23603044283515673,0.2913178473802994,0.06433324519871073,20.3970782024764,0.0,0.6490433133616476,2.2301263825993622,0.3819835897382917,0,Alert
0.23838556009280476,0.1656636232129187,0.15508234422472444,0.1202691671867969,0.19103005589430377,0.4014583182450473,0.23990293967219864,23.17473526748619,1.1594184849964935,11.036811973694096,7.442251762490131,3.9745983274821595,0,Drowsy
0.08925009747370713,0.12993571619219918,0.09839410586454331,0.2928934263837369,0.26608487485822147,0.35794026964120185,0.6899417536723418,7.438019377101796,3.1397582827459987,11.37983903593585,9.09513659338452,4.572217080524194,3,Fatigued
0.23853107559667885,0.291483320942433,0.17619213076230836,0.6771877418454547,0.4874523029841259,0.8481137731626962,0.19894734556584198,17.36123978608226,0.1566044851244997,6.592225575974251,1.5220182385497592,2.3216174796189843,4,Yawning
0.29405636345922354,0.2786428114926909,0.2669341995520984,0.30046226206337695,0.14479766766482743,0.2787087755580212,0.058768664056842806,10.287355183245802,0.0,1.9620695282644771,2.8536855937651637,0.4267320472449494,0,Alert
0.1732634449967975,0.20876319832078633,0.1655778740988531,0.30482272481722006,0.23738256948696906,0.1944582499299274,0.4689723975407031,23.92588604622134,0.4180516093642778,10.893319077592807,5.462702494327439,3.671975366385527,1,Drowsy
0.16530568730855744,0.1596904069095603,0.04931039737189406,0.28193810719546153,0.2069060400143859,0.27974168727670323,0.6158482052946019,6.811718508500201,3.47672775475042,14.540453800626565,10.667937347417617,7.158346258967678,1,Fatigued
0.33681470008577047,0.2333131494133331,0.20285014999643572,0.5765193899836724,0.5082583073681762,0.676549841326674,0.1300625672345988,22.55425961213494,0.011089708730288096,7.545651741656357,3.6755061241627414,3.39596734106991,4,Yawning
0.28405833596442737,0.28579858559797594,0.2954277794877803,0.21964811754004007,0.23193448260825705,0.30249473166466717,0.070873119639794,19.792948508120215,0.0,0.5473635084358864,2.339794883879972,0.4709194457038311,0,Alert
0.21042995739222278,0.19156989207952352,0.12825560149735427,0.21362658301216786,0.2082159341044244,0.25185442933250124,0.30697139778524574,38.23451753825552,0.4322311565876337,8.097717661416413,6.082876775146244,3.7950939210435064,0,Drowsy
0.13102082233216697,0.15222745203680105,0.07641813429967688,0.25979098905479614,0.26771423023271246,0.3940782527275598,0.8266622607466165,14.656389752668005,2.4838883402657888,10.222194501025875,13.73221517017279,8.105168603340443,3,Fatigued
0.3155665219148238,0.29433265019368776,0.16022893153244183,0.6500028737641766,0.5111832897250231,0.668675129679012,0.17721368407044513,17.17764713815771,0.005451758320102496,6.663850295472303,4.6860535676296715,3.436232833026037,1,Yawning
0.3502429592612111,0.29614490284603917,0.22983624291292143,0.15372086099430832,0.199309254366605,0.2508528773221684,0.008721089251274296,12.982477851129111,0.0,1.2923565544182034,2.5220658087292103,1.3381352455146656,0,Alert
0.2234862120484572,0.20137748860849802,0.1522415854051027,0.24203190289094653,0.23334321423494783,0.2787173158598929,0.4835072193741706,33.65080957534314,0.6652934792862671,8.00463453944665,5.874350260106322,2.531711226185511,0,Drowsy
0.11823036992461775,0.14651207363310403,0.06336237513152251,0.23453837849067274,0.1962353882932797,0.39535407299578107,0.9274296576140708,13.712516273986527,2.2236022374205207,21.314662729163537,15.44218376064248,9.905941798800873,1,Fatigued
0.2938210439954085,0.3045365892235684,0.2221345427509049,0.6506071530564148,0.5377763723175042,0.8945212968529608,0.21981960399173522,16.984162833757367,0.13462287080617028,8.855095347289089,3.1956385265602867,1.5675873771710647,4,Yawning
0.2578183716653262,0.3240921163941815,0.28906564612504937,0.19547746143891878,0.19548606800530782,0.30670643170587697,0.037503190440543274,18.467624756427778,0.0,2.8054798201282107,0.8549856483802116,0.5955144229753545,0,Alert
0.20942094873061012,0.18977155857257808,0.10761613655698021,0.17190335192261164,0.21388477207784054,0.29088462152336186,0.4587489522204756,24.6614562378167,0.9561499729680525,9.037026759508741,7.180907650214692,1.3968638429531146,1,Drowsy
0.09932243949183726,0.14394077246251397,0.080477901939726,0.22679144950423327,0.23756328668916865,0.363288661860555,0.6928769335972179,8.44091617849442,2.801359593262146,15.49130301821299,16.43889014745119,6.538645542064432,1,Fatigued
0.23315698292373827,0.26612264226142446,0.17570831260208636,0.4870308875959667,0.614583252376532,0.7386328099928268,0.15601249101034648,18.083746012214565,0.328567396313333,8.723363648131404,4.5802264159993324,3.5597274075913528,4,Yawning
0.27400907414904074,0.2636771227406225,0.2771602839060429,0.16687214908139064,0.13944536406834088,0.2858025498383753,0.04768400926087602,21.948813424615878,0.0,1.5881556991413845,2.801728501946549,0.648521891901936,0,Alert
0.1577267921673207,0.2018272817492666,0.15436456244639227,0.24718302740642564,0.22448258420527592,0.30558038998498505,0.47864238820636557,28.61071641826074,0.4953125375968386,8.099142565856852,4.092991444751781,2.124474773049993,1,Drowsy
0.10073288302231155,0.16550628421039293,0.0856608964027296,0.2484464495685427,0.22968042779304257,0.3273063138580656,0.8501043176349261,7.7450667350707825,3.061659935709292,9.379791815883147,10.878632228346003,8.173639953950673,3,Fatigued
0.26413752517232425,0.33126228120431234,0.21109433847858705,0.6782176816653029,0.5693249386460192,0.7491126396841118,0.20091387224114732,15.231863499972983,0.4307159834295662,9.944949476350079,4.430122431007694,1.2921006813736633,1,Yawning
0.34416726262223246,0.31220066180095013,0.26622896311649424,0.19522256504225124,0.20346793991191162,0.23534380880199873,0.014793623797371548,15.137862076361438,0.0,0.6535628231495817,1.0598114694914738,0.6722546353185694,0,Alert
0.21158009944879402,0.20900806475950506,0.15837887359061598,0.25177751631995443,0.25675776211267043,0.32667433727213324,0.30179685069671336,34.17798225546632,1.1950271803025376,6.51703127148159,6.044105209303804,3.5329445924571474,1,Drowsy
0.13949074964608435,0.13229502627751555,0.08362125485542164,0.30516390186580317,0.26344663201571134,0.32525517090701117,0.6175240023138258,13.539428821418529,1.533072032263235,16.70026776168117,15.002753532480238,9.543568622449484,3,Fatigued
0.26214091191596184,0.27728812063277125,0.2422214789459768,0.680827521266861,0.6781912447174061,0.6489033364816799,0.19018707300359988,14.525556423023419,0.35776082577315044,8.808748853020994,3.618901393993772,2.2336122016355624,1,Yawning
0.31490216422067213,0.28608752458289577,0.2555871449976846,0.1703100794573519,0.18489487514338104,0.2762150482940285,0.021919047957597745,21.467793607197873,0.0,2.8840815195742238,1.3808176356313482,0.2560301416328213,0,Alert
0.1880696091915619,0.1863193888355488,0.1280030281360659,0.23077179010322935,0.21865320909632388,0.3291250515299607,0.4325703616697168,26.851821656222636,0.9021351017270469,5.536128677920294,2.8761261157817755,3.814192418704394,0,Drowsy
0.15158054347872507,0.16084597538611484,0.08942146561886906,0.2509173216698949,0.24991245118058106,0.4269884183178848,0.8185624290574947,14.26308276921196,3.047920110607646,22.021718115657123,13.954536546669832,6.863554527423266,1,Fatigued
0.27841762030318945,0.26781458498843486,0.23136665776870236,0.8336934096455233,0.5582930278662664,0.8053376864566152,0.1552165036834806,21.871041116952668,0.5701324951892356,4.352120058859029,2.8852330982964847,2.417546328458756,3,Yawning
0.3488818918534419,0.28785686366395097,0.2526898812602947,0.19394803119069912,0.15812632393422546,0.30365396967033603,0.0309445793641504,10.966969747438164,0.0,0.8679081277373633,1.2449430887396093,0.3166873507282043,0,Alert
0.16816119404865557,0.2090907004774199,0.15418751253576488,0.21146111456002326,0.239881774795578,0.2796430008510332,0.3640031794691935,37.68957455193518,0.8431946044025047,8.27647375325047,3.1727480022103993,1.498688086154976,0,Drowsy
0.09127847440634765,0.15858700470844944,0.08001420243131928,0.23122755851352447,0.3068633180297759,0.45558183154005866,0.5718047709751306,8.140438069184324,2.7479973671033298,11.681846155663095,16.344136511316652,3.609765026230038,2,Fatigued
0.18624825666077016,0.24329046455940387,0.19743688943405135,0.7229032727613752,0.41823233073400323,0.7370300819616113,0.23190969460242766,19.396421282664058,0.6097396697453158,8.682647028456206,2.3673961676690327,2.30108299396114,3,Yawning
0.32370902093600407,0.3362580530783957,0.27120030294815856,0.11923923099836471,0.18891407461230922,0.2783356616907576,0.005000555320832865,14.649597565861079,0.0,1.9585537975460876,1.6605098723803167,1.0049656124798014,0,Alert
0.26307310030945513,0.2048758085572003,0.12977249881724195,0.2101068906768871,0.2079763106506153,0.44621982689116113,0.2080602962134806,27.609637709860717,0.48490046839279644,8.250854654021563,4.374666077962584,2.8394557333090535,1,Drowsy
0.15848783714093465,0.1488116963745501,0.11711006629588526,0.2512117372267646,0.226142939759724,0.2533059584538303,0.599379946324142,7.059800358769617,1.5023585381690778,8.667505878027224,17.704689701300083,4.696475865957336,3,Fatigued
0.2197210691279234,0.2606185259994787,0.22601839842950788,0.7147191860005364,0.5492451170309441,0.8078146752964769,0.1901731398250857,23.12216460466634,0.33463288887478876,5.165889564093111,4.746898223413961,2.5470296532312195,1,Yawning
0.3402401201287978,0.2990079083067033,0.22708814771916372,0.26022180767623315,0.23493750413605846,0.2765097594726822,0.02720035088479137,20.435796217746056,0.0,0.7203360774417287,2.4419960930215767,1.3018119229711573,0,Alert
0.19160020094376562,0.18441938527560425,0.15545882964873403,0.186628727598615,0.28552290200141367,0.3485253604177258,0.25894609008686337,24.23491724104839,0.43319786040792513,6.576540281565838,5.358467968002049,3.5738047419919865,1,Drowsy
0.10363639335003677,0.1716592554203822,0.09796279441633272,0.18622886115776674,0.29257180042071007,0.35790016607812325,0.5905519369879455,12.918913237957293,3.52893001087887,16.198658001386242,5.7450340301363285,4.222128958730305,2,Fatigued
0.318321011022573,0.22511402537771996,0.20307932565628617,0.6899258180575595,0.47353042705005866,0.7803640243689783,0.18333713037850263,20.103934357478792,0.4819753363658132,6.428501075917685,3.1146264159571024,2.0033275813543123,1,Yawning
0.33450516128896757,0.3218952982955386,0.27672442157750005,0.17043924412004127,0.2042465233723803,0.18307814003993866,0.06848008599145222,18.999444181628895,0.0,2.512792128290444,0.842112916465892,0.29063525358384834,0,Alert
0.1926300417212179,0.22723269325944292,0.17026706166171582,0.181902590768384,0.22460645914962224,0.3271251911288083,0.2947991423375682,37.04424782403348,0.43274715549947634,4.397291931677751,5.741115171044926,1.1893191073466387,0,Drowsy
0.20172298494303173,0.15754184187484951,0.07800060440366194,0.16021816195551583,0.20958327200754504,0.3423958378528456,0.592464141418987,13.374725196187745,2.0995498805164754,11.314290615476718,11.56384886625181,8.38122991953759,2,Fatigued
0.2206002749673194,0.2759604002864222,0.19683730632541777,0.6336700712291403,0.5211499726292813,0.8056934397727431,0.13434252350518328,12.518992923328765,0.3592628113079007,7.043291564459936,3.283628215008579,1.9972800765230954,4,Yawning
0.33676749147260876,0.31543591370264673,0.24993686191451467,0.1435373537926417,0.22121137682402214,0.38994579737935553,0.02276803058437448,16.206513132322353,0.0,2.620453745699868,2.2129362831944515,0.5770572366313826,0,Alert
0.18055069189568915,0.19351353975874241,0.1114959274134948,0.2120525954820415,0.22549180661118612,0.25654499726484603,0.24937978210987244,21.277595348618057,0.6539110800223081,5.76255278897574,5.091831127966261,1.3071012537496278,0,Drowsy
0.12686971621039325,0.15786614100010646,0.06523885832677218,0.2490625581301025,0.25841086499929217,0.36169054041620824,0.7802661011989679,6.261153223754105,2.954303818683692,21.027902622779088,10.283414975462243,9.158864235590276,1,Fatigued
0.28452236703065303,0.2441578609565109,0.1633641042480112,0.5889211928049854,0.5450098773518779,0.846937943877655,0.18395089024364958,17.230849659392078,0.23840548575500434,7.37834642297263,1.6194302963152851,2.118999506700589,4,Yawning
0.3268940636550478,0.28351826340268227,0.25814034416820997,0.19016484976998266,0.16480191331988212,0.2758083233242109,0.07877235820726716,12.50916837507537,0.0,0.8258828251081638,1.008837184717241,1.1997794731076417,0,Alert
0.250360240201177,0.17176718898696486,0.17933502493407874,0.2110272411648758,0.24578754617030668,0.3239900742029367,0.3163918263193659,36.59131662856737,0.506956523519549,11.48315591734239,6.508539905187816,3.824003178360705,1,Drowsy
0.1880404368824145,0.12851389227547025,0.09121785445363612,0.17733044143879223,0.2054786037166804,0.2526240198391257,0.646902863033907,7.034879945553126,3.88638460604375,23.614867247098804,5.610902513040527,5.371691151233938,3,Fatigued
0.30848634754201326,0.2552056543273756,0.24219436276843548,0.665049133569548,0.5094255275054547,0.6624508161959886,0.2012384468213561,17.118816840350288,0.48656910141315735,6.112014507485999,3.9694797483591273,1.6849937571058327,4,Yawning
0.2872461111310039,0.2905944643212833,0.2891640897677481,0.15346153472400034,0.206692626811415,0.32224736558504385,0.05392302939399654,10.199925654930592,0.0,1.3473619383711217,2.489150576653605,0.3007278659301017,0,Alert
0.21908466455118308,0.17752933231203188,0.14357890115066052,0.21732160386811442,0.22872223290853536,0.301965626526127,0.35238460757192247,35.00661551639912,0.6485722626491579,8.11591681849631,7.141012098339058,2.4006342973693133,1,Drowsy
0.17014076207886553,0.15737476118553861,0.07738525866573524,0.2952470961115486,0.14570663101602083,0.3191030881623714,0.9366824560073842,11.971662542903504,1.7080576655201807,22.670313596321314,11.247279230871484,3.4812773449574124,3,Fatigued
0.24745034890582837,0.2826045988195886,0.17822545673963622,0.7545072738546402,0.5542794589674693,0.5460461555532241,0.21789064684191017,20.460831880299303,0.4920517038862491,4.229704699691375,3.052759566839319,3.1461430515359656,3,Yawning
0.263715903452713,0.3067873776094901,0.25031652097502527,0.16135014720986984,0.19473864632303928,0.2996602258898714,0.07904992607637083,15.822765469184274,0.0,0.9479097957253773,2.7278502294837734,0.798461985075275,0,Alert
0.17083542805392016,0.22964638965510886,0.1370650756370017,0.17568233316340015,0.18073665063769215,0.4167194263954265,0.20813199570086993,35.670030051758175,0.40841057963332283,10.095119155019873,7.359826962728736,2.298519763171517,0,Drowsy
0.15688851880391821,0.1504233628882972,0.07867890002205045,0.31479224588266236,0.27891097586500063,0.35707151913485285,0.6550883774245212,9.722484989451585,2.3108221978424166,24.186446590297972,15.707392731790181,7.963010579284657,1,Fatigued
0.26442141269895764,0.2512105417145098,0.2197625567590208,0.45162986696764873,0.4985888880923321,0.659915683127116,0.06739340405118661,15.941857189975256,0.7732467515044353,9.612951671707371,2.33951316054794,2.7125618088362846,3,Yawning
0.3257133163467604,0.33461120857738413,0.26357310962025826,0.21740337591865097,0.25862891714075936,0.32978611126141205,0.07538971515747317,19.458411158400473,0.0,0.5601030934160945,1.835349240339243,1.0948399350105342,0,Alert
0.176211575080052,0.2237493057953897,0.15342366626398912,0.20768390630917602,0.2044724184260118,0.3050870256342546,0.2886266108941295,21.81118935201841,0.9344026005944112,5.066614530740601,7.111075555033327,3.451573152179923,0,Drowsy
0.08310897080286239,0.1264108067098444,0.10870174798444471,0.22263488555210784,0.2981310190417018,0.34530616045648893,0.7805955612559463,8.420694346575553,3.524946859208681,12.050924399402557,7.916978737397342,6.53152046838385,3,Fatigued
0.24811564211205836,0.25990060186904146,0.20217405914188066,0.5725258426302644,0.6083254491253877,0.854274675321259,0.22450399036587249,15.173918286589794,0.36008788694802374,9.480791621104622,3.6399738005412687,2.1663052385847905,4,Yawning
0.2421612691974959,0.29195619119055666,0.2523800718813322,0.22185094438230665,0.17748916914374568,0.2301494394426228,0.0716444592699108,21.59946665075329,0.0,1.6085977570901102,1.3024926141022446,0.8839222172270047,0,Alert
0.16636268779716826,0.2285881996958163,0.1360359023329536,0.19905074788914312,0.17924277954227577,0.2660131839362076,0.347305928800673,26.414671646231426,0.5538063347744735,6.475756392708807,7.84942563686141,2.2333402509845457,1,Drowsy
0.19632672978402343,0.15705379079645224,0.07105480818234325,0.30747916195235,0.23681890929167204,0.20637895089595226,0.5531066568615876,9.920920103500979,3.9662185039293236,12.730550233919084,10.140437513150914,7.8103299752807365,2,Fatigued
0.2544379872085121,0.3061528696035009,0.1823030804302572,0.6527060335463992,0.5160093402861117,0.6603853249050236,0.17404696979222412,19.08241410858928,0.10051479392985119,5.0280958861675025,1.9550070843440963,1.640628563471024,1,Yawning
0.2757376528271686,0.310578537281231,0.23132948055423008,0.1157955524774884,0.23251205894162041,0.24063102073756726,0.02869290904211673,13.213509694271606,0.0,1.5805776487612706,0.7287187959686467,1.170584166037465,0,Alert
0.18329213576945116,0.19679936086548344,0.1190154566251758,0.2483424125942658,0.2267136209967353,0.31010171221847355,0.3332551843764513,22.74105605656311,1.0897691386575503,10.528738823314091,7.903438183382981,3.729231060138052,0,Drowsy
0.16251762899606825,0.1820818250695448,0.08844217186979811,0.31784409182733464,0.23198101563368487,0.24397937809966697,0.6835106388279191,10.793134027884609,3.722501527036665,17.678184735007434,13.212391438245593,6.631234929802966,3,Fatigued
0.2581051718982226,0.2225346970996162,0.1623840433406259,0.6351391274416113,0.42782676982864387,0.7537994774601314,0.10162152863468295,18.031810426724952,0.10662740646573853,9.49422013152785,4.470808391676956,3.1228617572216057,3,Yawning
0.265169610774958,0.3282618406105956,0.2651129540770086,0.23183422518616184,0.1840503852599752,0.2771713409687967,0.0399638668163737,19.17731490550107,0.0,1.163893995031034,2.5169339241219184,0.527348795866146,0,Alert
0.1999256050663052,0.23232376128867696,0.1087238165755135,0.18387747043615982,0.21156984057909795,0.3100966751237612,0.37551055061559857,29.77084932880514,0.8193570168506459,9.335483340457737,3.602864419223896,3.7319949861516655,1,Drowsy
0.13471383756972824,0.15352379645005385,0.06666302566096872,0.24989583336710378,0.2157011084951877,0.3257382804385986,0.6540192161009736,8.850580557189616,3.857456960177839,18.376393016288766,15.85465921387851,7.9724605049863255,3,Fatigued
0.2886290535622724,0.27358429022927144,0.19108737201121273,0.6993841819731078,0.4675866164840723,0.5569605849539294,0.20781922232975136,19.83760747387066,0.5233763696232104,9.987399353659324,1.2998401738800522,1.669029470601199,3,Yawning
0.3499114505697418,0.3364212347670693,0.26704580888332574,0.16512917247833692,0.18375472998661277,0.2771341245675341,0.02898347920001639,19.91668373920666,0.0,2.253747753662915,1.648359138984891,0.27163199570648044,0,Alert
0.16824678099075044,0.1600387796501412,0.14601378894241188,0.24435621425018528,0.22786200427260178,0.22252191411228164,0.21981659234664802,39.45136471299473,0.6880479215445808,7.8229388393050865,4.131703845421535,3.0475351903486003,0,Drowsy
0.09800031600826573,0.17204750841341201,0.07667045226103957,0.21651016526869252,0.2115996755331991,0.36789201668589444,0.5547671931912969,6.396923726029387,3.289339816026988,24.537492928159548,17.779841094992666,6.457854043981316,2,Fatigued
0.2998312491351012,0.28587918635371723,0.18134784090220352,0.5589634586719786,0.5686514914476887,0.6237059838477609,0.08849863012716541,13.324423933814234,0.7288964011135661,8.743552529624765,4.040139607212696,1.1462989564394213,2,Yawning
0.35874517133964523,0.3360589297813392,0.31028877273234684,0.23296393826650527,0.2332506525053792,0.3121908208757507,0.05819619130288964,20.43539749278714,0.0,0.9736085829185068,1.5028699237294938,1.4321348858187941,0,Alert
0.17103741470853343,0.20467739197382664,0.1103620217628224,0.22257490283488923,0.1665862854398046,0.3370519255253774,0.4984324863721718,39.331178371102865,0.7525912328674108,6.083224870303267,7.03039782855314,3.146862150915357,0,Drowsy
0.09827806426768308,0.16259961680695068,0.06261495289568167,0.2228517416921673,0.25532328628179274,0.3017144392028756,0.8934400427929993,14.627325838611391,3.070867793873611,11.129722497136267,6.3734544908360995,8.689956800757304,1,Fatigued
0.30356037298185806,0.24903637144417637,0.20827447121971204,0.6357140394395631,0.5843751090477428,0.8319958044931011,0.14944583900399916,24.353991178570354,0.2399507918384509,3.1341752126748443,2.7279574858537634,1.0990358077009819,1,Yawning
0.27416431180701895,0.31571606573589467,0.24309692083147683,0.22213555932297707,0.19898224322216274,0.21620976167346673,0.07318679599975025,12.54057246577565,0.0,0.8606000527952589,2.3974420796350766,0.8508053920341103,0,Alert
0.16290438990959985,0.2235101999535957,0.15415587014093024,0.18468138406212897,0.2640061987046406,0.3469640225440338,0.29283877293385474,28.9594331276438,0.7243773410643348,11.872715711732113,3.753493740436327,1.8844517150403006,1,Drowsy
0.08004072763967089,0.14416957378165007,0.0756719115808027,0.2535103145619156,0.18699250783372,0.3826422714064267,0.7682674659874539,11.839751299151413,1.975569827050344,16.855058305911548,11.097776677071547,3.497261949823389,2,Fatigued
0.2528832849678241,0.24261567242110463,0.18330278472042272,0.7075243137250774,0.5709005043547677,0.6781735946859496,0.08943659639361326,13.26893049541689,0.13347886256446212,9.466119771137432,4.285885011104764,2.062193687065282,1,Yawning
0.2718281506838435,0.2973891380852397,0.25478460307487866,0.15045747243861332,0.16556192545371867,0.2813440526657596,0.033982667321934903,14.100986107911128,0.0,0.9585591087448901,0.5171018703709089,0.8071232264782642,0,Alert
0.16807818470605387,0.22443393036891152,0.1129218803941853,0.19061174976295528,0.2285347535768355,0.33601842821463707,0.33450394115739013,29.78477722855549,0.5741989638672176,4.62641336383646,5.440590952133967,1.2950347647706395,1,Drowsy
0.14110635669825222,0.1616862833287062,0.0779904855885659,0.23713046484992287,0.25642200341310467,0.33613583135253916,0.8032714699583089,12.210546608978719,2.1428808777727397,20.229598644771947,5.365579581613009,5.627249420411097,2,Fatigued
0.22382776746021366,0.2671655305756654,0.23275215102949054,0.6926366082224764,0.6538510927521984,0.6832039705369858,0.09735951709123603,13.091513324807448,0.616016982764663,7.41122559420929,4.953961937947219,2.032924099959878,2,Yawning
0.29480191575172554,0.2930134102834118,0.25430482743019966,0.18004939251225474,0.18653588596511658,0.3266130967120865,0.00707175737174067,14.106706297346854,0.0,2.9534583356032003,2.0742089881480075,0.7410092303280051,0,Alert
0.18300816226355832,0.22663233572360805,0.1462841025094332,0.18061863798072128,0.21982135872361813,0.35920013896553743,0.45288364473685916,28.917732397196154,0.9668668366142602,9.854981898292007,3.043782235420032,2.0836481769274355,0,Drowsy
0.09740014026913241,0.15000198043703641,0.04613830368338108,0.2747868749255309,0.24391853057904506,0.3297177175454032,0.893572939729891,8.447697668998742,2.475738868031926,23.147368610442598,15.576914573775626,8.00466976486244,3,Fatigued
0.21344569128960703,0.32494866853975163,0.17066939626054586,0.6264157313539311,0.49745658487000877,0.8418756765226979,0.15120893848236733,14.11264384886693,0.7677965771695754,8.961069800120661,4.455158491860013,2.2203212457160157,3,Yawning
0.31461790579297017,0.3203807215609925,0.2803641916910539,0.09522804201996281,0.2190434791991096,0.24955899262022613,0.05971358640078792,11.746207604649099,0.0,2.6949459562491476,1.1729743486832631,1.4769328792175993,0,Alert
0.1653473272868203,0.2016019399426482,0.11603135683647012,0.1407826308173592,0.22390980225234886,0.28411923018800117,0.3792897319606701,34.77860910698944,0.42333591383259467,8.329905715470641,2.317444599623986,3.10343265989996,0,Drowsy
0.08605909378918167,0.17629629289688561,0.07985752775583327,0.24890870423847172,0.35075569238510435,0.3143916394558164,0.9167024012474987,13.008180998597503,2.6278251744946033,20.217887521537534,12.621061484149902,6.446569340908742,2,Fatigued
0.2875601257616563,0.2544434517836672,0.15695977399444358,0.4395004457512256,0.5609509597948814,0.7963212886235549,0.22973354031053278,17.93461511943993,0.11954900681463539,9.509549158518599,2.834820462670153,1.5448942656364655,3,Yawning
0.2930327089637803,0.3005736855769776,0.2743683484694328,0.1936901206707406,0.18074999539608855,0.34661407670494127,0.041381773580344845,11.01055613412518,0.0,2.961439740940283,2.1660182617372974,0.5710252890024492,0,Alert
0.17229179112173626,0.2140588810062022,0.10225925914313645,0.2492640440863376,0.24793808787986724,0.35659549530861834,0.4020259186734298,32.28998920510385,1.1139752751616094,4.629013687918064,3.985488594681171,1.7448624388925378,1,Drowsy
0.13538885798365013,0.11987517228747382,0.08795704015538638,0.29083148374431544,0.23184707499517704,0.3888259035983484,0.5914546905923183,12.02405365866202,2.248644309835637,12.570567519370918,17.973706922257385,9.00697247518658,2,Fatigued
0.2724598427475378,0.2434301321503131,0.21004426396006082,0.7447774612070276,0.5453451525038492,0.7559223481872991,0.1540463921008051,12.48247315950993,0.0645358139129419,7.706437873500054,3.7567256417100667,2.024408219825327,3,Yawning
0.3247023888475449,0.32095311543838384,0.27132613077467177,0.17779545054689153,0.18610282589232396,0.310769825582399,0.0761808062689859,10.598321756789971,0.0,0.8747731331178492,1.8439528451287859,0.9485302124590027,0,Alert
0.22168480684956537,0.21223598316406775,0.1702147160179001,0.24071979105565808,0.22078614258322107,0.30482178373670427,0.3378688932516566,29.97935888441586,0.4577705482681504,9.47548288855446,5.019322489151807,3.295446549583792,1,Drowsy
0.15947970721817026,0.13913054482340928,0.10263620322430847,0.24574261997813548,0.2596749284976794,0.2714219981785517,0.5835163890193047,11.430609935400296,3.4063350944388366,17.94382519763827,8.461009519484534,3.2193986820120672,2,Fatigued
0.13601317908866917,0.2738595884386265,0.17783705091064042,0.7105704403517308,0.6699323041563829,0.9122191754518446,0.06789462456207745,17.43379311158988,0.6826278388537617,8.993075353962622,1.396950659678724,1.2721626482434925,4,Yawning
0.3069888468316823,0.29390430043606697,0.2687392215078079,0.20440661394778167,0.20869472949651421,0.3037373503849644,0.0077312467331897144,13.289968452067601,0.0,1.3001418172132273,2.407875144363903,1.2429239330056483,0,Alert
0.16077186557958945,0.17340889907135074,0.10973773863810296,0.2148680402210721,0.25463048724296516,0.312362771609374,0.37439630591751605,21.578597100768246,0.5533370550642195,7.79635480126845,4.168922898930872,2.076181058638296,0,Drowsy
0.1623560063818884,0.14344525699464,0.014499787321730892,0.19910364532072666,0.2883472804334121,0.34797411311614074,0.8827766166752209,9.03519992440211,2.3332496496763127,16.362776408665198,12.446042626582418,4.668360474395978,3,Fatigued
0.28539615246339733,0.3417466446297438,0.21530879172228204,0.6836767516895016,0.5296840962031008,0.7687932198015552,0.20568568135628001,14.216994635676937,0.3578804392045005,4.47321770523574,3.758332262132919,3.631929208579107,4,Yawning
0.248489276281474,0.3247836098940314,0.2701404054427071,0.19770418539703857,0.15813654485734785,0.251683562373037,0.01947736352534081,15.49317535244961,0.0,2.39880037179236,1.014970460471183,1.1220849652829985,0,Alert
0.19829178623825622,0.20327323292730973,0.11973880283590138,0.26621201646086773,0.17833368971100957,0.33500284127556446,0.4225986173378517,21.045582065375193,1.0820341159004,5.585571091373345,7.246388190249984,2.057587723901552,1,Drowsy
0.09079450427634969,0.1440235922514868,0.06043681310948876,0.19409424137827402,0.1766725068412121,0.35686855758772973,0.5994265949606306,6.236908506137607,2.9581904928477414,20.490907910439436,9.17992911489843,3.2425549686981197,2,Fatigued
0.2969403446418948,0.238481300345166,0.23475090002363086,0.5850930858312117,0.5852713532882642,0.7995791027762295,0.15194521505763595,15.90087207777072,0.12101142757014074,4.992723171925245,2.5038848877165565,3.268930290940882,2,Yawning
0.29187045156175484,0.29023628153528386,0.29019247919931357,0.2526188418148,0.18028656567378268,0.2935074799231256,0.06795715439428443,16.39416558739912,0.0,1.678304485262671,2.952744061283774,1.1624917860233257,0,Alert
0.2096412895724437,0.20042923399154092,0.1555718667081478,0.18090101452245055,0.23638385059580652,0.28032517708323446,0.3516061004713479,33.599434201787524,0.5622985407313876,9.965026660164016,7.97371435773624,2.9969515018778794,0,Drowsy
0.11572613667985297,0.13347776016570914,0.06625971800601005,0.17247220178285083,0.23696514197259905,0.24891994536641676,0.7129631525418741,14.865694907793266,1.639815875320564,10.417083398584978,5.686736620811832,7.380888364876631,1,Fatigued
0.2617843089773716,0.3077123930544321,0.30377240739096445,0.7710031210520508,0.5228135446374947,0.7105287400232088,0.11376346457460094,19.71545340568407,0.16809422075217162,3.8143220899328285,4.880467545673729,1.0659454444288687,1,Yawning
0.30333670114202244,0.30250692064376705,0.26107081261231,0.23886438253005549,0.22599252756363664,0.24922661663634804,0.0741332443109496,15.804289877761526,0.0,1.2888836861077773,2.4723628098373167,1.0863211471249912,0,Alert
0.21003380192291016,0.2235078147058598,0.13102985113752624,0.1996332892030015,0.30078274487571177,0.36135801559326053,0.20459317598807164,35.6114545164188,0.6892858547403116,7.2513483280171025,6.856217266621675,2.1378501751826335,0,Drowsy
0.10311608596082462,0.15606874372499646,0.10664152385433548,0.14694800353339427,0.2445063075500258,0.401395306513181,0.6197993945591821,8.787033555811593,3.6078621625743637,18.951621271823505,13.459416996339405,9.067750399819424,3,Fatigued
0.21533303733159412,0.2895276647412291,0.22898492587057578,0.6094560716426584,0.39018075157375637,0.7507296575601501,0.08384061033545037,14.437853897858165,0.008441309452720437,3.6399838820319648,3.227354778760964,3.6756193900252296,3,Yawning
0.3428964135469076,0.2661749229766944,0.2906896420358903,0.24489496874812638,0.18620706152508573,0.3017356331148724,0.009638545795077436,20.218446062775108,0.0,0.8915320372316247,2.936900203340488,1.295299698218228,0,Alert
0.21167509430670345,0.21001417255361043,0.13128204567970603,0.19623537478048061,0.1782205372665024,0.38416895825233255,0.4785117655942375,21.31252176355635,0.8395294656487716,8.726930139160917,5.9163687426633444,1.7669986699954432,1,Drowsy
0.16213071839082305,0.1565457853856682,0.10771578844719615,0.24939573555959585,0.21080898867302547,0.3508891538937778,0.7035788035616621,9.444409576714987,1.854043112466543,9.742437596216618,11.961044345540405,3.596005455892575,1,Fatigued
0.24725006739015468,0.23910564454374467,0.1950662374381556,0.7047237954426123,0.5106587368323134,0.7311431004114666,0.19491158183176366,16.049659887181818,0.6263388914060579,6.098583937823031,2.9410669693704863,3.3337282202456104,2,Yawning
0.3150889511855686,0.3668789479305136,0.2817420472403149,0.2126097970628342,0.19875172067020028,0.3200522614830891,0.05827379898395505,13.797454918401492,0.0,1.3554660143966437,0.9861587979557844,0.930532542991211,0,Alert
0.18319629364720705,0.20500193878244402,0.1743102721821448,0.2607381383705589,0.20071022829643123,0.3093658414889539,0.3278893152210278,28.84670916100431,0.9349367079183143,6.523331130069468,6.0955956786878325,3.6144656252721648,0,Drowsy
0.15134231738396486,0.2122582040208768,0.09616072378804143,0.19759672009847457,0.22304961271909185,0.32279515349696875,0.7342848685393102,7.862798621119409,2.118657453082866,18.969039957406636,13.46263268784108,8.771619488599505,3,Fatigued
0.32393287230564133,0.292006434405176,0.20035134619592593,0.6609853346431213,0.5545965442270996,0.7090589153646157,0.2341541699272151,24.5894486965053,0.43244214031113937,6.207433636765511,4.780068376993976,3.0208294959900854,4,Yawning
0.3751884924808259,0.32396776868612176,0.2757668604171884,0.17451685974998576,0.20183981508558346,0.37224611938984864,0.004808684486271666,20.991219550133845,0.0,2.038628550961015,0.98172773673242,0.9883019520779686,0,Alert
0.2087313209858494,0.25008457548540813,0.15835272727883948,0.285521877781464,0.25129184131884436,0.3881200967719205,0.4676176580629082,34.65754905767797,0.8066843900516738,11.934654339709041,3.596647737015795,3.4995749793563617,1,Drowsy
0.12488842703835412,0.1337435281932687,0.09656117629786619,0.2935540250201403,0.15702054595934753,0.34867790815974375,0.7262412456236699,13.569501298693881,3.2105226879712165,23.00150025290889,7.645644408314524,9.113527824890067,1,Fatigued
0.2719122352788127,0.33307807304688813,0.1974420602927741,0.6517476769643535,0.6125052537411858,0.6825662134206566,0.09165553503070917,14.667861134822934,0.15161523458990145,3.8793092920936516,2.2440280146835496,3.657766343330275,4,Yawning
0.3142884883034617,0.31453423372681133,0.2661287766851034,0.20012839471053992,0.17921404629583965,0.2778216344215774,0.02098194574519879,15.23284576263175,0.0,0.8922565603653003,2.8689128158101074,1.196903567163105,0,Alert
0.21828578135625804,0.17889252532317515,0.1460253527934713,0.22403164290579225,0.22123862366762317,0.3718579449329122,0.4323957859379053,31.2428950765517,0.8421631120364321,4.917935666705535,2.756825948096912,2.588600845067372,1,Drowsy
0.10040192910353535,0.1670267448784768,0.057966118948858385,0.26862259675061384,0.19572438381801435,0.46776777460223684,0.6652658091535806,11.039204436622274,1.6239837705502154,9.609576838581516,5.427137070625152,6.494188832838632,3,Fatigued
0.2650605781827867,0.26249369181707577,0.2295085152021498,0.5940866233083378,0.6637622497092364,0.7400672634026545,0.22039385071116835,16.635915867367018,0.20911785324831592,9.626190009448372,3.905214001475272,1.659046400127479,3,Yawning
0.31744975427547645,0.3115623547047203,0.26800471711053553,0.20806611620517018,0.16910083175669194,0.28184316886532607,0.04225421771384137,11.52247393675712,0.0,1.9812336979410126,1.7062326513191572,1.0093480171826164,0,Alert
0.21935113566346992,0.2097517356094881,0.10299159727892285,0.14405907879741714,0.24247041865222393,0.397467046338553,0.2896778450295,28.216327911348557,0.5741598390857859,11.728171673041668,2.7838062893441586,2.1155103536992583,0,Drowsy
0.1323949237564893,0.1267040596983953,0.08203901934812673,0.2619151852384175,0.24361266766075704,0.3341249451866848,0.6647067510231535,10.596168556447239,2.1983629773280664,13.930797082289937,17.00119325280433,4.446502294241937,1,Fatigued
0.27570536462603873,0.28360756570527657,0.1367110733301409,0.6840182159332545,0.5787704528800965,0.808315295565636,0.24615223487777033,14.024003770827129,0.18053166644164406,4.482587049170519,4.170159070485347,1.5607218893503545,1,Yawning
0.3175712262860082,0.31895726655198564,0.2532225010910203,0.20759963442816687,0.2285655123031031,0.2650639591506098,0.018608308971900477,11.386070393877594,0.0,1.3152651415969836,1.0510947122315348,1.4028746532311016,0,Alert
0.1999713988624038,0.23214913861337902,0.14405324201402192,0.2089512801599829,0.22961295378840296,0.3242019604524934,0.3676859720811131,26.72787446805819,0.8152173548628445,11.83410633123613,6.1781745951981835,3.0159284137811535,1,Drowsy
0.12447562552950395,0.12739642541030632,0.08546021434988771,0.1362679981226816,0.23632172869582935,0.3509615169377096,0.8544023931798221,12.130142918617409,2.4157159655163056,8.89991090466991,14.814123017205654,9.686226123346927,1,Fatigued
0.32761602032521675,0.3140291501358228,0.2669479378488345,0.6066789605085423,0.5794534727284943,0.7117980728849704,0.07333782398717997,20.528017610490423,0.27291946065574646,8.232590794077337,3.19905820506408,2.3570591154361487,4,Yawning
0.3238016302433933,0.3145301070423058,0.2442504939022449,0.1442257733332307,0.2297525103633967,0.28716282125828785,0.07535244698083361,18.87475897733522,0.0,0.7165494021367351,2.172885388837127,0.7333948384344606,0,Alert
0.1809377035931379,0.20917414625985434,0.15668066290526875,0.19634860844792423,0.16460280856586748,0.29856727365417335,0.31520572218948745,37.0879902665136,0.9991992139239655,6.178523177448662,2.70501104127424,1.7559946649322151,0,Drowsy
0.1263661562216745,0.16814975172442942,0.09325740860209261,0.24377997447254685,0.24414239768957696,0.26120909117372165,0.7398884508512852,7.583926478703701,3.5464830759327697,23.29321011097501,15.165123537246714,4.367512725940259,3,Fatigued
0.22902794311580582,0.29432589346795046,0.16622686204841985,0.7313898073313255,0.5518448549852499,0.5636446679101939,0.19509363369003258,13.472005902368629,0.32509312422196923,6.395510363998868,3.1633082558861587,3.45508192418565,4,Yawning
0.2989852444013841,0.3063333131299843,0.285077337776475,0.16818248209452138,0.23882556048986864,0.2699184505365485,0.0439461092148812,21.157500671566037,0.0,2.869658604997672,0.6732612650468718,0.7933374716261516,0,Alert
0.1567335057839584,0.2229600637030808,0.19082294235235922,0.18456107967013996,0.2354011770591406,0.2512192142159625,0.40923434844929185,21.809926221917337,0.7980234528219622,6.104640239393526,6.346318135988268,1.5686665256108214,0,Drowsy
0.1179725441936762,0.16631530329979985,0.06906027833089122,0.20624562105197544,0.17891835756718172,0.31979225936593647,0.6782270344065996,6.3497848607164205,2.240441913897496,17.72882484721402,10.744098205183832,5.427031328651378,1,Fatigued
0.2708968558661444,0.28252395269463887,0.2476434341909391,0.6145115978671938,0.6155264070389456,0.7061675756634452,0.09926964944846038,12.822294315682834,0.10536762816508408,9.01121477970706,3.5351331389891505,1.75960349010993,2,Yawning
0.3205529841344298,0.32047614726175505,0.26026482747055213,0.18497722158766117,0.12782861771371065,0.308710616364993,0.023791466564959177,18.180698204948104,0.0,1.0194761617618846,2.497371405179265,1.2439483089977132,0,Alert
0.1511027162150315,0.197238169067899,0.1355214423582907,0.14712317802717112,0.1938451670032633,0.3878216855082866,0.3830130036373255,27.649689211651886,0.6436185513211067,4.198876127326353,2.023484634412344,1.6816230334960134,1,Drowsy
0.16968233400655408,0.14661754628714366,0.08159147069884332,0.27794122080818046,0.2678529144832129,0.3667279887431276,0.589418740565177,7.320785778661651,3.272250015628956,22.003655852509095,16.141377368297512,5.905750237984528,3,Fatigued
0.21952785915964912,0.294314924974508,0.29701566357668324,0.6132732115183076,0.633981768338341,0.7793319849717835,0.053457608952672646,19.145899977535517,0.6862113166288236,6.3187145308958685,1.0164248115897938,1.0330400750068223,2,Yawning
0.2804663351060771,0.3009745893814094,0.2730901150544628,0.2037263511967061,0.2052552484792701,0.2413889464160177,0.06894750586358639,15.725317812327113,0.0,2.986410641711312,2.197929248844982,0.2962973793735821,0,Alert
0.21426765307785747,0.17506208617308888,0.12383717487961715,0.20980212118385644,0.22768511817082834,0.3796655502963563,0.49976218968303227,25.736932912944,0.6243640518080442,5.277995681871554,2.984381529592011,1.8555597880301433,0,Drowsy
0.196721343360649,0.18275305016798243,0.1280603638357098,0.26182648339062803,0.20387917669421665,0.2899764458308712,0.7545356359184531,13.066858547635796,1.6246614412354472,18.257871607744182,15.488115852582082,4.09842090426059,1,Fatigued
0.27043292670710134,0.2692550199688874,0.19365719630615125,0.6410418959849595,0.5872089268249279,0.4634349914009991,0.11318716447712736,21.480123238268384,0.6997976587911798,9.571035113845042,4.220373507198104,3.551740591919798,2,Yawning
0.25794839183692214,0.29136450658013663,0.23788830581972084,0.2346778466364235,0.18890512734366463,0.2668825391048998,0.007894818220793649,16.957664142001555,0.0,2.069659565005254,1.4130698156422048,0.8960373361649081,0,Alert
0.21734575685166763,0.22048400416818936,0.10165600579444503,0.23034840533895332,0.25154477488776067,0.3484682959296887,0.3526051852052237,21.094283496672798,0.8283764596730705,11.485994092196403,5.585679145594763,3.4282824653884445,1,Drowsy
0.1433860550886844,0.15038163255559536,0.06951280088636833,0.26694084640905613,0.2663879907972319,0.2856092894314718,0.7120004394350193,14.315444071065201,1.722524337240022,16.69593589376138,16.940779895760578,9.328795623356536,2,Fatigued
0.22543720191647637,0.26278012618687396,0.15133571073347768,0.7585626332991849,0.6530398668373332,0.8787426019590656,0.19383993911915343,21.68813932024174,0.41156194752123154,5.316943633223821,4.349803579338936,1.9295969482254542,1,Yawning
0.2890175637963014,0.3132339705340951,0.2620571715586467,0.20597367644239523,0.15766829506801755,0.3121261897045609,0.07276693560430218,17.606673541989302,0.0,0.679766793291114,2.7725139720892575,1.4450966556290892,0,Alert
0.20186779568987998,0.19375069632635908,0.11426783357639,0.15704343152022396,0.22916693153071155,0.2573097586449996,0.4873938059746672,30.06145200543218,0.46633166511558494,8.960010667819267,4.041337966707542,3.5677755687738935,0,Drowsy
0.09002362678662224,0.1481877687953748,0.1177095344253258,0.2333652889236464,0.24267048501417557,0.30227316584798064,0.8917820332741613,5.048844660202519,3.8416532614617025,9.80673469669911,15.945785864756942,6.379983354880627,3,Fatigued
0.2970390040285847,0.2672677241894092,0.19289616020965045,0.7324713710230066,0.6078344160445518,0.7483920998584279,0.2113415615490123,12.047532047480441,0.256047651346866,5.952419693552882,1.9188651347329269,1.5987148476878161,4,Yawning
0.34941656863041937,0.3228838442207768,0.24645594239840599,0.2499913103127076,0.22556648019734046,0.2544285673074377,0.030174303342739482,20.84003207827246,0.0,0.6742267418252991,0.6455437801883491,1.4051054081318308,0,Alert
0.16293875278619344,0.24046453414357677,0.1633950234223605,0.26616920898891094,0.19211400768265002,0.3236151181345065,0.4436538761878255,37.32046381361249,0.5377349508421193,10.804093215816533,7.2670838660993855,2.648285836865548,0,Drowsy
0.1811377627989213,0.1278377508348226,0.09952081438711893,0.30997432134861713,0.21485382779701717,0.333349182868386,0.7208449785677337,6.2875443736805545,3.8690591463016677,16.07790472238468,9.124369266639277,8.3641284978323,2,Fatigued
0.2280459079574968,0.3017141030640279,0.23808120525749207,0.8679279407030224,0.5889565345918728,0.7215130700543912,0.07940299097995572,21.24162629598704,0.7786932529218299,8.533972868838086,1.9717814467481758,3.725095781239245,4,Yawning
0.32859066764836337,0.2673832400528825,0.2836836203273443,0.24144629044554017,0.2012328914579962,0.30391724136914433,0.031977564077954206,21.444443517900496,0.0,2.1052755875638027,1.245375890691389,0.3644035190246425,0,Alert
0.18766925190490483,0.23043245968146076,0.12863720490190722,0.3033064128843919,0.2329258725704511,0.2562158670002134,0.2182049206852047,28.266849197423845,0.8372919517309367,7.4883757929486325,6.4920330515059455,3.4837748636359374,1,Drowsy
0.14162794984637084,0.13346270887860343,0.11608568906098185,0.24354616001545712,0.18588706299584018,0.28139916283594624,0.7390303412175423,13.77407345395147,1.6007032668349508,21.682157894040024,9.796838964550833,8.982333180519344,1,Fatigued
0.22852773372414462,0.24646511782831396,0.27197004182744783,0.7487115837327899,0.5348754420454016,0.8037627956524354,0.17430146222761683,12.504392911475538,0.14941802258490347,8.818720635629598,4.0670734253533425,2.0519280743714408,1,Yawning
0.34000380171347505,0.30083558718759357,0.2659850398651997,0.17286551015409046,0.21092839282344972,0.2344761704903201,0.05673017531887499,10.25269340267584,0.0,0.5910636082543004,2.756355287107383,0.2952975635478358,0,Alert
0.1929142335015063,0.21684996933820827,0.11390665901584895,0.26388832182256927,0.23296086819947598,0.35865988910082314,0.32054403758050853,21.526049083481592,0.9861601470966456,8.935078047721452,2.0174703070027324,1.028259567917336,0,Drowsy
0.14941998056540437,0.11744228122089566,0.053284866749866364,0.3467813050586615,0.21959517042084495,0.3937711610591721,0.7294530366470937,10.376921285909715,3.159061801918249,21.327521458595022,10.132494677417329,7.5223286086761725,2,Fatigued
0.30121196854474114,0.2904123319181245,0.18430091849530333,0.7054358205858706,0.625394146103619,0.7340009213261952,0.11053584207575094,18.080732779870626,0.21823511415987662,6.244859925197269,4.55135169037152,2.3653726930983083,2,Yawning
0.3109447468678599,0.3238014735267323,0.28175420852315736,0.22766474300485554,0.20819355302880935,0.24007150965954382,0.002743832104264934,15.97079300066471,0.0,0.8871067040505685,0.9573073149052118,0.6745618367003821,0,Alert
0.2592720760421793,0.18832529260119668,0.14020892670325813,0.18788767860204972,0.22891118412639624,0.25628074327655415,0.391221383678355,31.134185131057077,0.9906364083826461,6.684873953927211,6.5906395497987855,2.298301245124581,1,Drowsy
0.1501242547628775,0.20005925151205944,0.0798529069270237,0.2500966100532978,0.22816766267624036,0.4452836504906155,0.5672681163451766,8.096007450855002,2.300275352514753,22.25199936883327,13.504989713998366,4.92800932547631,2,Fatigued
0.2645357756786676,0.28376982005022877,0.19247190244908716,0.6717130517275376,0.5371674899467217,0.8276252961430626,0.1940666738331986,23.93770545993945,0.3264323692822533,4.33894159726178,3.068471723427678,3.7242510611795634,4,Yawning
0.29027258360544533,0.31683582936237925,0.2590731150788088,0.262204464772372,0.21228438158594146,0.33548029276499686,0.006594661761519261,19.187828040462197,0.0,0.6744987122368744,1.6967543014233306,0.42405397838845227,0,Alert
0.20957500329434828,0.2139134461527061,0.17908399791559276,0.323900685033778,0.24014192114023855,0.378939816389276,0.3414989548355481,31.43255386722331,0.43712230881210057,8.991676075456114,5.756588611922281,3.6736023922054284,1,Drowsy
0.1925413876369305,0.12984176609143588,0.07320481984704952,0.2515803737084046,0.27145624847983263,0.31642722288263186,0.7573295692159294,9.618064815620187,2.2860852645285137,17.876465972737073,14.48855853014677,5.876530334739307,1,Fatigued
0.3028878686375395,0.300366732703615,0.13273085858684663,0.6563598168373533,0.5436082536883551,0.6204355176986076,0.22736630789379186,16.91851856187441,0.5997805974268346,3.6777311169105302,2.904226808604247,3.9750584211782067,4,Yawning
0.2424154882285249,0.2906508896229976,0.2519180130225883,0.16812042673012453,0.11405870322941142,0.20446510138581228,0.03770931875262748,12.109405789964582,0.0,0.8623313177737514,1.1369189658215502,1.3888839999426728,0,Alert
0.20898549393532548,0.20099567171123195,0.16144447272415044,0.24377240012694087,0.21019922140427444,0.3466505717336195,0.2673678407806689,29.310113330549594,0.6120713350016289,9.87447991186486,5.815637460448602,3.6249630641579547,1,Drowsy
0.11270194669771087,0.13524082887349967,0.04567033646511108,0.17141776780230583,0.23155725320459222,0.4354252445184367,0.6183073040013348,7.672098954860741,2.772783462968805,10.506716596244292,12.951523783398184,6.960231145858021,1,Fatigued
0.27769313243995974,0.2713632819699667,0.2612946132339652,0.4955776361627942,0.5587726245229251,0.8403842281311651,0.16389530293260215,16.461260143694687,0.4492674887735265,3.5119975663479877,4.058574290456448,1.8540632846328151,3,Yawning
0.29970382219470887,0.2682841512218999,0.27947452461704736,0.2119519112128705,0.1767963246789971,0.3559493992542096,0.06555422829362921,20.866985650877588,0.0,0.799399916080493,1.8298324438819786,0.5698655476651774,0,Alert
0.20385886071963283,0.20308667250647994,0.1359946363134698,0.22574721780070925,0.2308528597631155,0.3359904855119959,0.47430213279994504,25.305701781721048,1.1231624521519112,6.565302037891458,5.314028080733017,1.1515224124968464,0,Drowsy
0.11020070845031665,0.171643255550208,0.07286700545603439,0.30197888175804066,0.28668656069897513,0.3004582743859605,0.5818615710481692,5.485627232956617,2.6198842429529643,15.575859613976753,16.643373989829854,3.8830716740147175,2,Fatigued
0.26837605447991697,0.2531713206783471,0.2603576105696085,0.6486695115834512,0.5544815719955957,0.8327999553701504,0.21496743187914802,23.13596037092404,0.7421396331996154,9.64880443840456,3.219303186013225,2.0230605167681017,4,Yawning
0.2726569937749245,0.3094703274342234,0.21461004271005182,0.19162733533514,0.17291934218533783,0.2935671031654194,0.03442531424339127,13.296460393685724,0.0,2.71937881167922,0.6014642803367377,1.387845742208397,0,Alert
0.18443999841136371,0.22706403090103108,0.14088291775032658,0.2406657778374387,0.19056022190447605,0.24975915280362465,0.21992160603814923,39.78699028084078,0.431433556120554,9.239256985182873,4.65641556623875,3.846748654566145,1,Drowsy
0.14663105172422636,0.12246769811850873,0.05357945833162811,0.21799568598736863,0.26360069679966913,0.3956898788591051,0.8146364263837061,7.363365902687512,1.744642506791125,17.794708607041425,12.197811836012633,4.3186950653441105,3,Fatigued
0.17262029059792766,0.27820586313425294,0.23396570423728766,0.5780384714154105,0.5907245561031247,0.7541108328499457,0.12925545249834014,21.02022345026913,0.3914581979800971,6.588033511469481,2.07109725841647,2.364852330525999,2,Yawning
0.3428930368562823,0.3238793503040875,0.30019091819050586,0.23125843583431088,0.17117331093301885,0.3012147624363677,0.05733748686141135,18.47188483554392,0.0,1.0854976494702255,1.1740859980480105,1.0512019276827147,0,Alert
0.16289606952674432,0.20109900612733977,0.11866085500461013,0.23905955052661476,0.22144149513296768,0.3782453128818303,0.23171018116379022,33.88144667061969,0.8153304316596324,6.384460574358476,4.5352362813431295,1.8950132307624963,0,Drowsy
0.1315963659131062,0.1335827995967419,0.11116367261525374,0.15471820249188062,0.2343351606795789,0.2994256661405414,0.6199146860180632,14.871000859241166,2.902875531087936,19.686426635994742,9.230437648873902,3.663172403455409,3,Fatigued
0.23612420861072114,0.21976591618640268,0.19563906320146146,0.6827500247221169,0.5596353659903056,0.8589705922948063,0.10564343741376443,12.8009038088021,0.12999873237955314,9.265237011974058,3.744096895743564,1.7497051649106696,2,Yawning
0.2792322804208866,0.3173948160528073,0.2694219021466205,0.06814987952069881,0.21217410150607255,0.38485899145913954,0.03965526161829711,13.992809847806267,0.0,0.6779505907952156,0.7238004919921057,0.7639117567292999,0,Alert
0.2074205605248843,0.16578519667279948,0.17257695148631874,0.17488780517051117,0.20754035433069065,0.35757598368430815,0.2578952023817086,22.323611485081784,0.8930032324566499,7.550847929124555,3.1280943031777335,2.959410199875566,1,Drowsy
0.06329277496188411,0.13963861961049887,0.07398039375213557,0.20842814862584083,0.2897362318874865,0.42368181257648807,0.6644897228959977,9.60102626557688,1.9836180700298436,11.576325386007209,5.299612149285896,9.277225849354213,1,Fatigued
0.24925491312453643,0.3150126131306445,0.22292117344205623,0.7164318536782572,0.5111086511759594,0.7907300796040084,0.21671482192914737,14.53641466031473,0.7140890624353177,6.210549286567531,3.707907009244114,2.4917225436419304,1,Yawning
0.2682731760622369,0.3003531684957453,0.2571426682931604,0.1324355018411662,0.22139517095745836,0.27085059894964997,0.029463637412456764,14.481335093745226,0.0,1.4588362810849425,2.5915505259191454,1.0460248171009725,0,Alert
0.15286542946646353,0.2316302817259948,0.14112625524460465,0.2636722135629858,0.2178933891544715,0.19388610412560248,0.4002246591601493,20.255308530357947,1.0972414851665981,7.573916202491143,4.057799118200469,1.4147366969021713,1,Drowsy
0.1366656021070651,0.14139923989144723,0.09045635075987087,0.22267194811465665,0.25716453860516447,0.39776285444514503,0.6181036608501744,7.71707518854093,2.0318174153256825,18.260958390189494,11.547059193656818,9.069559980108966,1,Fatigued
0.28023447639362375,0.3297268389883262,0.2065226537554231,0.594999393959176,0.54305821102506,0.7986052501697102,0.115388420050939,19.886961201572515,0.7443588804360249,8.858494829912367,4.98193444293288,1.0677057496071312,3,Yawning
0.30795931564641177,0.34137939737898126,0.2720828185412357,0.1204030813321709,0.22397204367549164,0.3079587520166049,0.025968703847755573,18.653911218566527,0.0,2.144471950090465,2.8977807299907345,1.4104173776604192,0,Alert
0.2205169329302812,0.22771804646222416,0.16193325593037694,0.2008998021033429,0.17088157781789215,0.2939432302103474,0.31524822738603875,36.71870980033016,0.518906572462308,7.64926992895858,4.954145567176938,1.1098890927964582,1,Drowsy
0.09704035110633749,0.11565646660275432,0.055266740666298705,0.21866468161346056,0.24537312401071498,0.3111019803593369,0.9456866733682344,6.668297049502629,1.6167120497481844,21.25203859100686,8.283618086901415,8.8075066374705,3,Fatigued
0.2667906872961728,0.24234022084615325,0.24670455792083418,0.6801525929821527,0.4499198376105182,0.7667341320618716,0.1851288127729777,19.053480882962543,0.18643570261349796,7.015395005600355,4.286142311558745,1.0857127531720314,1,Yawning
0.32013866662435075,0.2981551831037437,0.279514267553385,0.20003022029818382,0.22057573455825258,0.19385077704834158,0.011848063890170195,18.955765750828924,0.0,0.5208867604303464,0.921497621085092,0.9550358788095183,0,Alert
0.21359490812181728,0.21466359047589717,0.17040337279651294,0.26849472471607616,0.22282837880842837,0.2681817557933952,0.40253896575332593,28.34896567792925,0.9845432092227121,8.17489836265743,2.445057173565873,1.5760487529038465,0,Drowsy
0.11574556398281563,0.17347021716718708,0.09528792026554062,0.19627381036544678,0.20382922407747892,0.31727071073362906,0.8646103548414366,8.125436522367222,3.786104323718346,22.29075496192513,16.019324283620318,8.400988082390782,3,Fatigued
0.2154367456706765,0.2510720749878663,0.16231759265703022,0.636160334500709,0.5371509813573287,0.8169723589065108,0.09905586099487347,17.829301933207127,0.25642893344519646,8.210934776693282,4.884879647541977,2.3141009700929405,4,Yawning
0.29106584973609895,0.3154607621633249,0.2429028639490885,0.25139181695337226,0.16886544938728762,0.3391227090207769,0.01164540078665886,14.873319766030694,0.0,0.781683816586975,1.9422081874423645,0.25323699179432374,0,Alert
0.23024216083472462,0.21142559211368547,0.14487063682449433,0.17770709588751601,0.21597821338554613,0.2989122764195301,0.26386827639799804,35.119316978624965,0.9121550948296255,4.959104251870763,4.901132404189829,3.056321567113874,1,Drowsy
0.15460697194917952,0.1663461240747665,0.09908170204313256,0.3009240107435843,0.3280805569863846,0.32863447708285665,0.5653446219151899,11.214644226567845,3.4446942638421927,16.506092126534632,9.64767326955408,4.941987143606854,1,Fatigued
0.29002771180515946,0.2817046182004036,0.24735681935405493,0.6246454942129087,0.6097536049353547,0.7627686597920665,0.15556242165912415,18.729187769173574,0.4623016651527273,8.24520748599704,4.858761915313844,1.220690062647297,3,Yawning
0.3539354065080057,0.35200726559970635,0.2598916112274728,0.2686106416860684,0.17684676058959434,0.2587365646605617,0.04966550428047135,18.627889082238795,0.0,1.9238031967050815,2.345878192802987,0.3839775631849482,0,Alert
0.20625795796976593,0.22936579999624762,0.13673474286127574,0.17733133494552525,0.24712546740924118,0.2696369704639928,0.229995574245133,20.670917428243158,0.8483191630559541,9.558620634625008,6.774720387059012,2.020648715366004,1,Drowsy
0.13675775360485296,0.18158178912142414,0.054063323056640536,0.2071394145894455,0.20937018725174975,0.3443349042718371,0.931652656628429,7.232554010693609,3.805769438708962,15.240183635623591,17.811813732317834,6.878408684221475,3,Fatigued
0.28984694552316176,0.27350319299983794,0.19559328296672884,0.6299800191908093,0.5302695214974077,0.8963248649860841,0.21129918922104907,14.335389106233713,0.7676753640221925,5.696138394407784,2.3662785317771005,3.623817383509498,1,Yawning
0.29236431085276,0.31461221697532427,0.23733157963414755,0.2139969486099757,0.173139368790224,0.3225141477213287,0.0370712807043717,17.193166504331458,0.0,0.9281835266655989,2.354094546544052,0.593432442827859,0,Alert
0.17138332734760064,0.21906509002571542,0.11714373113084725,0.23541879100134103,0.17395638012714582,0.2973408512185221,0.4245125748284548,25.24070009013749,1.105373845116317,11.134561691252902,3.1786478913367153,2.841537835023173,1,Drowsy
0.15055256116037724,0.1524238540956864,0.10945288143955234,0.24711796214679305,0.257412592385004,0.4100606552019102,0.6854999616858028,9.699784346577944,3.6447926806089193,13.075314741696786,17.00866070646643,4.6086443899586556,2,Fatigued
0.3035961983636332,0.2528644807774744,0.20175315197841714,0.7564642196089986,0.5209444988841503,0.7463256937007872,0.22584086751707655,12.169132774536346,0.7558000641681695,6.424513740816635,2.3677379742989064,3.77265530452798,1,Yawning
0.2810318875474394,0.34198069248789653,0.2731348108766135,0.20627038089463506,0.18693127231282664,0.2653641059282076,0.06846583256991229,18.171006551407018,0.0,0.9664462481341034,1.1733992516588443,1.2408631239829044,0,Alert
0.2590747163617744,0.19934681953298886,0.11000365777353371,0.15883109941093837,0.2566192209607649,0.3211441438672952,0.2717669640997574,28.304275133686616,0.8920730298959907,7.84950521180082,4.757013599421905,2.087529193966371,0,Drowsy
0.1343027970057248,0.16743048772175867,0.05497601726732644,0.16337408615851678,0.3031775156677944,0.3132944216297249,0.7306555982075351,13.567299465058975,3.860236964825911,13.711084607441876,12.289028257883842,3.665395757827951,2,Fatigued
0.34313656956057564,0.2808723438862636,0.1957684759174094,0.7790846396924519,0.46288697946989515,0.7108243863881409,0.19599864492899272,13.712669395215533,0.5441902030750264,8.897198902828894,1.9138863036680949,3.599282208696269,2,Yawning
0.34248999815550607,0.2884723762519588,0.2465241978868105,0.2383014865311907,0.11862162308568687,0.27402177227340047,0.03284182274811423,12.776184558401805,0.0,0.840927762573646,0.9917213955780328,0.27193210331234996,0,Alert
0.1557376579671793,0.23045025587392032,0.10208692768338375,0.16517763831731963,0.22264707261657846,0.36869525599966146,0.36307867247338765,33.07555845912313,0.7096400095479096,9.177778267182845,2.2686103321309212,1.1621428820491797,0,Drowsy
0.13084601829137,0.1317950428739876,0.07481098966781341,0.3825388711934871,0.2109600838501909,0.4369157464724931,0.9279868254560304,9.818034425389413,2.928034774036994,22.03402399689474,8.578069377104592,3.5264142013396174,1,Fatigued
0.30797198291686345,0.2690316931769215,0.196516610954274,0.8303899639536807,0.5812453672215228,0.7237754832098782,0.16540408033811166,14.874918931439014,0.2152958021104083,8.62193162255372,1.1765822483498218,3.9762765610864603,4,Yawning
0.3368823276848587,0.2980347016689428,0.2840585845856408,0.23502231677745922,0.2549099958592501,0.2523862782689121,0.048722315576553266,19.227762342743553,0.0,1.6169245861706303,1.682064062240756,1.0366490895617664,0,Alert
0.19537492884895744,0.19104562995187202,0.10567354711517518,0.1746979463493482,0.19565601604638122,0.33373689894927855,0.38856320926365834,21.900804813032387,0.47596291793466483,9.825466857507859,3.944811042996778,3.9322688431412436,0,Drowsy
0.11290903111222807,0.14284344133117466,0.132757635045204,0.2550936690360506,0.22454710098211297,0.21768233763464562,0.6954057829477067,11.410060573207012,3.7531480194914084,10.786644454798063,9.958314528740605,3.9860802276560294,2,Fatigued
0.21091188405366829,0.3090193572679816,0.24045407231684274,0.7349281819095825,0.5978099766885484,0.6880380312482061,0.16729190247495954,15.396186721896571,0.7855242578295543,9.285286733419765,1.5140626737764658,1.0784750269702594,2,Yawning
0.3076668189920675,0.30087790300500467,0.2392073211435044,0.21684339960879226,0.2010941652996263,0.3164410923599971,0.012299944968233447,21.060720033419937,0.0,2.3936726268077573,2.329263181807879,1.121934914932726,0,Alert
0.18217367382855001,0.1976771308390211,0.10879403867133582,0.24795262681121905,0.26346460325013143,0.30424590360455384,0.4351857554293523,29.065235450517193,1.033751950620196,10.708974369584453,5.928654507705561,1.6852775569252605,1,Drowsy
0.16420370745317586,0.1913657770168375,0.08223883885398135,0.2602589758445184,0.20478892184671557,0.28882859515860543,0.8321226570143709,12.354365938921863,2.258740579472538,13.870847624747613,17.883734613608134,3.713667847061942,3,Fatigued
0.31206371992015974,0.24925763387170788,0.23444738151055125,0.593615506584547,0.6744267209681971,0.6870956757489337,0.09424756396133674,20.801958264559822,0.6177922207146214,6.312492308190791,3.470907696247177,2.3689777714671956,1,Yawning
0.29020049363009115,0.2944966591281793,0.2790258432720517,0.13020209253328668,0.24920441678076724,0.26780245735544445,0.017085384026895384,10.12806745418601,0.0,2.44139367946305,2.554123334700181,0.2773242120409064,0,Alert
0.153254047107494,0.23837858008357468,0.1504712343519114,0.2309591547517155,0.23241481969429956,0.34619998622226755,0.2807156686226489,36.23779287136634,0.8267827807250341,4.422052918656727,4.741633099389494,3.82647375108998,1,Drowsy
0.11703868557265677,0.18615180644384616,0.08599065006086425,0.21118690354858638,0.27893463809942454,0.38743375658459456,0.7090539942931012,8.363127275049555,2.0862100169579247,16.17101648131095,12.173773535944191,7.422423905569287,2,Fatigued
0.2852578565075932,0.26553404319913737,0.2269502781800244,0.6359214088747545,0.5100758027277953,0.69028503427218,0.07597976090736216,21.300670642595026,0.05533935240433374,5.318458116299651,2.129994906483858,2.6654791893704646,4,Yawning
0.2557546623240952,0.33365188718139777,0.2204140339392634,0.1940722583446994,0.1889689302134664,0.2615939615329437,0.008441091712096086,18.196834902281488,0.0,2.151818482772879,2.876515928949682,1.1485819377414137,0,Alert
0.1948497903822565,0.23196969752103636,0.1507298409989327,0.22258023891450288,0.24719632471329891,0.3236126024118958,0.22491162734305595,23.821037374173656,0.7526039547530543,8.678054466698438,6.897367111176801,3.9647863454295607,1,Drowsy
0.14486100651913292,0.1475178269212506,0.05318754281844222,0.22402797095947466,0.2991255885560212,0.4107942732460992,0.6001767137802081,12.86483034295906,1.5451505493999014,16.206382587105317,9.303211373433633,8.182121419293589,1,Fatigued
0.2332692400062354,0.2542556149895313,0.1266574314405164,0.7008377399256706,0.49726317980512885,0.7737241057145045,0.18098822091346434,15.682854863970128,0.00019434754761018527,3.8885524037192347,4.734461511340376,3.6020639173460736,3,Yawning
0.39053969017167955,0.3261433903158644,0.23867622908126435,0.30557235476648714,0.18785060194993183,0.2928460800070743,0.024846161244062987,17.388712641342075,0.0,2.2273784156698895,1.5103710794426406,1.337982642325403,0,Alert
0.14726307547226275,0.17944084780918473,0.1417290218870753,0.1990930297453466,0.20086896116822106,0.3372574186864312,0.29162982982636126,35.625139075657046,0.6927355483308604,5.932819696320319,6.033203981390673,1.590276333014967,0,Drowsy
0.1471715569692371,0.13278860421154876,0.05166127183048696,0.1565827555945637,0.23135582515266723,0.2890085382690438,0.7423766432337214,8.763118169549976,2.4079728092905626,8.888567348547141,13.912002067314102,6.053500919840317,3,Fatigued
0.3213201580290776,0.3063821254278729,0.17499155883803444,0.6220053438878292,0.590120597521079,0.7708048510490257,0.24647811090351335,14.574402306204217,0.10729569816783213,3.3948095043255333,4.4731880726453115,1.8841445405694062,3,Yawning
0.287018643927988,0.30077465899003386,0.21494413210537322,0.21343872693762309,0.1918146636097961,0.3188070033027144,0.026800685596615664,12.487390270596826,0.0,1.4444920597735287,1.291710890042315,1.0804951470875834,0,Alert
0.21851189134205612,0.17636239289954922,0.15971603303888163,0.21442925173329658,0.26537592106907654,0.2634218696726835,0.27652616672641944,22.540671519464635,0.4468292800640401,6.443307988342011,2.945966160781448,1.5220313440483726,1,Drowsy
0.106339104723722,0.17746811884700509,0.08635591101446739,0.20682351643453842,0.22005094799704705,0.30980476133369095,0.6867462407049402,6.682604443380042,2.954128331682517,24.58265891029417,14.898964834670062,5.963707243472233,3,Fatigued
0.2712049600967854,0.21135957013203743,0.17100048643372803,0.6537938469560708,0.4536018895229404,0.7201862181701462,0.2318464752923003,13.322808870513205,0.039322102979768306,3.0371991840840344,2.312278737942631,2.981160514602666,2,Yawning
0.2576630514430589,0.29156693760443475,0.2379054738980465,0.2263723247804531,0.22395044154047325,0.28702288246861957,0.06382418977668862,21.057492834598364,0.0,2.946264917331725,0.5266753175154069,1.009563659290721,0,Alert
0.2319612881677881,0.20483908968777675,0.1780574970694241,0.23965651025422108,0.18330339309814211,0.3912313866038622,0.3834484558157597,33.92062813978227,0.6739801753490433,4.863699584886684,2.417875206489594,2.7668080676876436,0,Drowsy
0.09964254034926409,0.1589763681154445,0.05635563539916623,0.2600532307472142,0.27368992939039133,0.38629855073178054,0.8687392707088493,6.2756815136428425,3.7582528184718984,19.42874010105936,16.667872090899237,6.130123531714645,2,Fatigued
0.25439249474641434,0.2729423376139918,0.25014662348611916,0.6862236118396026,0.4914430401484212,0.8029731846221895,0.054056062978916165,18.232405382152326,0.41096309249804447,4.68183809149252,1.4987897884944128,2.758624498571527,2,Yawning
0.2945015740371968,0.2895349355324883,0.2656009068539481,0.09301731487383438,0.14747073276784317,0.2729003246490287,0.0023336534859259572,17.26121946684581,0.0,1.489362074618386,1.2466803934688744,1.327023355679666,0,Alert
0.21849266314444202,0.21850266493427442,0.1069467691118068,0.21940088905481478,0.19060483682375523,0.35270640010855464,0.332368900727515,21.30001577897777,1.0602467219383858,5.007525128380005,7.418585042295858,3.5926918067846714,0,Drowsy
0.09913289770936932,0.1460675323085353,0.040134618987616305,0.30503280431053764,0.20731548790102763,0.3179992543986078,0.6841352953392841,11.07959350832342,2.939463027223529,10.781608003573975,6.623957539628234,3.1867373382621076,2,Fatigued
0.3457202821833964,0.2559070660698859,0.2063502420375017,0.7724805335560903,0.5134903657761279,0.6693705669422296,0.10638591035031215,18.901167445750186,0.04134854392890546,4.109753109499465,4.25077217350313,1.3978119722404332,4,Yawning
0.33939301650824094,0.33649656843980186,0.24581150320813014,0.19667842254484041,0.2584331023680875,0.27014351683582194,0.04861678465816037,16.457644812530617,0.0,1.6720473950381032,1.2344046825684658,0.560550790242018,0,Alert
0.16265330841522163,0.2100169810492925,0.101608451450941,0.17366959744596458,0.19934349857249148,0.32692278375971695,0.44890060407952853,31.24756760768804,0.9366613446207482,9.624751230075463,3.748904821055219,2.4111147021545998,1,Drowsy
0.10638477790039011,0.15406718919997536,0.09363486817630284,0.2881251442900051,0.19095282568749267,0.4817987632987372,0.8933493519044249,14.56835667543063,2.7475904322602034,23.836095835639455,12.583327829850727,6.768689308275032,3,Fatigued
0.2706938699770105,0.27760244279622903,0.17186498378022727,0.6701264914361484,0.5502557000331453,0.7427046602421031,0.11881509867407114,24.96271462405876,0.6179287997018275,8.328928194452887,4.820971073149375,3.6631731936799623,4,Yawning
0.3554414383748321,0.318213491708396,0.2646572122392915,0.15459581915137155,0.17526544083039466,0.25012289226511225,0.0009220811242388206,11.564088682828864,0.0,1.2731702787492383,0.7921969014773476,1.4816159725342188,0,Alert
0.1771890907635161,0.2021277683593398,0.15147299947077608,0.1675134719521793,0.20808654005296442,0.3179264111000426,0.3922130674181664,28.278521161051778,0.6160467728812445,5.654696884932868,5.924138465952563,2.248651093096943,0,Drowsy
0.08368779741702695,0.16134368418923573,0.0638244383552521,0.1928975429892592,0.2509118649812717,0.3976394305700639,0.8422736389683105,14.180105100943504,3.7796812121125187,20.562079391838367,7.571717574937198,8.903613244725038,1,Fatigued
0.2933263106651774,0.2510925211498669,0.23456993538794546,0.46339649156950585,0.5068006280066837,0.6760749754127148,0.13871994026363743,14.224332219374224,0.6986034853533382,7.934377929119353,1.340801910238648,2.950277353419794,1,Yawning
0.2997431987167597,0.2882097044944676,0.24003928076265924,0.19897573301777136,0.14745686008388506,0.24927125567674807,0.002846571663477011,11.640824832750823,0.0,2.4100920579186793,0.5450947737616112,1.4145292888252694,0,Alert
0.1878472125278918,0.22401387305619896,0.11572824411556634,0.14646188037162833,0.22471094070779443,0.37354243737841225,0.38261688265346494,38.5397694963559,0.9320961424908926,9.526828034718507,6.721811890620453,1.3490453495722114,1,Drowsy
0.12286578887722181,0.15932862574824633,0.09041378992845338,0.18602335739169804,0.27988237425814566,0.4176410053613291,0.6777267520085496,7.5220240215933085,3.8897969999051103,23.6960916405888,10.945115928606665,8.923357063080614,3,Fatigued
0.31824930115413286,0.2683845086625918,0.1699815690100489,0.7047001024793496,0.6652572800248151,0.7403443001274379,0.15597905931078826,17.091782754962136,0.49753153702710257,9.78047065710193,1.379631639064312,2.170048182242682,3,Yawning
0.3162991786457389,0.3391930965917102,0.24338975403444918,0.18391674099503708,0.1977347008229958,0.32003730716782675,0.0702492157588561,17.03022546919802,0.0,2.185480291537502,2.5106528859461252,1.0569022079801746,0,Alert
0.21000109553782637,0.16014379001209292,0.12502583145588905,0.2678867210899141,0.19577225979705112,0.30882637473815305,0.4743753305665243,21.820726298908834,0.9185673419588447,7.3055558304223815,4.433716341532654,3.0386555097180517,0,Drowsy
0.08931981064862504,0.1316407725586274,0.09635511019146384,0.17947060615904406,0.2588043683678277,0.3451144411384729,0.8235372122581446,12.920445910489612,2.2318538714578997,9.34616895484664,11.341696885964453,5.202070825823591,3,Fatigued
0.23146102727571846,0.2248016151256982,0.13950808033264017,0.6162900419928393,0.5895791379266351,0.7161760916312109,0.06397238413693235,20.808945367294726,0.13825604116516185,5.411541253758442,1.2461721365393474,1.8099209105663863,3,Yawning
0.29000162251057443,0.30366287420144755,0.2674214834864687,0.18052476715321514,0.20542219662291714,0.3367283395799056,0.024774556665036113,11.740392804998661,0.0,2.3420127668024975,2.003467464954465,1.0520894934416334,0,Alert
0.1945092685057687,0.19808063389463534,0.18954333382828878,0.21923945048562182,0.2225511117298122,0.3236228298562925,0.3463156604946108,32.61272381059301,0.46361577063719905,7.904305794253999,2.9288945292304116,2.1089293528675643,0,Drowsy
0.12250917482599619,0.14263100249267943,0.08021272536697363,0.1731998553782536,0.17903412371815938,0.39285418896163565,0.8949339665758926,7.834611492640792,3.2168893007047723,19.46173375160575,7.879416135175321,3.243594399078451,1,Fatigued
0.29560230929901843,0.2517821575774175,0.19199194982798523,0.7919382360056928,0.6423485407486391,0.8757918568216262,0.2154316296855247,17.52503138360157,0.22035734383240727,4.855244426983832,3.1447691171288166,2.347444608196638,1,Yawning
0.31449749029235924,0.3244594316393678,0.2947841779310247,0.15754358991923528,0.16976954523453658,0.27995315295235146,0.03526126411492331,15.747646737441656,0.0,2.7424851954641847,1.4870019211573826,1.4393215443532799,0,Alert
0.21385458146140532,0.209710145386845,0.13722350443731376,0.22119958381910082,0.30882609071389133,0.36012034929909686,0.2102783368380513,23.40734501563062,0.7997645386677242,8.751524967547242,2.8904101789172922,2.196524235840912,0,Drowsy
0.14157910277706628,0.12646710112199894,0.09856181221982163,0.15147594311119608,0.21687546165137425,0.33451948782814345,0.6391800034231014,6.880585664790756,2.5700483810991095,19.190824318244672,8.429478974302647,3.084489547104326,2,Fatigued
0.2151532271847157,0.1999793142419709,0.24997785469181566,0.5622933194144173,0.5869465895282854,0.8445720864501806,0.19964142367902554,23.777657625620385,0.690837225337143,7.718409169275871,1.8585518516177144,2.9131085531257863,4,Yawning
0.33922786789259357,0.2850088819452104,0.2789829832334969,0.19283764895795416,0.2026730230011163,0.3283797797457912,0.05532044366508756,20.600196412265248,0.0,1.7392925251956888,1.2831268512220548,1.1797659792824557,0,Alert
0.18420334600589894,0.1835530513063341,0.15227194815002174,0.24666511533827562,0.1795022308641618,0.2972400547591921,0.306790517249671,25.68208298454866,0.5408714303550831,9.946663308525252,3.512419321101029,2.3625024105032915,1,Drowsy
0.12519439113002717,0.11381549487184497,0.059516139936445694,0.23297734502587428,0.17246583441278387,0.31476942215854276,0.6141281885467738,7.821555840361393,2.08312922816598,20.479250027099926,5.400077317369082,7.32223923539255,3,Fatigued
0.29055773378968014,0.26897631727626137,0.24044420850687045,0.7478238654378228,0.5859122748664217,0.6976668755886312,0.21641894721662297,16.696463049277863,0.17069045442637698,5.695354754425317,3.9584318760005486,2.252917017606108,3,Yawning
0.3384042269953561,0.3111000587206675,0.2684486994580288,0.1813524555221511,0.18898388197364757,0.29150255620669313,0.03188473793153021,12.041831693734203,0.0,1.1368012511438723,1.1581154370763609,0.9231073122335045,0,Alert
0.21777601158761734,0.2076552082112795,0.16200044698067115,0.19104367243382905,0.19295890855473263,0.29966656404807784,0.45736675557387196,26.177217984729264,0.9270843233814737,8.531549480693013,4.830537856345246,2.4874584179456174,0,Drowsy
0.12752393832037423,0.1486540424331288,0.08512923569073333,0.23562629076372135,0.3331701249642329,0.3601045605963618,0.6925545914092113,8.234877616431461,1.557866929787521,16.50567214649238,11.286917087771663,4.104815083267861,1,Fatigued
0.22870584309992026,0.29559495919239576,0.2098992219056042,0.6792268462949322,0.6027378383842391,0.7884486874677878,0.13296952131210915,21.982192000636118,0.03240733835305747,3.8603782777957147,1.8122823716802485,2.205855773845659,3,Yawning
0.31313470082857403,0.30194786917682337,0.24991581250836295,0.1899680384510022,0.17658219520782104,0.3235604900711017,0.03676796397105789,12.84175512944523,0.0,2.0682926958949115,1.2537210383858985,1.458427249595917,0,Alert
0.17755412554826877,0.21835969269106592,0.08550093288652684,0.167168242287412,0.25655987977430617,0.3261029439786365,0.37502660455490056,21.231133551999985,0.924332557442284,4.066122383566867,6.679762763242358,2.999908217233726,1,Drowsy
0.21000715666960026,0.15194311574172495,0.10233362550135044,0.25160473189642685,0.2599553277907285,0.32947108093236566,0.5576173637097168,12.324546291337297,3.8327830529216325,19.17236024788106,10.707380171745823,3.314167115309026,1,Fatigued
0.24208889348613122,0.3724256107794018,0.20490911604054146,0.6788240424696799,0.6605684534986938,0.6408525285244557,0.07095250729028801,17.9049617094893,0.19101271520317864,8.848953589998645,4.135678339470159,3.4725399988760755,3,Yawning
0.28846285321272364,0.34418414308705925,0.2987806540159596,0.23410721503308046,0.21961499669187137,0.2706093859424473,0.010717989339982496,18.058141687372448,0.0,0.5108989498914511,2.811627763512952,0.34625537320951894,0,Alert
0.1916933193269359,0.19656558421483844,0.1023751703901319,0.19779933193823562,0.17792892149728526,0.4245547136366239,0.21025267671232623,26.393041245106012,1.0483463308585363,9.517612278894948,6.349225121479282,3.0943507722505705,0,Drowsy
0.09328662361682985,0.14218471267491178,0.05650556837581822,0.221130798918028,0.22139030146281644,0.3982462981977512,0.789425740063324,10.028430619990868,1.6297051939849805,24.017973231349824,11.853937717256283,5.275403503742707,2,Fatigued
0.2620945158881305,0.27231041987951277,0.22371248939337152,0.7935134457530147,0.6375413408975134,0.8572325136091374,0.17574427740511644,19.198467008178696,0.7891312147863112,8.126033971979872,4.107785553570085,3.6173884452510228,2,Yawning
0.3547797944952144,0.323196565954623,0.26893944545941734,0.23963837260497947,0.2541363535283751,0.28074136279273487,0.0004742572269502521,17.109289064781514,0.0,2.6185153373230916,1.3922497179368871,0.3407761634277919,0,Alert
0.24847364453445017,0.1987412507433299,0.13502811100593606,0.21114386697542367,0.23103661831475547,0.2981676761357285,0.21886778673574606,33.73173004228866,0.6931655366025531,10.04632994308242,7.786300512704226,1.3436358987594468,1,Drowsy
0.12401668852335836,0.15871175833383677,0.0870566728630524,0.2628060829376194,0.17481067339015216,0.3833785407221895,0.8796377961937496,5.053241905710642,2.91204790721599,13.766458331622605,9.194888192011664,7.514344267054419,1,Fatigued
0.23464287109936724,0.2358474778489133,0.17541008182443646,0.725505200924015,0.6338695445274397,0.8500879473793855,0.24081878298046017,22.077092070876184,0.6429081177229548,6.7212052431252545,1.7471232286494827,2.276690097155055,3,Yawning
0.317086709387927,0.2912168886045864,0.2523122524681416,0.19176932025291313,0.24816859497695354,0.1967703789843609,0.026299679067968526,18.645204426709334,0.0,2.1094265202531117,1.3320459027291798,1.1813342875811288,0,Alert
0.23872116545936392,0.2379269500782369,0.13220048224241884,0.22113713054846876,0.19197537378851376,0.39404431453266664,0.4827829130475967,36.3596954215441,0.8701555756250497,6.017455854554155,3.2223043596659995,2.0211545130326476,0,Drowsy
0.1064486625699997,0.15486279148623752,0.10007750884564982,0.13925532975294652,0.27314220914791554,0.2846940785953761,0.8908590991200047,10.591858799798484,2.830331848955881,14.839262074454922,7.100773427454275,3.8284787092861126,1,Fatigued
0.22490063911377473,0.2277873841564795,0.19119927889361304,0.6698074502088033,0.55615873171238,0.7261763075020832,0.10451154976308011,23.330093849205646,0.38799382766199964,5.13903521529478,3.070555742757738,2.1458740571358064,4,Yawning
0.29505128680964104,0.3332660577654739,0.24085263927661227,0.16728643209354585,0.18861913076804038,0.28191487546659233,0.04164564354393387,14.701260904144037,0.0,1.9428056747861053,2.2560438203759117,1.0243195286037907,0,Alert
0.14488734088556415,0.17565635028385848,0.1935770013969944,0.1838251180558827,0.3128448736146535,0.22970799822399168,0.32970679764402944,39.83398922037125,1.1420490790552336,6.461793514914968,2.669563548600003,3.5192941721158086,1,Drowsy
0.14776988641040031,0.15198627629902697,0.07219182523439058,0.26580720197931895,0.2138988682713342,0.31332937087884033,0.9189995585210012,13.526661531017206,3.437208580632372,14.67649694181187,11.556949155883968,6.25032221356607,2,Fatigued
0.27233723468755777,0.26518652829569034,0.23874065319940024,0.6506764561658575,0.5564814658046001,0.6109342396023087,0.07137705909781211,20.58154573895026,0.6688634201334707,8.029130969116913,3.0930340517546293,1.1353476358043784,1,Yawning
0.2918806034017833,0.28797032486046087,0.21930636654610655,0.1854958866528122,0.17667400628135435,0.32646435254628553,0.011058566942826973,14.78848542457965,0.0,2.949786081955951,1.0647035323339398,0.9958062566261978,0,Alert
0.17772840888707797,0.20768005855356933,0.19693661877976118,0.21544749846344968,0.25255666790984893,0.3219277584392159,0.2866811049972748,21.724983426079298,1.149252489326405,7.025570796225752,5.4584333087218,3.376009378390588,0,Drowsy
0.12397238686598314,0.14516107199709702,0.09152519603942731,0.2300230239284882,0.2277800379167803,0.4317442842163315,0.7472306839150296,7.656094576664149,3.260882391180325,21.647016414854647,8.105761043678495,3.2927513665052577,3,Fatigued
0.3570585469842797,0.25276229907935877,0.2835098394350058,0.6458938548105392,0.5359601457672063,0.819085708730865,0.24235249566909378,17.405218806899377,0.48086613231457254,7.9686329929066035,4.802368052303754,1.7338488221567983,1,Yawning
0.3432411462844914,0.3334417232449832,0.2706114004992505,0.13938381460276675,0.1963655352458896,0.3375410310157142,0.0634638461358988,14.318591173054656,0.0,2.8469003179093972,1.8348211012477527,0.9747323360303985,0,Alert
0.1664988460744638,0.24705194936949237,0.11800460724927836,0.22054783838266157,0.2340490238747698,0.3474995987421827,0.2556061927165549,32.686587145147584,1.0546521693234174,9.1268330913248,3.8623885717750692,2.9683334514345017,0,Drowsy
0.17917911650107288,0.1715743810160603,0.09617325530994575,0.23029101313685676,0.29047868463985455,0.3888001247949998,0.6974249876110855,14.600118808191255,3.5511532253957876,22.517123871247243,7.2385254765348055,4.896742455098536,1,Fatigued
0.24267186371241423,0.22057762018481925,0.25484638214152766,0.8118402232045361,0.6850465062585369,0.8418121133991725,0.2369303905414441,12.111399740539628,0.038239767726199414,4.340453869515616,1.6692055199726004,1.543583378407548,4,Yawning
0.3417017473384125,0.3293361420850109,0.27438337332710877,0.2727908714925039,0.19750732016770453,0.3059552770361536,0.047943485304838294,15.716059521932394,0.0,2.832115553400748,0.6902118169137681,0.8514556110729528,0,Alert
0.23058029801746055,0.22305683068642312,0.16500912190411077,0.2267698161927586,0.21025315556079324,0.31667192257277715,0.2988249972123329,30.73736435941204,1.128635944407959,10.772434579723223,2.7649983600319143,1.279091124222687,0,Drowsy
0.08361077262433447,0.13406758240375352,0.07611040812903101,0.3045839180679471,0.38222468518213104,0.3648251112259776,0.7293467741726306,7.560884262384238,1.80085110060763,9.675133541851592,14.847012803428953,4.56469475611058,3,Fatigued
0.2290014870374406,0.311042827104447,0.2786766785003302,0.6768684778425327,0.6249826252110592,0.6654802343499792,0.18972711788639124,21.1511667952618,0.3940174832164067,9.404203050850528,2.9567860719224623,2.3507955804899145,1,Yawning
0.3478556960956261,0.31260904829943487,0.2913867885674112,0.17160103102530969,0.1912660433376791,0.2954621290094286,0.0645753576321728,19.08882637997233,0.0,1.3923432448703374,2.973799898752168,0.5413440828667442,0,Alert
0.2248591813827463,0.1950745395673779,0.08363828120966042,0.1909793780607873,0.2363060268239774,0.28708699286383854,0.4358965418408231,31.331280064602808,1.1658508905530982,6.545306163381234,3.317714272876023,3.032400306803386,0,Drowsy
0.09646217175889782,0.18078394400349815,0.06143560065303964,0.30217141390514624,0.25421352782360546,0.2414439371247045,0.5594865441223162,5.7978912363400035,2.5449238589663175,24.02951609365986,14.379653137964507,3.6168859865039042,2,Fatigued
0.27705124722718427,0.3003445555672863,0.17217134415350394,0.8663678243697185,0.623384678718792,0.791922251776277,0.2438075252605107,18.07473565636756,0.4589225623910057,6.113638465411473,3.673954483933616,2.8897615121837785,2,Yawning
0.3018578481950651,0.30072104061031185,0.28421402506295035,0.19930907047807309,0.25021819391734307,0.2813944966131666,0.011116792419913297,13.028965755718723,0.0,2.3294402375941807,0.9118350222193101,0.6567627150514048,0,Alert
0.1753350317993178,0.18424789432693878,0.11298654615865922,0.2767782272319136,0.19253568912729122,0.32632296095303454,0.44150530797038834,27.397772512962497,0.9188273272266739,9.803116813294661,3.2579655326702026,3.65402495486005,1,Drowsy
0.12936696469623077,0.15548505877110905,0.07328329000826729,0.2579314289280952,0.22904730373454152,0.3917193562659953,0.7008447938137778,14.063914823621593,2.825288912588288,10.341969799774834,9.797730071443453,8.054682123875164,1,Fatigued
0.3266954087177039,0.29311368574281893,0.2520316759699423,0.5961901041783866,0.5455642049959119,0.8314952680339526,0.12658186563595714,15.265059217657715,0.4833643838906434,9.158964336271012,2.2986450687407762,2.1887065736119107,3,Yawning
0.3006196849104017,0.2940802217998249,0.2550205268943865,0.21256517985802664,0.1905175111663108,0.29257354732525725,0.06834767862261724,18.241213547166033,0.0,1.8002067080414599,2.5756254819534625,0.7450240241146555,0,Alert
0.18141090728250608,0.19237370675354512,0.23829198035339,0.24160096787956972,0.2370254038386884,0.34976138859171013,0.3744099671613724,35.61570966730953,0.5534187666349368,4.400516216746355,7.241802935808201,1.2266634812883086,1,Drowsy
0.18803875890212085,0.1661190815946295,0.06990610620508908,0.24638672764721498,0.24667869116431418,0.362143427438548,0.815920017546834,8.391308154847028,1.6762623889206432,17.860654294315683,14.356029428990887,3.659682453340732,2,Fatigued
0.298663843245398,0.2465560373705262,0.15695336576919577,0.6891940600823138,0.40585044798827863,0.798886137309678,0.08607119365633038,22.9397044128076,0.008822758799308961,5.184897938146742,1.050380152677707,1.2880208395184582,1,Yawning
0.26784154338235333,0.31324766370266094,0.23542509488495622,0.2012058559512806,0.2348602311281363,0.3112949108116866,0.008831538739994703,15.61362894444807,0.0,0.677179251637184,1.995456113855006,0.5437255873085389,0,Alert
0.25294741416652317,0.2658441773581992,0.14273504439999318,0.25152816563188746,0.16658122981277534,0.3951367163152794,0.48472388095484503,35.54371818879219,0.6283242322422733,10.753676686209857,4.59437816111054,3.4860014306007816,1,Drowsy
0.12360981515213958,0.16241211509598608,0.09021557053299624,0.16046693988395727,0.20535515799063353,0.3804387709935012,0.6094690254784729,9.563079116581733,2.4645313043982235,20.141662426574335,5.903614028831621,9.805166366184832,1,Fatigued
0.22132473896143928,0.30544689410646275,0.1784240759386411,0.5279608235185809,0.4895203456678906,0.7787883171803996,0.08778596275299047,23.17264957683616,0.20500393911125805,5.661364985826243,4.485087403800469,2.9894434881994676,3,Yawning
0.3166463567170318,0.29838399813021493,0.22035766501911738,0.12312975805069384,0.15008790599173966,0.26831973295181133,0.0572450261865786,18.658918313020322,0.0,1.2059927752645676,2.5882661521461254,0.611898426745429,0,Alert
0.18168764171742624,0.21725063043950613,0.12465732560064738,0.18320750896518848,0.27191804072604153,0.3758231088179913,0.31890685159024246,21.55678306221028,0.6989077216741795,9.510140127673212,6.025972766781896,1.4805892396163283,0,Drowsy
0.13067538923193184,0.1044487478630183,0.07752613620976434,0.22136288779856553,0.2596763606970896,0.28561668622256436,0.735708947729736,9.953176469339088,2.569229470083653,24.25233507827164,7.791556626580322,6.616649818907121,2,Fatigued
0.28518680684207165,0.27190788847632885,0.20378857007429116,0.6401204476771182,0.5240688509770166,0.6866023713313683,0.21450356039966972,14.84362420035321,0.1943747667636565,7.496162690537128,2.104344353957049,1.6523429020231009,4,Yawning
0.33956199134350146,0.27828308719228306,0.2635296836732591,0.21804904064544398,0.19780678093973186,0.24836916323658587,0.0712659305208502,11.133549109613043,0.0,2.9721892803438585,2.8726734841135535,0.30175682494883865,0,Alert
0.19441976917123713,0.22178048339851433,0.13188455354287412,0.2657009424351252,0.2808021903545305,0.2753529015935169,0.432343225782795,20.67578301896497,0.8745247964217073,5.493863952778968,4.075697107179217,2.0439059984656494,1,Drowsy
0.08748667777080191,0.11406282958134752,0.10544533839829215,0.23044688092650412,0.25165300931498796,0.3155457574808564,0.6851782284181163,8.0998013643547,3.83135781521495,12.223964915084615,13.352913859411762,4.925894301632645,2,Fatigued
0.2895977620551727,0.32039242146664587,0.21368424158601673,0.8333807318740899,0.45846569751633504,0.6576669292176367,0.17416652655483858,23.58293987037544,0.39694074088089226,8.773062148538441,2.60862552737587,1.3071833883795296,2,Yawning
0.32941387270427036,0.28972296206108095,0.2866571648741438,0.1630673376339135,0.1855672412739314,0.25341049857035725,0.012531790269090681,21.434923762762118,0.0,1.5135099021273102,1.343049774775565,0.2184628030219941,0,Alert
0.19222328354643564,0.18721589656765336,0.14057243993237303,0.18933312803233482,0.26631514920743593,0.30700277487637057,0.397940810420095,28.918946106411475,0.5797285600840572,9.81490852814245,6.247172620725225,1.4598884815461624,1,Drowsy
0.06541259452727453,0.14938426995173168,0.06876139772284147,0.16855476967441363,0.2875690584502314,0.3900347088457545,0.8755316526371373,9.935091826606,2.013420461724963,20.532870513247055,14.096270003006383,4.723895138722213,3,Fatigued
0.27685279176929745,0.29423320293875355,0.20463327796038258,0.6982883316462737,0.5350118107398809,0.6430571839133056,0.06430060486632708,17.0655464897455,0.5932824157897669,5.7051034565157215,2.3211767018725364,2.786067167530936,2,Yawning
0.27619355061603507,0.33069619686776175,0.2552861923387968,0.21736517700223693,0.23793970721067623,0.29719344604192355,0.06333560793613974,12.317893013451759,0.0,2.1698111839902117,0.7336698422611089,0.8602051860787259,0,Alert
0.19131577830941002,0.18662320139991614,0.15034900119055863,0.1413939301127754,0.23851843577825396,0.32076738939095156,0.34357511972983207,33.982124107993954,1.1374313864868209,6.987028476294721,7.4127334294723255,3.7523686656730404,0,Drowsy
0.1374006631100817,0.17598353161739272,0.06278985497799569,0.19560721462613967,0.2684782986686906,0.291856936907745,0.8630606251291506,9.553184100619283,3.2451858461966223,14.595186867133165,7.078872185313658,5.787046454660345,2,Fatigued
0.1772649713827587,0.2726818583679484,0.18229642828903375,0.6806182314540549,0.6067187062741519,0.7057944523104918,0.16078834677092751,17.857572406609528,0.22842005737227167,5.0862976595394915,2.532405734362338,3.506712129893681,1,Yawning
0.31935530896095704,0.2947571638512685,0.28191887166915897,0.17031452629860955,0.20429987268009978,0.2758017213956311,0.04183852120846661,11.374074357627777,0.0,1.5021130891336973,1.0169013101744042,0.459591054018633,0,Alert
0.261936516547287,0.21153010543678577,0.14013898444111633,0.25528106162834197,0.21999790435737612,0.3760838159657185,0.24227118310639506,24.358089396307697,0.9181360021695805,7.374039842273569,2.8808097905239785,2.4369818009179314,1,Drowsy
0.1089613128762535,0.1324837035070741,0.09065566418645249,0.19972366587447396,0.2313954479931804,0.4425365976596781,0.8356348090740069,12.359353919374456,1.8456888191945215,24.425026422187123,15.673415312253603,4.4313842283707645,2,Fatigued
0.2550218632346858,0.23752006495293784,0.2289343538909179,0.6407945601336701,0.6033119657687229,0.7108757271389898,0.13571292252035844,21.445614955743892,0.40804818283531497,7.353738368916836,2.5814260434455325,3.3046203034224724,2,Yawning
0.2760578316959489,0.3277476472828227,0.28028509714230515,0.22607459410772382,0.19413674378621348,0.3018532682400701,0.00851854106277651,15.902282456717769,0.0,2.4211694891603344,1.0541182865438978,0.5503370651733723,0,Alert
0.20998157988755564,0.18333703983045582,0.13257992108310745,0.23332922139960088,0.25897449461643,0.3533774040184998,0.4958083784589289,23.60847644162741,1.012820719615437,6.710409359416904,3.053758793408014,2.264130823641565,0,Drowsy
0.16847036260705278,0.20946150570740568,0.06194551090842712,0.22970590989780645,0.21513618297794296,0.3443068546284155,0.5882175498259066,11.58866666922022,3.1177781524352364,8.561887312950477,5.014709176571312,3.5517265406994882,1,Fatigued
0.2402785330949174,0.27270844013258033,0.273913241154705,0.6717012611038914,0.4996340561184245,0.7181790486922519,0.0973851841462895,22.090229396522908,0.7771873720338486,6.264755321522664,2.221412854191159,2.2875717458801033,3,Yawning
0.3318945808680289,0.33783841775359835,0.2604377764232967,0.21267808027936463,0.22430081715518352,0.25100555664799795,0.07656856768000411,18.361546167572094,0.0,1.9900754023745026,1.6509654391876014,0.6737328257940243,0,Alert
0.23900746832756126,0.18196940306134962,0.16416953098681017,0.26536002003258996,0.21914980463900618,0.24892676564217373,0.4374920216549189,29.514081563781126,0.829298623788395,10.169088385366578,5.967591837590549,2.228034762647178,0,Drowsy
0.1518710795671816,0.18078564988689647,0.08834591461825012,0.21513315633120988,0.20597936565706843,0.3310810901843115,0.9485802020400356,12.872503026693629,2.5218525918953065,21.996907108084386,13.847850311548994,8.529823316988832,1,Fatigued
0.24455548895655435,0.3004566267544292,0.20431935682900917,0.8885487330519817,0.5616043820313831,0.7547753504463789,0.061147105300280426,19.461499727521186,0.6904230234002279,6.369678982238993,1.3141087437662913,2.6816180572503128,1,Yawning
0.3004513233595059,0.2879348486387677,0.27807515242274533,0.11898765227561806,0.2250990724370394,0.3331695299761292,0.026807394741467407,10.414046517979912,0.0,1.2203128221367294,2.4211197511490443,0.46685352304494226,0,Alert
0.21878040813187016,0.24329981400165396,0.12386810748498636,0.19039082451279862,0.13932872455724626,0.3139113436653414,0.43356915426402787,34.68809285086494,0.8596596027784136,10.578197691783402,5.376017244105852,3.8931677699717806,1,Drowsy
0.13465466028596068,0.14203433932914902,0.08235177259774405,0.24757036980360092,0.21684192970604307,0.2962179471304891,0.8368191754828418,5.842705591807656,3.5296542495814602,20.221418058281436,14.484886440059453,3.70168959187314,2,Fatigued
0.2027365496113846,0.28124928739389093,0.21647929472034835,0.7291817367660743,0.50363627280589,0.5495757015324639,0.1322504796957738,24.089248082977054,0.2748252891986353,9.744389950593208,4.6410870850157995,2.8915634267445203,2,Yawning
0.280003141232557,0.3538720523122014,0.2263820983450702,0.18000641610393345,0.20839244002099955,0.3194433556591085,0.049127259038056134,16.38292836257563,0.0,0.7296258430730025,1.612546709313388,1.4993567466210715,0,Alert
0.18048030135991416,0.20346704873622776,0.20007282402934393,0.20769714331536804,0.23080678111232286,0.3470660647004139,0.48157567873355156,21.077965807875778,0.4097438683332332,9.290704910689701,3.7361144613334774,1.7605030483173194,0,Drowsy
0.20585703153894785,0.12826810877922074,0.08110236246579058,0.27898527622738056,0.2860449046015134,0.31597038927513693,0.7271400789900843,8.184694256023054,3.3080736465138365,21.627296502421732,15.292310178595528,9.843720898900953,2,Fatigued
0.23584056563136496,0.35140859332586993,0.1803790538987371,0.9189063500461143,0.6525378431217936,0.7915255631497776,0.07192563888068795,21.74513477793731,0.10870892010207536,3.466395988872623,4.90431874488587,3.8709753066113244,3,Yawning
0.3296207158168861,0.31953877937084096,0.21308994952775553,0.1745465336155854,0.24727923576823954,0.22171293877136244,0.009938936444464721,16.953930193483135,0.0,2.1628321504593138,1.5972718505155972,1.4391173298025175,0,Alert
0.16002410258012212,0.22029979648174328,0.200779011975054,0.21039769377965883,0.203179799057382,0.30823784018048533,0.37503069041326553,38.9574033723936,0.788057588450539,11.248872645176302,7.010141530230164,1.44223835090195,0,Drowsy
0.12604067073904632,0.1615021564197954,0.06871223802588554,0.17682984187271966,0.20001404462743105,0.3190539593282277,0.7929066680405952,9.76624160508629,3.664252480810009,8.545862868194991,13.370283058216643,8.340642149580928,1,Fatigued
0.27340217407648687,0.28694367317722946,0.191516413203183,0.723376240552724,0.5297273334715716,0.7501785297729922,0.051391517460658245,15.121646065869758,0.08064575771126821,4.821479575550275,1.7081731781135896,1.0855600745159446,4,Yawning
0.30502992718811045,0.31062201316226584,0.2717616919948901,0.13453410152714967,0.18043621288718292,0.2461977086476537,0.04037128447584602,21.706833560272983,0.0,2.040676223022979,2.840370261282558,1.4471938107030318,0,Alert
0.18035372078126627,0.18975156002314783,0.15476532210285193,0.23449260004643238,0.2268045726776213,0.3204420886177442,0.2034716596265811,25.991853111704312,0.8985294029956639,7.754319287499863,2.6996177985728043,2.1033612564416906,0,Drowsy
0.12476056162955117,0.17720336261656025,0.07620613013095186,0.2824792265523309,0.151257201361956,0.4951266667588078,0.72904954906621,12.751907692939056,2.8169222681737303,13.384191074428674,8.356056179560218,3.264231218772034,1,Fatigued
0.32215311292641713,0.2949484637961474,0.1365689057328009,0.656660263897912,0.5713489801166198,0.7942227084977543,0.229971456369839,22.639234417471705,0.7922995436630901,4.345209132501143,1.3469910712158963,2.0110083740117757,3,Yawning
0.28418360282354116,0.2969264589250388,0.24671235417008064,0.19653111003434,0.20179739711273786,0.29296709234387985,0.04455616733313402,17.86955535879664,0.0,1.7425591194430166,0.580158792736354,0.9960046754925158,0,Alert
0.18108624637443568,0.24274164815985483,0.11659568355836686,0.2494107723989995,0.20322508494822375,0.29698466187128186,0.3115984279367486,36.94024070778167,1.0623296497192514,7.06259366370803,5.534712415881419,3.1624489494247467,0,Drowsy
0.13723245756906574,0.11542642080838886,0.07482030938131551,0.3633223186288939,0.18605850148589903,0.32421545840415655,0.7430022365528454,8.411027138024581,2.853988656995857,19.478220063697606,13.233058267675938,6.237431472839154,1,Fatigued
0.2234629949473079,0.26946759922744823,0.16805841941764957,0.6977254022086592,0.5775508100400919,0.7264337887600003,0.1937062636244492,12.94858832803394,0.6569008835881438,6.451245850781433,4.387132108675317,2.80221932335118,4,Yawning
0.26895468376223786,0.30403789189568403,0.2571022319533821,0.1620126170670298,0.1988532739652881,0.2375048413168207,0.05001736469222818,19.928610323288297,0.0,2.1966235929571667,0.6629994167653761,0.5996622923121884,0,Alert
0.2141679164367852,0.20517483262231198,0.1300446478164121,0.2575955957703785,0.2179173073926085,0.380661991913237,0.25322949567487946,29.549761009248556,0.7956782165355718,7.919454025958886,5.232635516690697,1.7729710689734652,1,Drowsy
0.13934465131171192,0.14583735807831488,0.08395932199947109,0.3017439508693169,0.21930053806697217,0.49041778988271834,0.7066666171515236,14.154768812183315,1.814031758800755,15.113595425175875,9.479304803842378,6.487055041758039,2,Fatigued
0.24402226872517097,0.2690448163008979,0.194464696855568,0.5562544267741862,0.6149600470855225,0.7318289775804492,0.15842750186123333,20.96526464489657,0.3754586376347761,6.077590138414155,2.785146673897405,2.2327647090815166,2,Yawning
0.2634089416648054,0.28192882740872677,0.2583243380022187,0.2901615243568448,0.1939298327938974,0.27267019027162875,0.05043207408287996,13.614708976747353,0.0,0.5464267969127472,2.7216066734073876,0.4949709974169508,0,Alert
0.20530657518290027,0.21698451125088933,0.11843938867553351,0.24529196839133202,0.22379427026465123,0.24096499741630387,0.25162995579495867,26.108633853660645,0.6571699823582435,5.277039466022113,3.2310970003709647,3.36565552602477,0,Drowsy
0.12494330960848637,0.1851461927962948,0.10376694535243039,0.24088421697155354,0.26682973100231755,0.368329813218811,0.9063307014297074,14.764900340442491,3.2505366471133357,16.539129200249615,7.162052102718071,7.937663917531921,3,Fatigued
0.30657646962141083,0.2977703027314161,0.20137333554275344,0.6510000797694345,0.6068507145145341,0.8039755982246896,0.08874778660496213,15.402787297481307,0.4100727402138371,5.314205669790013,4.44204594634978,2.4212804612161607,2,Yawning
0.2810960580908593,0.2735800509456955,0.26094949008752655,0.1288102810335503,0.2371175021891875,0.24420565002041225,0.04079459963261188,11.557146801955172,0.0,2.375153310360868,0.7480722402066915,1.2907639185031645,0,Alert
0.19398934994900802,0.219736446250222,0.14682837879635005,0.24313143676846394,0.23131134320613805,0.30736778674049997,0.25527952285122313,24.26121102035071,0.616850392112291,6.433970491892677,5.086877852786183,3.1403720813021323,0,Drowsy
0.058117531350087515,0.13642039307073736,0.07038851173595051,0.14625539679762334,0.19370336839138264,0.23114981174464194,0.9417047462434569,5.886329747495807,3.8055771745968245,16.16402412900745,13.108649191494035,8.811280766323858,1,Fatigued
0.2749458672237878,0.30962061845992517,0.19967983870042966,0.6872111728058663,0.5978698716717573,0.8449792019286504,0.24828633831161762,21.271847066002366,0.13122458516751154,9.688623944920685,3.6711089057830453,1.1780146924191697,3,Yawning
0.3045280903785233,0.35049737880991694,0.25150128420524953,0.19472967247232884,0.19392431007592753,0.2869812563337794,0.07983321075298302,13.103010658633286,0.0,2.310512282020925,2.7700871908393037,0.5063932486299223,0,Alert
0.19180979755932248,0.22170042664575595,0.14843576053730828,0.2933024496142405,0.17409162592210636,0.31387820051263016,0.4116787369329476,23.81618982892614,0.8422734367878146,6.025962904322006,7.733728278688137,1.0858935815069586,1,Drowsy
0.11234267657049268,0.16845404637049252,0.044375521711963156,0.26152973195513257,0.1769871282865007,0.42334469990997975,0.6834459563910726,5.379383129359355,1.8674010147595288,23.59032938071314,17.977606575352205,8.463644031087245,3,Fatigued
0.2156473471485382,0.27610061275215,0.22220358797766349,0.702450989342615,0.5194614082965578,0.5263930347246464,0.23548456729655248,18.772888052441644,0.3900787504396488,7.048303718930129,3.7569189454518077,1.320650125261094,4,Yawning
0.2509518809743201,0.3036089871540939,0.2901954128961504,0.24847799741951002,0.18258613382652245,0.2982206001995943,0.05932138018615923,17.19314070532502,0.0,0.6439296632569929,2.4436140706335276,0.6980043657331406,0,Alert
0.18212132971623024,0.17106471254343428,0.10095629169911359,0.17048146508700537,0.2120995577913002,0.3308033016784662,0.49118002035723757,31.098632887486865,0.5463391987370503,5.049723863453492,5.5490571928098955,2.898998331540784,1,Drowsy
0.17084821708950254,0.15113340588143342,0.09364156391480453,0.2727186979696809,0.19949167933353473,0.4014278199051631,0.8948336343360925,13.93443465376265,1.9853817415463726,10.217745821373697,17.682864591658458,9.078267745552576,3,Fatigued
0.26430797796426475,0.2999465296791519,0.22574675012089965,0.8461874751655963,0.6823881387930804,0.756371966609114,0.15052796099510707,18.393547190191928,0.13743128758221346,4.950996005988043,1.6354107677758232,1.5869988868760272,2,Yawning
0.34612511107491606,0.3020735117170274,0.24903278249506525,0.20324881509006415,0.20713208767039587,0.2715783144170704,0.04503198610854319,21.404121718166863,0.0,0.681055782151712,1.2381515752149348,0.4516063852114444,0,Alert
0.1365346558671604,0.229435629555157,0.15258708029946053,0.17970701498682312,0.16753293855046245,0.33409065743125715,0.34393140733471333,34.914766300823786,0.5642173396405268,6.343245973613833,4.076665922564691,3.240179311603095,0,Drowsy
0.11702087450999415,0.19371461233445147,0.07506857891480852,0.27675660565270455,0.24025526163853259,0.23910448819529506,0.7323784743074645,8.444280462171882,3.2343532467458216,20.91255117653644,16.088791597391776,9.8099962329724,2,Fatigued
0.2299248989764997,0.3160960246895451,0.18909358239100335,0.8408214703869243,0.4518592618599867,0.7284691558727006,0.12406403509010444,12.263071024319355,0.4191945339717338,6.535404601892861,3.101001859321953,3.9220936749161917,3,Yawning
0.36758858886392565,0.31395855098197933,0.3001898318329115,0.158253625998918,0.21439384142863996,0.3157843479545304,0.016668863125988587,15.541244396755348,0.0,2.7758658657716384,1.316852656193428,0.848349474619511,0,Alert
0.17469676770029827,0.22687388832705307,0.1165213040539238,0.213606323112745,0.194241396098027,0.33154077924158654,0.45077287466178645,36.29107574039993,0.8268840808978476,5.1293282655762376,2.1534738991710087,3.390126002627717,1,Drowsy
0.13933045223134574,0.12990982338134352,0.0821679649617642,0.1768737702973613,0.17401548282265544,0.3941647253626926,0.5640259796074876,5.372538806141961,1.565868330484794,20.565119341321285,9.134126162585876,8.574101301773645,1,Fatigued
0.29226705608657455,0.18170575303584802,0.15983681468179892,0.7555508178268312,0.5590994363287011,0.6680995241833719,0.11539552464854785,17.752387077684485,0.5175573666698443,6.458880187988894,3.4811152684033715,2.6326000063408834,4,Yawning
0.31646944454429976,0.3138622926738005,0.2950327900314713,0.18214860727376325,0.23349902407028428,0.2893442809728067,0.031852395566781995,13.628603273349123,0.0,2.489266712737094,1.3394664587570904,0.2041265876398542,0,Alert
0.20299759543174703,0.21996934645228128,0.15299553234219992,0.23701930732253726,0.18663775544869793,0.2614257955726095,0.3976358353042739,32.462658415053696,0.795671822407851,5.6901098584701435,4.29190081814182,2.6307819053955086,0,Drowsy
0.18422892417012057,0.1828285725544463,0.08131577297297925,0.32314657235949185,0.2335970205356678,0.3353953818459255,0.5686319768346166,12.05113146638995,3.6257468414294793,15.379208390871668,17.070786975551584,7.132093502289197,2,Fatigued
0.23888510781983935,0.20823949282723547,0.17669773968546607,0.6278252710610617,0.5273299918640397,0.6139056386207696,0.18056267336284865,23.129899953721733,0.22970546974971465,4.286098382390062,2.51538985940222,3.683149229115567,2,Yawning
0.35203312196392245,0.36066678001395686,0.24946750106038873,0.19116398996315573,0.20222012035828596,0.28386945730952057,0.011162142444773543,19.321219256200877,0.0,2.064616665126525,1.5228594697940556,0.5302274938242315,0,Alert
0.21286283776642292,0.22540927191374452,0.2058034865086516,0.2582281588445547,0.21829634212341167,0.2754782123528669,0.2581100878357106,24.16767358017651,0.9290431698294933,11.290049214674305,4.422539662870079,1.6232478190365711,0,Drowsy
0.16204609767387704,0.12510564166617238,0.07393482635157826,0.26432953398675285,0.2460743438300644,0.3916727820228137,0.8704032972791664,8.972073043068972,2.0304509564171833,23.491002062610782,17.130766289280842,6.483026009078948,2,Fatigued
0.29308409527053364,0.22475956882101517,0.2397150987275475,0.7160797896346092,0.4625325167191091,0.7600769131902911,0.1549376824186955,19.216073818689466,0.5939660513708452,4.539180927951444,2.473241528346927,2.092082407643699,4,Yawning
0.3227779534793894,0.3138170541151918,0.2790239977013583,0.23123906417589837,0.191283315808415,0.23202966000292297,0.038804426476477215,13.075517947535293,0.0,1.8213496508907197,1.2269798605546187,1.093752720645741,0,Alert
0.126409873732389,0.17461417678287372,0.13875570025134246,0.22746031248960277,0.17762089551068802,0.26638058726288594,0.46842476629273944,29.934476521963564,0.8800115819845085,5.44654783201916,5.245654160029561,1.8239445786054649,0,Drowsy
0.09530765068681366,0.20082682064061053,0.12238480774457902,0.17375419902887682,0.27268146745036764,0.2889672885259904,0.5896778120451515,14.08887440386468,2.0375564233904617,11.478091442960189,7.359603501079442,3.097871990799553,3,Fatigued
0.330330707246824,0.2538439586308315,0.224087759161096,0.6872133906610627,0.5380774171806652,0.7532045745812026,0.1205754701008668,13.8597888686612,0.7397069420781626,3.7280871799955624,2.55082665252435,1.6782975808800766,1,Yawning
0.2908946435718883,0.32482033902672897,0.2542369947515497,0.20601897995095605,0.20472903675322832,0.2877982036964875,0.07742879392651328,15.734687931348995,0.0,2.3184932346148788,1.4267766425944601,0.43967870942560194,0,Alert
0.163136715528511,0.20581470576671182,0.19309372198511332,0.26993872157691035,0.28123571509582257,0.34396250479483625,0.2348542325035673,31.100370484105824,0.6297700569018893,11.521408506408452,6.5724299206383545,3.917543446479228,1,Drowsy
0.1433032066109408,0.14710673479579792,0.04268070903411461,0.29455075547041204,0.23440389350796656,0.37208036043044396,0.5879482850700719,14.968488878594199,2.169612301397285,22.471383427893326,7.152030332700134,8.119477802441647,1,Fatigued
0.2783355603982827,0.23685675979075452,0.239544351739967,0.6495089842661266,0.5862227944326518,0.8621200277241726,0.12284044452990323,14.729113811755298,0.6209214912844984,6.404863692937606,1.89900015270943,1.5855238451200186,2,Yawning
0.2952364381092545,0.3124052086860462,0.2552752644733611,0.20566071100297523,0.18864001141916148,0.29545338796463383,0.04123979807815924,13.137914844731432,0.0,2.3066180051526715,1.3033777504743032,1.1419919516648125,0,Alert
0.22925637257313217,0.1933807024722197,0.12156170866204478,0.2199261564654352,0.19456219889548654,0.27613121077099795,0.39373710733852185,22.351992331974035,1.1586475043442932,5.798503196081477,7.997813752552663,2.4872013859073814,0,Drowsy
0.0888277078731608,0.14388735115186407,0.10096407935350551,0.19809117588342343,0.2159864536397405,0.3856123659375914,0.9336175987485631,10.024027934801268,3.7924468725462566,20.015009791647728,14.39163449929137,3.5953053491424978,2,Fatigued
0.27366255727003236,0.26309793894083416,0.2011335511793438,0.7705483868012876,0.43099430240123765,0.6639918487617477,0.19145358373328786,20.731658743723116,0.15694448555038296,7.70020621910253,2.00972477640816,1.0556750095705767,1,Yawning
0.3019078082627472,0.295385664398027,0.25486690926595407,0.17976388238430543,0.23837251608327267,0.25637983405612946,0.04767414496933871,17.732388405910807,0.0,2.3937745570462647,0.7949474985925643,1.283172293983341,0,Alert
0.21915629951802798,0.2439524755941868,0.14996244384250432,0.24584518704096686,0.21037648414444002,0.25189783145726213,0.34821286008072,21.10435253500811,1.1637100106880447,5.028618086375028,6.184767603360362,2.5186931082726405,1,Drowsy
0.09825107296373342,0.1394767339406634,0.0811486812059527,0.2670832012257969,0.1605768002591762,0.4283532616580104,0.8587857737399534,5.384256456390586,2.5042264214040357,21.584248131265333,11.795064440298809,6.850271186990227,2,Fatigued
0.27067910359486635,0.30255533544516955,0.2000585141925516,0.6261074502717447,0.6366556028092227,0.6352146790922676,0.2087182394404647,15.647672807666797,0.4454387074985373,7.961100059334297,1.537724331342936,3.4422007178538006,4,Yawning
0.2786689251142157,0.2632648128935938,0.2668055172550371,0.16977523504769845,0.23866695518835962,0.26900537748358466,0.015702976011446088,12.460661121026028,0.0,2.114398928826719,2.6150085584934923,0.813857190203628,0,Alert
0.17380295567471055,0.22657931218962535,0.1300676008609722,0.26654616092146416,0.2724249082566757,0.21960800501677752,0.3215468621258495,24.211583810098865,0.8743907910260078,10.0473433170011,5.869031576121179,1.7033465464241186,0,Drowsy
0.16818272609906149,0.11841919777764141,0.07184545965462763,0.22443895512457235,0.2460463098101443,0.23171112200060506,0.7855037854260039,12.898681073797428,3.1405997331208964,18.3488915272024,10.35316635731507,6.316659044720971,1,Fatigued
0.241638733072844,0.2874517009491152,0.20874873064565952,0.6666548207441286,0.5492801593223366,0.6717581581181945,0.17184453255387094,15.57380838726913,0.5734381733594965,7.164412146432101,2.2992964389942188,1.0761144641269467,1,Yawning
0.2826916878510474,0.306039723995017,0.24487718719695922,0.16654476703957266,0.15043849197183012,0.35064466738598454,0.07754043709757447,10.672962031164051,0.0,1.9785753972475266,2.6457736012676203,0.8249631861326394,0,Alert
0.20336557277274275,0.2091514658876421,0.12562389877411353,0.26209023734975856,0.18157636549998368,0.2799015199108541,0.3640748878346664,23.7430438519786,0.4260993771251042,11.566649368926956,7.554443794648515,1.487961561286363,1,Drowsy
0.16430084590617486,0.15369717308120728,0.08504389708468574,0.14148457093242994,0.15188346587177126,0.3367660435839611,0.9065820258225489,6.658779246625355,1.8737715988017403,17.807462100486774,13.547424989804245,4.362334780271956,3,Fatigued
0.20388870831496392,0.21736814813157782,0.18614206810570502,0.7381204851519539,0.48835259853456287,0.8179290636485127,0.2017547124507877,19.294556643240664,0.24018036339812668,5.801643275463582,3.759554928953614,3.718292348931349,3,Yawning
0.34438545709148316,0.3354741069562238,0.2810825401661924,0.21384209240348132,0.23273896868885804,0.2776745082200308,0.028755602094579134,21.120490052069087,0.0,2.2466424502031,1.1429428400610682,0.9333103981952127,0,Alert
0.1662763442341768,0.21205082879635043,0.08938162761076496,0.25324844412799025,0.24614667898864426,0.3363585276438895,0.4028168015039759,27.13967384280226,0.8101504578630492,9.405974082777416,7.7615139512086255,1.7610083773650893,1,Drowsy
0.13206557733551655,0.17275723428618067,0.0821678693329639,0.23576241543858942,0.24572229154197642,0.32673743600341415,0.5786717518701339,12.062129859650655,1.584928303332377,22.32178137108339,11.057271362089802,3.6541773886821454,3,Fatigued
0.29393192717219474,0.2894475796897761,0.20559573693881272,0.7259181360665343,0.5647566231299103,0.7386175602565778,0.20506315077607523,19.467570279040878,0.5565121725751488,9.470214485052004,3.8495761138916866,2.105123522754202,1,Yawning
0.3069827903935082,0.27060631087296366,0.24794405981964573,0.21983137101200317,0.22288020916299667,0.31271431512704423,0.04314785638727038,20.39010746499498,0.0,0.8303584454246513,1.9886975166641827,0.7841459682523682,0,Alert
0.15362167454317877,0.20028996313028982,0.11492248445661246,0.20910156072931027,0.19453291374027776,0.27376401682535256,0.41620036023804186,20.971008544177263,0.9209538465206886,5.771279278345519,2.4911690354977636,1.9024184832563025,1,Drowsy
0.07830090639042192,0.1547987055544985,0.07534415999229106,0.2763665142451502,0.2372713483307505,0.34068916206485994,0.7624437690176622,9.08221822588232,2.184606297748148,10.232495245993396,15.649138501250986,9.973016694869344,1,Fatigued
0.2727627330060646,0.18263596861862652,0.1586155701036354,0.515755100034878,0.643324860723315,0.7362536982043408,0.07104837961553048,21.99635607307215,0.5509018418359986,8.191625666334225,3.9378735435012913,2.411775447405351,3,Yawning
0.25136220986550173,0.3037920639248806,0.2776212437476133,0.22162358167248963,0.2185724950816403,0.26497964077442004,0.061329813213958896,14.346145090697753,0.0,2.3353113591424215,0.7601898910456174,1.226133527042718,0,Alert
0.14481304856533692,0.21572666659734016,0.17753751789574057,0.27505336634708777,0.2757243162788719,0.23131404377053785,0.4629815835111795,38.56433591295189,0.8230441745254131,10.030427870148358,4.635819633967982,3.2382464697186792,0,Drowsy
0.17304569138880604,0.12415249091789614,0.10713819256370802,0.3069205158108091,0.2407741976369988,0.40595255331919144,0.7142066561450202,13.661287522923162,3.3560512796784954,24.13258630440332,17.221584613036924,5.676283151921682,1,Fatigued
0.2851744253371557,0.2610279274430984,0.22717175279929397,0.6231890714530095,0.4231183840555759,0.7160879142133924,0.2224808704586178,23.1054800045479,0.017841363918914867,7.2665358571460175,2.4713288972838257,2.2469830045013475,4,Yawning
0.2756287663595353,0.3186509736979887,0.2774849562163416,0.2069078660047521,0.19997165556681754,0.26758269685953073,0.02800055714485439,16.963986283094908,0.0,1.0636434668441468,0.6622480430793118,1.0137129479033191,0,Alert
0.2547661111407197,0.1852142506539124,0.12126987046231502,0.17517233670465007,0.2812394809677766,0.38761220708230393,0.31169444233227955,25.60106411233113,0.6189605035908767,5.397594811367187,3.952429773977523,1.5983210110396597,1,Drowsy
0.14142479255035761,0.1768544372270237,0.08530327845493176,0.20755007397634212,0.27534427143976675,0.2680280997398649,0.7930494303535756,6.534568321081621,2.0168666143505978,18.56770282673463,6.666989314949063,4.85626612591226,1,Fatigued
0.2543273880932336,0.20838846613142809,0.260377962016106,0.5548018902799923,0.5724867851315683,0.7690603866697878,0.23309459751470302,22.096320966844097,0.18266466927464836,3.1736653102979604,2.535095721422495,1.42464655296347,4,Yawning
0.2945840073540858,0.326697332977919,0.27436738615788164,0.1951705302906821,0.18278365822973855,0.21253616161172867,0.008154704430608683,15.922873519227773,0.0,2.24136766071426,1.177875902943049,0.5857247010872902,0,Alert
0.16204414783901927,0.24254233123344512,0.17024067169149038,0.16841499730303144,0.22641118883014721,0.3812418029351454,0.2093283865829168,29.228023816511524,0.7702079527151784,8.350387958436862,6.025753406261313,1.0579552106030214,1,Drowsy
0.12768505674366207,0.15175562399699674,0.05413394361580466,0.22467612539447843,0.23421645132055782,0.442518340870318,0.6904574762227248,8.610996406264668,3.6305355168074485,17.414157223005446,14.332282064706426,9.279269613754792,3,Fatigued
0.27355032649121463,0.26614805202247177,0.1972685516894284,0.6589261091904397,0.5318638364750484,0.7924693729653719,0.10461629006426368,15.934089706064553,0.4898507078775378,6.068329429300476,3.9069393454133703,3.6847319276939974,3,Yawning
0.34304104576784145,0.2815806649125944,0.2617740661379241,0.24116012959912653,0.22353640408859096,0.3109101543146063,0.05314831621275094,12.950060052166211,0.0,2.6669714953756047,1.5906891390989162,0.25747396711641074,0,Alert
0.22389751369430272,0.19467793876294096,0.15956460578539094,0.23290529273241223,0.18240081630401556,0.3501767629595214,0.2160241289748646,32.302531651006234,0.4379188623449312,8.901776415534055,3.3534796649665704,3.713968187226489,1,Drowsy
0.18049943727782589,0.15785536726102248,0.058245026492926635,0.23380538183823996,0.1952590606315347,0.38857132963777685,0.7231404427182684,6.976709368742689,2.871208964372811,9.972908809537671,5.300389086237243,3.3579214667468804,2,Fatigued
0.3162864095828762,0.26629216741297856,0.16421830483491381,0.7635694311510897,0.58020884779624,0.8089323221308243,0.18286696889245557,13.698434812056428,0.5119445499604198,8.405066320451809,4.442406999441163,1.0396938375808547,4,Yawning
0.2928466927417184,0.2728984267302652,0.2449863802589669,0.2205750854645543,0.145601057829011,0.30548207358435037,0.014258647912926676,20.3101863929333,0.0,1.5088069162680735,1.4963592859134562,0.42085267724860603,0,Alert
0.2285902849464215,0.20400245051006774,0.15381246949528474,0.21441831828288385,0.2277034977197417,0.308576372809523,0.3178282756774158,20.08747964566019,0.6190974557642968,8.781031945564479,6.795595795759808,1.4001658512797786,0,Drowsy
0.1253602738412588,0.14879737953983896,0.09212346612870406,0.2030701209058744,0.17569571839854087,0.3726918624187075,0.6056236503175718,7.189802298915575,2.944407668744269,9.107286524547337,10.644841750189428,3.9465949566861473,1,Fatigued
0.2677828792366524,0.265286601152433,0.2284644089461835,0.7121385124333312,0.45777723493659733,0.6732000754163737,0.1261174389795534,12.241126544417297,0.5797634201188465,5.4484071982655475,2.2532952143071667,2.7944231961115986,2,Yawning
0.30942045087184494,0.3120326010706685,0.2833443546660875,0.26353788704960446,0.17945038462568758,0.31204727055952736,0.061090553243770725,18.255808258284038,0.0,1.3070362442846082,1.863720370142405,0.3914559510478247,0,Alert
0.23056987495063824,0.20746396061790282,0.17510231189088896,0.2091376678482466,0.18167746003656904,0.33870862705544086,0.3743318734093689,30.119666583141267,0.7189130681571072,4.957043516128563,4.500251983083379,1.2182871287188815,0,Drowsy
0.1116923229890657,0.1551960242118973,0.09541459827027547,0.3276221024904071,0.1756760256484471,0.3936211584412449,0.6565988800051381,12.6253511205402,2.142033702543098,15.586458280768277,14.032256981784201,3.5573137592920645,1,Fatigued
0.3280077105953183,0.2947448502562945,0.16701457744384562,0.5118127111238118,0.612255223465694,0.7042012155028459,0.0761221520072265,24.518401396479288,0.507868924783374,9.20834707074523,2.704925833059057,1.99683721117599,2,Yawning
0.2892817437555003,0.3293749021758249,0.2299150665791036,0.2098084869387342,0.17616362575785902,0.16709460167021895,0.06653120321354647,20.752340383899917,0.0,1.5365501559911947,0.544261112683093,1.320305991726161,0,Alert
0.21266974392349625,0.18742730971241583,0.13787283912417894,0.2065933210709446,0.16766401334181838,0.28548618833813977,0.4715264370164793,37.386802158147106,0.590159008244983,4.649502296403449,5.762830364366705,2.0091061356511295,1,Drowsy
0.1359616100612467,0.15935221380346395,0.09595439592521875,0.17467269932434565,0.227661888279513,0.41557997011904746,0.881983003662473,6.544149443399924,3.55695341216542,17.18500212543023,7.898668344129767,5.8499896918913805,1,Fatigued
0.2228405873564278,0.30396594575162045,0.21463052123028545,0.7730583804112623,0.6151785252661812,0.5828360245506101,0.16535216948718484,14.151958805020257,0.32218589589357294,5.404014116136452,2.6036108903165043,3.283331765455774,1,Yawning
0.3384473939091346,0.3323121402248678,0.2524511901942844,0.1639935506596079,0.19964370740896253,0.30146446901743323,0.008930995625694828,15.503258556068102,0.0,2.242483085177002,2.9938705542031028,0.6210769115321624,0,Alert
0.2314191637452802,0.2107771404113524,0.11597813073990926,0.20813613207122478,0.21949388878875695,0.3527605733139453,0.35083511323159156,32.42400289208364,0.4028292989625797,11.449049404550793,4.16870650864725,2.190795587153046,1,Drowsy
0.08748770326234534,0.17910485281640928,0.08866910475801262,0.20283641163205515,0.25751291514041147,0.40011557403196585,0.5571513936139273,7.1623289439099125,1.6736999622088298,17.696563692795856,14.834209824925361,3.774054309480616,3,Fatigued
0.2350209662849959,0.30538237839265164,0.17416576801178155,0.5832213834970312,0.5900525986783489,0.9158825796832676,0.19871788130424523,16.407963930263094,0.3616228587717483,3.7137785827404644,1.2922345841311258,2.3867657285323016,4,Yawning
0.31987357640251884,0.2556205352398621,0.2614323678542056,0.22644922043457294,0.224998358513103,0.30392620989858826,0.05433030650678895,17.283067362718484,0.0,1.9120319527154557,2.65232620644674,1.26814057631385,0,Alert
0.15430482607478457,0.1993717719772315,0.13420753777980163,0.2620127820910542,0.20166996627731112,0.3598170009874416,0.20117879642666536,29.90918385805889,0.48018260531430745,10.035007644199277,3.656450816416462,2.330936939810436,1,Drowsy
0.11900026683158502,0.14788388015157655,0.08197638442359169,0.2707896674105682,0.23821118292629437,0.23342474596905283,0.7506519235692377,5.2328707944258195,2.3886496297103466,20.577718592229594,11.630899456359202,4.709610819067089,2,Fatigued
0.24786048962006257,0.3298303484915955,0.1884033165654455,0.7365902860113577,0.5921206366917645,0.7190150769421317,0.20939753095179708,18.694737538428484,0.10458779156627998,4.505500300255367,3.6249119616352266,2.155123713521235,4,Yawning
0.2990240115791687,0.3070139066535598,0.2725852823268786,0.21307896213717836,0.21689843404301082,0.2869934922414199,0.010280318280096772,11.052807127152388,0.0,2.596031827918427,2.6387779384662693,1.2803513852392665,0,Alert
0.18376468795497572,0.23348712029029736,0.114544120370637,0.15552031992767484,0.1878704955818774,0.3717131955716436,0.44573906646830036,21.400692472635626,1.0329461339111474,8.814810580942433,5.437961864681557,2.375131117415982,1,Drowsy
0.06583033319158786,0.1460697417114766,0.09446385952057468,0.23311860588712793,0.25017627514986607,0.37907078784636633,0.9038729509686751,8.196480275876247,2.452773315020707,18.433107091521876,13.107137314864435,6.3718988660863864,1,Fatigued
0.26447428205378726,0.26607359083963855,0.24078390928179103,0.6809822311219231,0.5815107388953159,0.5635771732774288,0.1856720179565804,15.720421206893741,0.20171380853172183,5.66886003362333,3.003754766999578,3.8534386942162397,1,Yawning
0.3174181435632627,0.327731589855153,0.23097547402197685,0.16302926389619715,0.2363953756517477,0.3013156688090816,0.06253966870522196,14.264076498634564,0.0,1.9356759506427181,2.582642353160534,1.094548039139372,0,Alert
0.1876562410762854,0.19904357151513558,0.11895867184332634,0.17871977374670506,0.23997280162023407,0.4340951458257086,0.26548084485601586,23.28482134446309,0.589438427676895,8.020237013613244,3.6270667142672206,3.8428075048231665,0,Drowsy
0.1397094832446587,0.14035381946204215,0.07760073742265414,0.19459015461161777,0.2096072948479575,0.3826457708571575,0.6642659955386893,13.647669920921977,3.712798302269115,8.763902691696346,7.185177609588679,3.8223035819100133,3,Fatigued
0.2594598702162809,0.23679801036811648,0.18801226016268444,0.6189227757352711,0.573007300891253,0.6707127091734709,0.23989908634783236,24.95753901382696,0.3001929059975319,7.193088459802286,4.425070614096326,1.352386218389152,2,Yawning
0.2485689777259463,0.33154353056984776,0.27689913781813663,0.1485951656674787,0.20170673298973618,0.23533793878853246,0.0614459188648496,11.971575807429668,0.0,2.3831488464895467,2.401986272883495,0.27790464269959136,0,Alert
0.21487423094478414,0.20056164331970988,0.09077721406008077,0.23723482836540466,0.2197044273516516,0.26514012284076216,0.322206443488835,33.977721702341356,1.1233348396381815,10.441984695707507,3.646712301228871,3.636799655356917,0,Drowsy
0.09996971366551557,0.17066379728726294,0.06697114900272638,0.14666497065980288,0.22301607335911428,0.3738582501065767,0.5522376623527478,5.427832682472679,2.110158627607313,9.94295185922656,11.933395493603438,9.00596655909151,1,Fatigued
0.2410203822100651,0.22979946816229346,0.2552370625520519,0.6828113779696698,0.6664723604959554,0.7573903319513655,0.07236007424678743,19.348756479401768,0.1989534475769081,6.022018195186278,3.5362020332268775,1.7709578135613433,4,Yawning
0.35299638924933585,0.3113752309547477,0.25257419397139264,0.1564385689786241,0.17889705236142056,0.23943906478784024,0.0780235241144037,18.452866529950903,0.0,2.28047932063301,0.736713436819807,1.1517278807694993,0,Alert
0.2247579748905483,0.23472974762993276,0.12762899390326962,0.16179921253392737,0.23347404776362057,0.3656884138703722,0.4198306504999707,31.747488002516178,0.7596692792894227,10.072416080536865,2.40755488619783,3.0194821983407922,0,Drowsy
0.0944937588756723,0.14230751647871637,0.052947452674852284,0.16711119561013993,0.25360357645855613,0.315214546495973,0.5706981918676405,5.301920153371887,1.7633347356124107,24.41325616913488,17.231226122631064,4.357494741964763,3,Fatigued
0.3689247195050573,0.2882210125711736,0.2285897415667083,0.6179667570954752,0.5802850413142798,0.7317823197537531,0.18134454129134614,17.67256552594695,0.6319296013622764,8.725402382326653,2.1619264224357746,2.019143631508253,3,Yawning
0.32497507368453504,0.30321208639137776,0.2718484872594232,0.1751451351623212,0.2149250470590417,0.30815124681264383,0.06965810453217565,17.608364711260403,0.0,2.609130641321244,1.1528171184036395,0.32701417443139746,0,Alert
0.16611691359165742,0.25009756373082154,0.16792171909202191,0.11761672987398018,0.25999385297928973,0.2467033679779693,0.20917051020428898,39.397826837635264,1.1397671936364562,11.48216130065547,4.19002097350231,2.5956728729772993,0,Drowsy
0.141422675372438,0.18091347451173323,0.08174554937904432,0.188133564311514,0.28707917454193943,0.31539260219220483,0.853251682598738,14.106125073726052,1.5370754060792697,21.754754685991784,17.200006690620697,8.52510314375705,3,Fatigued
0.3169581538216467,0.3124130894487378,0.19883309203093757,0.6911455704583649,0.616654668684066,0.629935838779026,0.21512173450151878,24.178061343799023,0.6424993329432309,5.986717864310633,3.5396569412482566,3.5688979801483507,2,Yawning
0.2789892383488291,0.3084434446007855,0.2585965276756192,0.22218797354033945,0.23485714519138712,0.34736429592485585,0.028003112110876235,15.328773897046375,0.0,0.6608092430832142,2.4892475816787183,0.5130445658010048,0,Alert
0.15877176333335813,0.1540161630620805,0.17887148865419883,0.2298988324329263,0.25217933251471736,0.38311059864464536,0.35802364874148196,21.919115098931798,0.7216067773206891,11.658534810324417,7.973288451729515,3.1914944383027546,0,Drowsy
0.12345983106636628,0.14937477171691507,0.08339949079498539,0.27509115202716716,0.26547632316011943,0.3214924832933238,0.8792113235183058,7.309403592207337,1.746093872502477,24.650148732519195,8.848319169767935,9.096242533274642,1,Fatigued
0.2942637914690643,0.25728483858297485,0.2194488572905067,0.8822704219557502,0.5952563885687435,0.7965359125393952,0.1872146310845439,17.720082141791586,0.30343903413775,8.401654567908915,3.0716286425611443,3.1131582355521292,2,Yawning
0.28320251507444805,0.3093163734233902,0.2528060232805334,0.1794967958501296,0.18480999312406324,0.3198246065610098,0.02179571528870653,16.589868289482872,0.0,2.3046329013327806,2.983431970400437,0.37104192544260406,0,Alert
0.2032328016635763,0.20500212528375908,0.148764465263564,0.23120943784009979,0.22876506484621978,0.32574225451388766,0.3533014290633761,38.27629596672425,1.1742497095932185,10.777259656024862,3.8585513795517237,1.5886469535108858,1,Drowsy
0.13679373029797645,0.17853570707400176,0.11753302863784137,0.17845143569010005,0.17684367550417526,0.32903563312265677,0.8216789821409118,13.73243945741321,2.432175826702151,22.306153950752726,10.604066604285375,5.809351601695981,1,Fatigued
0.2574034906901992,0.2952753932470859,0.17228741567799635,0.6451886232478226,0.5505714494760166,0.738241841436229,0.07143133938538469,17.092460927205316,0.4714174089896694,4.929801278318902,1.700897169464461,3.324164867828025,4,Yawning
0.3251373416856297,0.3264095723916619,0.2517228231378129,0.19667714611836531,0.1772383303704191,0.2834895368322463,0.04327780047315735,20.7080616426497,0.0,2.199963775320534,2.299973077581811,0.31046078866192406,0,Alert
0.20175498273130837,0.22830262658949324,0.13103176186194185,0.2290628385473763,0.23311508203976844,0.30392164521112164,0.2790328278190428,24.10679758678113,0.6113951494497699,11.279640506180876,7.493551913089217,1.9869873240639064,0,Drowsy
0.16315920722210836,0.15479112474486761,0.07892829249362279,0.26099943726104025,0.17315250668413468,0.47541108948596356,0.6737075515168759,10.023985278435356,2.3466990111425776,20.869201751705127,12.070618054404335,9.137934419078784,3,Fatigued
0.28335348326156234,0.25694255408984495,0.14364157012831844,0.702000183863345,0.4604738789712782,0.8536165658135715,0.21888112245841318,17.892896602405056,0.5811530864859334,3.66875345345366,2.5840973852093847,3.949724309417196,1,Yawning
0.29873766285518066,0.30486141935363764,0.2672687464615282,0.28836520932868454,0.2086663147741779,0.30035302305871703,0.04077939600340965,14.843073649181772,0.0,1.5109367489270507,1.0657607153780864,0.2225237632824062,0,Alert
0.15811984802478682,0.21727266466323064,0.1292286925099917,0.20881814190424325,0.19172750765150043,0.40326256369108493,0.3684573796319435,32.73915236041599,1.1779876498209272,4.546126926844008,4.507506108988628,1.7376938005794431,0,Drowsy
0.15937779232860888,0.1450068892356216,0.08415084589777484,0.17266071689422824,0.31391467982808413,0.4214317786230606,0.5706883530218614,7.110383302086154,1.6858271808839504,12.9115433686648,13.156707099867964,6.963301890221627,2,Fatigued
0.29384450085402025,0.244410514918465,0.2506641265418654,0.7298917799445979,0.619842591171039,0.6821196853457318,0.2224606472052798,16.488568427441432,0.2719166569294667,9.299659827344984,1.1991610127508365,2.050568217192533,2,Yawning
0.29070057018520534,0.3292934847937284,0.26903409299781356,0.2242529568803315,0.18128145751276198,0.21104599124759849,0.014876275631282132,11.332629332537312,0.0,2.3069050820992416,1.1687796433846667,1.2660771754701297,0,Alert
0.24225858480337759,0.20748507405008454,0.1601381041011606,0.24984095811931264,0.2011737999176778,0.21732567256720559,0.37849050720244104,39.478811671465145,0.6620378167507943,11.385151101734863,3.616141509082965,3.967223396421114,0,Drowsy
0.1482371187933581,0.13794655119101745,0.05101039581872251,0.2923531092821356,0.25788867206228405,0.3310263096013686,0.8842968980898611,7.297606748555263,1.589013066291272,21.677054127633106,13.00161121844556,3.706174196374218,2,Fatigued
0.2636770414802891,0.277467963178808,0.195789175376828,0.575655446117887,0.5380237196581793,0.7550266858335473,0.05298205283096158,13.682239007781384,0.20133154803637662,6.006843864644729,2.9497618950391535,1.4140828268136905,3,Yawning
0.29238614838332966,0.3225050895759212,0.2644729841058442,0.11897775220157902,0.216317104506345,0.2981649858468102,0.04669858001280999,14.836425867216223,0.0,2.866256053508025,1.116303239598421,1.244022948644826,0,Alert
0.15346575567555015,0.23823684484035698,0.12382389560798665,0.20782840149130594,0.2135174972462143,0.2898897320141195,0.3844272166221946,36.75038630729547,0.5468505959578616,7.397151770472397,4.351736840852913,2.540182027625547,0,Drowsy
0.1206927382544222,0.1389854943545557,0.0824868716976226,0.2885443456006676,0.21098289027266418,0.3411808009901011,0.8356486109609222,12.028508233960325,3.0351090174314086,16.674464985751037,10.639197228695846,7.152897650915946,2,Fatigued
0.2923122583418123,0.26883027190841924,0.20010977558767792,0.7201535806432401,0.5800757873290124,0.6679953281928769,0.24508765797071413,23.337909178165376,0.689452140916726,9.536726117650975,4.575809042210189,3.328844992054879,1,Yawning
0.31554887762026257,0.358031673220607,0.24273620575666344,0.28160535543987675,0.26013269911025516,0.27610755397193637,0.00812596353883051,13.940224885728618,0.0,0.6881806025090096,0.683401898792299,0.4545910144625039,0,Alert
0.24490270357971422,0.20844983977707426,0.07709601557516084,0.2126059855739788,0.22298182268684288,0.2787322671519047,0.281380575944953,32.29868355834295,1.1817501913059347,4.890514571820401,3.2727523923316397,2.4192836142981244,1,Drowsy
0.17816651482711815,0.17833657805628544,0.1117697969722388,0.24895981938440556,0.25121857947756676,0.310843156556902,0.6033586355763237,13.799054333077924,2.776783217362578,9.398990197305594,13.017413465100956,3.0637696071754115,3,Fatigued
0.30493709148383047,0.2903098229212516,0.20771447372600763,0.8014737624521744,0.5752161117433937,0.8543970151032335,0.11290921952067152,19.29443141398921,0.42680686890761077,8.764171376315245,4.9269088695266365,2.2331276962627915,2,Yawning
0.35850298224441124,0.30149810383862913,0.2451618532534554,0.19631896830687096,0.21400826815795643,0.2587512314800109,0.05186984605744491,16.837905727985607,0.0,0.9190549268885033,2.5943936133758485,1.448962142462125,0,Alert
0.2026502105509869,0.21215410902606247,0.15667537798236442,0.22589290003826323,0.1843162277950173,0.3506627024492699,0.4185926971150701,32.914206894912745,1.1885957616080236,5.711165890998334,5.587309618175594,3.340502566675368,1,Drowsy
0.07351049659984821,0.11952804378663666,0.07963731512983836,0.2546642214502426,0.25938938591875693,0.3318920903962248,0.7464271798614314,10.991756352105778,1.7391717760705316,14.50957892460616,17.274907768159228,7.126537689227978,3,Fatigued
0.24911080462520568,0.2152302488909691,0.1676816086576183,0.535817411519582,0.5574272228066982,0.7583477785440945,0.2214400668649068,16.87570702951197,0.36959960589136653,3.086718253326291,2.5975813921742033,2.3812804670998045,3,Yawning
0.30804584992813333,0.3189663512486031,0.23359063737959457,0.21543211100498796,0.21917377290435483,0.3061391462487494,0.009008571923144944,20.94477343451667,0.0,0.9865741180080616,2.0324433539734006,1.4813237061140152,0,Alert
0.17748119534069734,0.20400901177601616,0.1400655077251111,0.1649965906733166,0.20612401101059863,0.3393839939516423,0.39791945967822717,26.47155208079024,0.6729616579137228,9.295341841263411,4.8019965171993215,3.4360998790779815,1,Drowsy
0.12573975480958818,0.1542312412055791,0.0918650712855562,0.24306785706886622,0.14055401286119054,0.3453830745020263,0.7432994776178499,12.902157615519442,2.6931940813330884,21.31572058180028,10.61206679333213,4.76403969847968,3,Fatigued
0.25979589448709645,0.24532264896793796,0.21319430951442228,0.6501943316587704,0.6384350227153486,0.7146666023026164,0.24089208550772673,23.04321334627207,0.7611709437966558,6.9755556880951115,1.6612977359221675,3.8061878625511016,2,Yawning
0.31445643710777915,0.3039653389208273,0.27866133211441974,0.2025416761824375,0.22109761484287843,0.20904899471189928,0.040060421979278886,15.874730874731268,0.0,1.6402634987930316,1.0140736888307031,1.1824228992401107,0,Alert
0.21698214671929944,0.2087984161420662,0.1659484651403491,0.17471508678289363,0.22518526931849064,0.3433009115006692,0.4613818722852184,36.549619195140124,0.6880941723912031,8.800991519515971,2.9375680388681333,2.6065776480867986,1,Drowsy
0.18928517740762962,0.19592766491890837,0.051916875207655026,0.28926141864365185,0.1856814529187826,0.36064504930786695,0.6247488857613822,10.76563963422607,3.2136814626133523,10.046799433581896,6.5962687247549034,6.957118840223153,2,Fatigued
0.3170803561079625,0.2811420325779671,0.20677712335635795,0.6762183696616456,0.48116161097505933,0.7327801713523686,0.14319334963722735,20.827483150491716,0.6657806244035029,6.21137802969615,3.37442730419667,1.8020341364765602,3,Yawning
0.2773150842353564,0.3206274886014382,0.2576372279019659,0.1726984801543671,0.15855567008656934,0.22137971483904284,0.07834800194591142,13.646810523669618,0.0,1.163068738446553,0.823452327668853,0.8643114863873966,0,Alert
0.21069935238425425,0.18875821665759518,0.14767563439778447,0.17397151551759546,0.1856045326952428,0.2018884420079904,0.4373216430434337,29.358312638910885,0.8540286291650561,10.329634028704568,5.358550957575744,2.0748982405587473,0,Drowsy
0.0554300859528679,0.1292099326279214,0.06322745042673578,0.21299347037460126,0.21111443133484548,0.4089830089207371,0.6479235845648533,7.176658760659382,1.8417376862225907,17.37261934476912,12.870204835393475,7.938518624641961,3,Fatigued
0.27615212523317056,0.2599470296492874,0.22007768751828768,0.8350195010615815,0.46811728363796157,0.5936715917451374,0.06148703883898876,17.913831883281958,0.6363639284976655,5.715905360667256,2.5343250101730317,1.0471497490578634,4,Yawning
0.28515458308379477,0.32371312785027423,0.24721612932499684,0.19374894653179828,0.22060322211510067,0.2543271438422264,0.06435171575321615,12.485017898652526,0.0,1.339784612766724,0.8355960477343589,0.2964244193703991,0,Alert
0.24668313312581253,0.21493460902173864,0.15190904873975128,0.23760591442799034,0.1839254890425612,0.39496382920084333,0.4947447953183321,33.30809585276508,1.1652391269833653,5.6115718531663505,7.183742168690138,1.9640569174456761,1,Drowsy
0.10219013819649977,0.12903436869503054,0.08652540742112205,0.28557552634324546,0.22757827412788437,0.3959773740505359,0.7358075459246876,13.962270573081083,2.181432839784204,23.56351489617206,15.7704962578755,9.863905586365053,1,Fatigued
0.2120318269961743,0.2834308879918504,0.2217783947810985,0.5924404511332083,0.5415834648669744,0.7231587334373547,0.07988638042840382,19.54229280735494,0.5294121237819167,8.047950975193306,2.0209248676742617,1.267749254909752,3,Yawning
0.34288274302479826,0.34107357920891385,0.2308064792968463,0.23608175621531458,0.23976460562554439,0.2649677780869287,0.024510482954903167,15.64024251487236,0.0,0.5490806784691333,2.3338958823387665,0.7430128296821874,0,Alert
0.16956617705542373,0.21133531079462625,0.17324715683299738,0.2936619790558147,0.19915593695384073,0.3680402933069188,0.42677820349917117,27.650034613714688,0.7289287726770792,9.381700211894161,6.705714630442813,3.0005999083616772,1,Drowsy
0.12438827450579013,0.15190924082716592,0.059407780578211986,0.2513465971900124,0.17124278348184613,0.4128172720656925,0.5639623436292438,10.41641507833053,2.469612749214617,9.718300370319625,15.424965099327775,9.405537356951642,2,Fatigued
0.23177848210886157,0.24461880982117098,0.2262759482527859,0.6222122076307977,0.5535945864447702,0.7599003714019421,0.2262933529759112,20.303088233481244,0.3101279204470393,5.980331304512136,1.3012857286696193,1.0943715857380782,4,Yawning
0.3559634618945886,0.30707101286633254,0.2711714744786722,0.24507522567045453,0.27414423636517815,0.23790849454772706,0.03080122970844937,11.518676115930859,0.0,1.4640514934652298,1.8258318901740855,0.9784842190457592,0,Alert
0.19104683950405868,0.20362472622267494,0.14826256506110644,0.20152145936326543,0.2589882557382641,0.3243842696531289,0.37293195759283626,37.48173425054874,0.9768168314422012,9.143072119930023,5.390736025898303,3.1689115733289244,1,Drowsy
0.09788000781429465,0.13431358059399487,0.09376991949123133,0.22827462324270545,0.30356589206545825,0.38006775656387454,0.7460476944507128,5.288579133361245,1.6604887149945358,17.14469153155406,14.344257452660333,4.50731369270112,3,Fatigued
0.2404296168691299,0.29332156999458003,0.22152976875601182,0.816272075603903,0.5967960015139555,0.6621928711115861,0.06705164492737213,15.181123986945561,0.6842466945472097,7.080670645551642,1.2780861610127818,1.1430494327492897,1,Yawning
0.2559767662363546,0.30226731604571383,0.27546363025620274,0.16508385298694012,0.2005361631940312,0.27103162912823736,0.06350134456238031,13.194739435809618,0.0,2.0082287765300433,2.1722502640465446,1.0515321053266171,0,Alert
0.14004965098566124,0.19589366552168302,0.1548729671904653,0.24577553814152728,0.19964515808538336,0.30472502684731734,0.22154226363364077,21.88551955797872,0.8662954889536343,4.4132974066319175,4.021561249784231,3.259599105742688,1,Drowsy
0.1154682829557148,0.13836407961399322,0.07662995918942903,0.18745754877415605,0.22756832355778434,0.37920517529379205,0.6995013681691813,13.46066420075422,3.044538199397223,20.77747869198671,7.782000642669493,8.015429043328028,2,Fatigued
0.2644358572065365,0.3220965855829825,0.2236662833574178,0.7468975655241085,0.4868101510497919,0.7777637166077497,0.2171898221823137,24.166772609157608,0.10957209904743587,6.417687906034014,2.035554967882018,3.2635699222766936,2,Yawning
0.32786967326733624,0.2978413644715582,0.25671110923542134,0.267455410578444,0.20393325689254507,0.2585243022238439,0.03253792831792787,13.798337802375638,0.0,2.1010265920663356,1.591536405504316,0.32014743058913225,0,Alert
0.20116282160184448,0.196278973989469,0.10565216006884182,0.23580125243464622,0.27218453411556065,0.3227332709202307,0.23625213540018775,24.42568131829915,0.6618079561356258,5.744614256489224,4.348019376122952,2.6788450172952283,0,Drowsy
0.113818428187555,0.13536919410547277,0.04871590197306063,0.2306425597679543,0.26985175439553816,0.35937967493126616,0.8492357462812505,11.66426614148913,2.9568036899594468,16.295114457370104,7.4253301752505765,9.26297318798806,2,Fatigued
0.22342681612095244,0.2711078332576792,0.20244751059159558,0.6738895185061732,0.5771797166254422,0.7895362350343984,0.19536372819044734,22.313067003198725,0.5367858730156148,7.68883337171402,3.669447189967232,2.5421283690346126,1,Yawning
0.32076752751221976,0.2892041355094353,0.296973261379331,0.1476942967562624,0.20820980357637506,0.34267418828855145,0.05021042839214303,21.223003772731996,0.0,1.2476607740221077,1.397909846584883,1.133014370222138,0,Alert
0.16481546638200317,0.21812158333259873,0.12239450799353789,0.12960394530166094,0.18271199959268294,0.30442878253232275,0.47732902753527867,35.24637523387952,0.7850846656862818,9.440488226454693,7.3836960328131305,1.4085224270847136,1,Drowsy
0.1285491209024648,0.14578161920385754,0.10219603871304699,0.294440404182518,0.3112447196295721,0.3109152925996152,0.7584384718320502,14.769314167973153,1.9061505345920826,18.211343550995295,11.386104087363048,4.361264412603861,2,Fatigued
0.2569253837198535,0.3094041948397571,0.17214155640853246,0.829135962070988,0.5097215445177349,0.7571358557290057,0.1892526950601066,12.686720378293778,0.6536679575357196,8.774628506223902,1.9483091502248584,1.970988343107401,2,Yawning
0.3594037632626594,0.3064366381940685,0.24333534389030473,0.20930344529373301,0.20525717514646127,0.17988998467048278,0.07966764813730183,12.143294911883833,0.0,2.9560594179002813,1.4403744605736097,0.46041663189596777,0,Alert
0.2536545730393479,0.18304890265781806,0.11928138939726718,0.1820514650190495,0.19419100473425158,0.297726180292024,0.43795124599821245,32.0091137455029,0.48032091470048094,11.574171851488167,2.468297170399352,2.8760692049009235,1,Drowsy
0.1605387115728808,0.12407902614352143,0.07642638224784033,0.27764455407468924,0.21540223589935825,0.3004900460152677,0.8916003293985475,10.716397232701478,2.6375275807673932,10.543824265651754,10.846455008209166,4.949444023501707,1,Fatigued
0.2569991848101413,0.23378056002834857,0.1730744999835777,0.9305207905562196,0.5855861257565617,0.8342074539497637,0.07533169318365235,16.503866995459784,0.27126147870950906,6.9594253495505,2.1658336706315877,1.351815308661732,1,Yawning
0.2902535710347369,0.28756238067331497,0.26050228168052025,0.22299369303081598,0.2159730118613095,0.18127728982777222,0.06231908047196869,14.081307238034425,0.0,0.9467653023315221,1.9623402958476195,1.0647653345253874,0,Alert
0.21920079855152988,0.2171282516706875,0.12016588663427084,0.21197715277376927,0.21766231792964452,0.3474787158032222,0.3869772529019394,33.326106462565846,0.8372109669609629,5.642060237890161,6.530858300696849,3.411255922912245,0,Drowsy
0.12532547334396357,0.14424124610078684,0.08304134870938226,0.22728752942243538,0.15871436892514293,0.4349525160096981,0.8360405355049868,9.87015391700273,2.5633364898511317,15.233507628698504,16.334392945185108,5.766579555057264,2,Fatigued
0.2167605433690377,0.2527414126474212,0.18953180094159325,0.7195083687147162,0.557706322297674,0.7641123025657697,0.16639750419007174,20.70311005094179,0.26067527265994217,7.019600300293637,2.1696116029067882,2.206818441671385,1,Yawning
0.3099817455303313,0.33393254241654485,0.29032232360710086,0.13969788221466317,0.20030063455221708,0.25245222266219064,0.06967124560213334,12.561538193667626,0.0,1.5659747369235628,2.8487022192871887,0.7571329891474066,0,Alert
0.17476735618964095,0.16993320285981117,0.20822720453634086,0.23340701936402786,0.21335279234227125,0.3895497402602186,0.4452442805270421,30.67441322704161,0.6707844082943821,9.263606624955314,6.306333528460948,2.6741469268884623,1,Drowsy
0.13153573359939694,0.1352471513308517,0.08585358237643671,0.268598246736072,0.26510362929136183,0.4115743449139086,0.6326356448690369,6.104838200660186,3.573726682512272,19.823575412263985,12.475800264612786,4.324980054777722,1,Fatigued
0.3064601219392791,0.26445369731264207,0.13977008797743334,0.7471955631793623,0.6511421052420984,0.6983006140682725,0.2446521486727799,23.610803338932634,0.27394624670590145,9.987385155015001,1.014018654124233,1.0828892674252453,4,Yawning
0.32491712509118065,0.28846836691685573,0.265133892789851,0.15822689290542705,0.2132125929674829,0.282534442004342,0.07067091896392179,21.346640125209433,0.0,0.784005923684949,2.670371093135472,0.36781786024679775,0,Alert
0.24188467395460073,0.22686619256612217,0.15230580110141492,0.17805327876478463,0.21700835356509585,0.30920609312644376,0.476347548180235,23.434623258037384,0.452215993960262,7.549425597243675,7.103709251163629,1.2300171459048699,0,Drowsy
0.11692867502845788,0.1493425102969513,0.08080615398660496,0.28474650307827803,0.26364362125300883,0.3406154432724318,0.8271636606272323,13.676188661891324,2.4161416158499494,8.734632892349971,17.666129283657384,3.120210934636587,2,Fatigued
0.23587736368828346,0.24897391653352172,0.20565632612020138,0.6933419284126632,0.49901410785802924,0.8062637331157952,0.21932881286653566,17.39152427281182,0.02892212843303135,5.2499489446816945,4.054204936237541,3.8806186215594196,2,Yawning
0.3203686103395434,0.30875822603571423,0.28084381153966037,0.20933140164351488,0.20364435737987174,0.29256090409944463,0.043915094281493997,10.042130210927807,0.0,0.6000491018475149,1.0021280401277908,0.44181096141279386,0,Alert
0.17446896434871298,0.18860114897209765,0.10845406299245916,0.14592941014918326,0.2327996743177743,0.4193903282381043,0.33324326066603593,32.68879882336705,1.0621435257628322,7.421543272929637,5.846716790311876,3.860716671505476,1,Drowsy
0.14133866928588326,0.1426502434287847,0.08848740517683903,0.1932401896431676,0.16498096948809418,0.3928480759652968,0.606129109985438,8.71192236145994,3.262550087172029,14.5441650267853,8.199223769240772,7.0418661380567205,2,Fatigued
0.2338503188077213,0.29746208911454813,0.24890847171327724,0.5465028910123096,0.6179755832380621,0.9148338158755759,0.23293914870424293,20.767733927769292,0.3229864032839442,9.036662691669918,1.7242515964638576,2.632710272831252,4,Yawning
0.33759373972150014,0.28808416201866177,0.2449192150611447,0.14822811739640365,0.21099672635935374,0.26729565480069606,0.07061190110556032,13.56295009498518,0.0,2.558974560426575,1.39560412509246,0.3287252497637058,0,Alert
0.21621507561713296,0.2389261520958841,0.11191635206186529,0.18579672138135636,0.21170993785220396,0.3315070325633588,0.4265561822744781,24.29080442406573,1.1819111545665926,4.416713503698062,4.112830901361462,2.2859435223361455,1,Drowsy
0.14852285892781975,0.13653171520880256,0.09775607871157697,0.30992419965346607,0.271247013451504,0.3370767026683954,0.937813016614008,6.73639312625412,2.057531603529695,16.935727476006285,6.186257400669189,6.05513879176179,2,Fatigued
0.177724549463137,0.27805531577241266,0.22277356691701194,0.6842137767852176,0.58574796852498,0.6594991205287969,0.058679338831210376,12.863413258258655,0.441462579378868,3.7345742622956464,1.0893871537074293,1.5145389929440665,2,Yawning
0.33121299662468096,0.3064800439445461,0.252628735899944,0.2415599088660902,0.18759233858672952,0.28258616288556493,0.021057712229370775,18.523274182830995,0.0,2.1947773646156667,1.3834236488543776,1.2511904414822934,0,Alert
0.19310594155718627,0.1786515747153295,0.07715140655396066,0.2055394237922254,0.2222940614662088,0.32883847359935425,0.36175980059819046,30.21030186777297,0.5274368739768772,6.977495176544786,6.036639888374644,3.773710659060201,0,Drowsy
0.09269452983027723,0.13563293922338715,0.08236919097478441,0.18340568107337007,0.2825863540163257,0.4867587700908813,0.5896225736863953,8.187983617505513,1.6281758311578831,14.726388539637373,7.451786106530696,6.931427732990659,1,Fatigued
0.3371543773469251,0.2922853348234599,0.22087221097810697,0.7416235806463684,0.5093625798930195,0.8244777508681959,0.12749947571379294,20.148100662600996,0.4427691775399482,9.727727124793756,1.7473379997376774,2.053835117353425,1,Yawning
0.30810090331655987,0.3084282321417129,0.2839673713874692,0.2005734568870304,0.18735253065679122,0.32180224580924827,0.005814712880209845,16.825824781197937,0.0,1.8967036098430843,2.624939417773989,1.4947883662299368,0,Alert
0.13515916722123925,0.21227795143996958,0.2275109831362597,0.23915387471330304,0.22055470176841468,0.38563440892248246,0.47494050459981696,32.561669531428706,1.0722689905768665,5.186413878461977,7.132016781813888,3.025431563331545,0,Drowsy
0.1418165048792761,0.17062469810148,0.07946473197745925,0.19869861785574064,0.215641939793755,0.3147575531181065,0.9262581373442095,12.61541548076109,3.2405764838103592,12.061789890323595,6.541454629532356,9.09582834899745,1,Fatigued
0.19933349814856316,0.25952214343956115,0.26466086618054996,0.6272540692178267,0.53090193915374,0.706670338935265,0.05932718009231808,17.62052059839571,0.6619565887836907,3.1726458180860755,3.701294107228664,3.797487623541219,1,Yawning
0.28774973191328956,0.28080858596914143,0.2629221818665575,0.2031249627439253,0.19188322111811895,0.2806458819020909,0.02707710009934644,14.783612018146414,0.0,1.34793405000561,1.590672152788907,1.0224661299639197,0,Alert
0.18914497071742528,0.19794131279207935,0.08015661926330081,0.2233089015401767,0.21924245127103398,0.3290425607210062,0.46093974607766486,37.930196712277294,1.06880559977788,4.3751859275613425,7.686480389680108,1.3862276863995309,0,Drowsy
0.10541975221796279,0.17316943992946654,0.10447587245026331,0.2874648249187658,0.2609599582233731,0.3555645839467731,0.5585759466492454,12.38652650588142,3.8969666098510203,22.658619398999967,7.182604993465173,5.287742143762125,1,Fatigued
0.2504393900104832,0.238077175457187,0.15789792842612507,0.7039063041129491,0.47431546977978534,0.6307434057880764,0.13945830797452563,22.272155607102345,0.6417155024819877,8.0375855129468,1.0885146976863265,2.6945353066514546,1,Yawning
0.31576492708099796,0.27860653749943054,0.262540853840298,0.16021763014674115,0.17420523587636316,0.33198353910660827,0.007427606922449641,16.20160713628749,0.0,1.0336197033151058,1.8410738647458944,1.2859710604325603,0,Alert
0.24623963434403962,0.2366799637175385,0.16333205141743565,0.2229874337054754,0.2206750116473632,0.358189988618163,0.29172784614305136,29.19174011758888,0.5492463297564926,9.090754522544714,5.0005540146933996,1.3099014334398396,1,Drowsy
0.12477887270915541,0.12924538444031525,0.09796662232357682,0.29684678532772973,0.2778077195205119,0.27834800963083495,0.9210848523598307,8.475243870849155,2.3227978842440162,17.714457075194296,8.191523543357134,7.561052495861764,2,Fatigued
0.3379960959086666,0.2567428901050377,0.1870532223466065,0.6885249513115903,0.5362300950554012,0.7898968727879847,0.09954219435580941,16.99590243828676,0.044273598840362284,8.669101333289294,4.936701940460309,3.4720878773098294,1,Yawning
0.26818547056377384,0.3136823879665634,0.26138170385448545,0.08757486733527667,0.19198048930496575,0.2979365299791644,0.0694262801731946,17.730896809911783,0.0,0.5508520776690025,2.311578342248484,0.24621744081377162,0,Alert
0.16881885182207063,0.1926343853640008,0.09400961998226809,0.1694546372199372,0.17577120833474408,0.2682148661093444,0.38634002205449947,23.28527327441248,1.0767850339568104,10.499219872250523,4.858899247131623,3.5581898958356426,1,Drowsy
0.13845994134687875,0.17885710139622568,0.07190308931940584,0.26703556983328347,0.21990917121712542,0.37875439034345776,0.8752471167875919,14.404635188285678,2.33923535577596,17.00806733766321,13.55827729800092,3.5563016609814624,3,Fatigued
0.18607559550445854,0.25434700028102786,0.15166071182923696,0.7129666771897168,0.4832161539287694,0.7846451157393055,0.06276520694194272,16.29464995308779,0.18491227360787815,9.222941469894327,1.2198138154745064,1.5298410777223685,2,Yawning
0.29150235732368485,0.3358281848625831,0.2478667351214031,0.2626107497036427,0.2225155545247266,0.219714879083394,0.05495020477201476,15.51152273415477,0.0,1.9137518283887538,2.2351651871398923,1.1980230670247625,0,Alert
0.19144049788511117,0.22551855183325448,0.14419894432770455,0.23841230062166008,0.24041649793010747,0.3690054647627529,0.261671517604522,21.428767660176568,0.9810291712144962,8.088421342356611,6.213280210449947,2.430528411746379,0,Drowsy
0.14498676724747608,0.16768884874763476,0.0857630008308051,0.25794240363394594,0.28755224964772624,0.3100972449198133,0.6549825211939562,8.285921630280548,1.7697642930574404,23.89630247166797,8.78304372420366,6.644357256200163,2,Fatigued
0.24105907794385426,0.23222992131198691,0.12450736142725045,0.6738402949638435,0.5174442874975274,0.8601257946658849,0.19590199999175345,14.691938280073163,0.301628397434543,3.056408022268746,4.034550335654847,2.8776599329914525,2,Yawning
0.3463006393433723,0.31556604103126357,0.2711110496366511,0.1756615967427096,0.22676629618429958,0.28872497478724013,0.013757632147483436,15.048186844491141,0.0,2.5821077321670938,0.5480792586419004,0.3458617767953357,0,Alert
0.23899613730591815,0.1957191651244509,0.16792662148375515,0.2924208991368397,0.2564483232056491,0.32528851917620616,0.2704845688500178,28.84941853987037,0.5243618337251659,8.767532765845635,3.503266545627921,2.0015261930301573,1,Drowsy
0.08847917092258216,0.15032013746935896,0.08389156117533862,0.2906592115763648,0.2621971771766327,0.31506455721529736,0.5637328684571413,14.825642005854272,3.6628733369284285,17.853870744078336,6.446843615841864,4.506909413027699,3,Fatigued
0.21613390217595937,0.29289186047215665,0.24487309967949927,0.6642728482444535,0.5186175742230049,0.6906472800284157,0.13908673505720603,21.259235593972182,0.30070716383653906,9.494125958481028,1.3778282050748767,2.1124125926345423,4,Yawning
0.2792609274548557,0.3263071272320708,0.24966213318023528,0.2002504912104089,0.22240601032506144,0.3608439108154874,0.05334690246090345,21.161686640651148,0.0,2.2181915293010785,1.301124825936903,0.4583576630312038,0,Alert
0.1899563322715533,0.21776845007281506,0.1269574313822511,0.19994245854922352,0.18796408993897493,0.32125605442756344,0.4814354991790107,39.32507414480179,1.179041482626399,4.312998438557758,7.6771851588801905,3.9922447978522757,1,Drowsy
0.13548405138192224,0.17242276690020703,0.0838146145321423,0.250407088164132,0.25537470866067224,0.24470418841302508,0.5832870810960282,14.152518840307584,2.5106567876628825,14.692495126113364,8.93581981803339,6.2246462129749265,1,Fatigued
0.24799613215658328,0.2999725517994869,0.14303567315965737,0.6230451064052211,0.5965145195118435,0.7759421233983096,0.19345813629411412,13.70672932407431,0.7524652293882383,9.29925137542937,2.3923043116041427,1.3346000210550295,4,Yawning
0.2932530921280665,0.32225650643338644,0.2515703400566728,0.25088794217000393,0.21764471793307597,0.2517409799693682,0.0072719121179638255,16.177208488905315,0.0,0.659689459654721,1.391044637894469,0.9813998387083105,0,Alert
0.13649292224130954,0.23491827697236914,0.0960912062590314,0.20479712132430186,0.23825439043919464,0.31703869156646136,0.4551358753351371,22.904657381526874,0.42382462985673675,11.468194501733045,5.160498499284486,2.6135134694479234,0,Drowsy
0.10409666181362265,0.15398759725638,0.09679636093920087,0.25504888566158473,0.2978542683658457,0.32569724856792337,0.9387297698717624,8.589347602530482,2.5131739255818415,23.394793002941668,7.075357281597379,3.2001638685160962,2,Fatigued
0.2425978959905656,0.2256599323408745,0.10834828772463741,0.5913202327362574,0.455780451144819,0.7769369836336489,0.06043699839327257,24.20991377022569,0.1493591879017382,4.3888051047200145,2.8898413154157905,2.474840034520992,3,Yawning
0.3254625159677658,0.316518653456069,0.22962173357462237,0.21907408256948144,0.22083348528040994,0.26626383717190666,0.023860572510118774,18.95428579980765,0.0,2.975413030638513,2.9995417984066943,0.8935236727501308,0,Alert
0.15892357262473844,0.19613842424656852,0.1482097965544202,0.26362075014595265,0.22870632229286306,0.33873423919663453,0.40212338901440536,32.186243838137216,0.4386711233424744,10.978201568025538,4.507052370078286,2.679360571214176,1,Drowsy
0.14224288175709834,0.13193413778441782,0.09868282884467389,0.26167262208497405,0.2272067094348768,0.4460544795133349,0.7951421446261275,11.882846703680078,2.7818411757130628,16.086066735677825,13.386266793354492,6.902321842829576,2,Fatigued
0.23975639481971223,0.2369729284404117,0.19961654933310416,0.5103510035472989,0.5524764963605824,0.751231849688891,0.07883265203486566,23.349222429234064,0.22734240031220995,7.13960939000984,3.1869477919354723,2.670845255884789,4,Yawning
0.2717558315418137,0.3009484006011362,0.2724142350621036,0.14293150776933478,0.19106266016005788,0.3577931456627242,0.07010816904217533,15.325538091756744,0.0,1.2122715576044127,2.740038807404056,1.3200335695249434,0,Alert
0.19223706764382864,0.20005895026328635,0.1416408459612388,0.23765679039571802,0.24559045564730492,0.3060940067816833,0.3359408994435499,26.30477256802042,1.152975622996526,10.796141329541424,7.062010252516646,2.5368542291506393,0,Drowsy
0.10664434818697263,0.11965729940314757,0.10258228455171474,0.23791153162670128,0.15691363521056073,0.3029825862765383,0.9478988205449853,10.712133246024962,2.6815330215853486,16.43090918732245,15.519356867614466,5.3847345827911255,1,Fatigued
0.29998524174373936,0.2962962153687691,0.061829805886360084,0.6734891444572704,0.5588582860232151,0.6730285176912548,0.09938329902175809,24.702889326405277,0.637264752012118,5.890944421350213,1.6053650347661321,3.355995073416352,1,Yawning
0.2783147285428664,0.29535595429400346,0.2390617380731243,0.17325511544098138,0.19138147324129992,0.321163645467493,0.013541734187142263,16.128032829238805,0.0,1.5416701248002376,1.047903884344913,1.1369778837609248,0,Alert
0.17640872069403934,0.21515777475922507,0.14318798417508713,0.2509247342432673,0.19669960989809138,0.28697213313638814,0.24078439441166047,28.492748127807015,0.5084328104726694,7.326531300761809,2.892622569404706,2.9704225645716678,0,Drowsy
0.13700246383321926,0.1375232696527445,0.06584844217962972,0.25343339625519173,0.2864876421061033,0.40407777267236156,0.6351669142417223,5.787820710039143,2.192254224352344,12.231272548284263,8.04907330972469,4.349280253209277,3,Fatigued
0.25953845575503465,0.2423348604773899,0.22162080757395886,0.7302935825265755,0.4634223135911958,0.6841512794307589,0.2221740247109344,18.348610063655606,0.021478347532533082,7.955750847868776,2.5547923913064103,2.593440290113037,2,Yawning
0.3306613823366431,0.3221947544667341,0.2883812882671504,0.1220163930909587,0.22001656817913587,0.3193494417561426,0.07964161826115031,10.164131813255729,0.0,1.3878330382894766,1.2025698156755062,0.5410106052151951,0,Alert
0.22178719619812895,0.19072817189958557,0.1460316496193171,0.20617829034330037,0.18783292139934082,0.3616134794287104,0.27585013494954835,32.57721170689004,1.009736884386942,11.011884904698924,7.1128373831268545,3.8946489824915593,1,Drowsy
0.16274680005655887,0.15590673462565555,0.04665388594609258,0.31263265391923467,0.2267219427555496,0.38920268087121324,0.722820411001619,10.279091978315682,2.1825970822156187,23.444412746706004,11.038936600555264,5.969089263833119,1,Fatigued
0.19942343750407518,0.286461014291847,0.19669945924354423,0.5435833913779187,0.49991020536719966,0.7769281142049733,0.08510229049309923,15.213271679728729,0.7789985712943684,5.780067499600443,3.395960362524106,1.7246284381479335,4,Yawning
0.30102955082509675,0.303164348573543,0.2614412786708887,0.25387670011237795,0.25706001101022136,0.30626285991012636,0.03451559938464083,11.387342658308977,0.0,0.7570505595120596,2.3859054979598566,0.4873456862474704,0,Alert
0.19861400507746207,0.2136425817262445,0.14656489154479319,0.21009726294353617,0.20831980876985023,0.25415829577184185,0.38025272775977426,23.205869476416574,0.5684819941060066,6.26308857654844,5.057079621745019,2.5324146615326426,0,Drowsy
0.09649177347692908,0.12904450107721802,0.09375804165784797,0.2226419258790775,0.27671088602206,0.4226099657219191,0.8694996595808002,7.57114663004145,3.045107030204389,15.821126062285167,15.171741257602514,5.164792773312998,1,Fatigued
0.2751074111359999,0.3335939564336822,0.1725509428075411,0.6302300932136545,0.5352139652765936,0.7840153712296073,0.1061954467759027,17.36838764930448,0.11155066171997917,6.550909910962683,3.6601270468085256,3.3580014762321007,2,Yawning
0.31715410476743644,0.3217585653599573,0.2818662675733664,0.23024191103923242,0.18507877551049137,0.31253484090517697,0.07448228770220501,16.63536272293471,0.0,2.2413475559697322,1.99184715694977,0.3595620710770066,0,Alert
0.22257450131222656,0.1982378280215138,0.172678167407933,0.23528134822864044,0.1497256498700396,0.3349835988668963,0.47655364986433546,20.725046350295898,1.0849041762824365,5.846542281502253,7.092417966523807,1.4175898402506568,0,Drowsy
0.17835833039308904,0.1530804763443885,0.05769806653617206,0.1637346649202549,0.22823905047035523,0.30535839064940973,0.8483688477969095,11.260772910561318,2.5394885984239233,24.40079305814112,14.554953697829452,3.4330299706830565,3,Fatigued
0.1899297633284047,0.3038649824083034,0.20203354106439358,0.6967983424606227,0.5833376093676924,0.6714266439612055,0.20267625195671252,17.581456183820066,0.689306084996438,4.055126851075292,2.1153503343104334,1.2804770847519693,1,Yawning
0.3479713576235891,0.3258299128844123,0.23839257729905722,0.17833014979958045,0.21377874040255668,0.311755076062945,0.006939461809868206,11.404534976521234,0.0,2.2879796766341225,0.6869581398977099,1.3923280656612846,0,Alert
0.17524874123329798,0.23422751443592532,0.14323006267114996,0.12913181928002393,0.2565253317505692,0.29014284733293566,0.4924210832304847,31.69043030876386,0.756829862134023,5.782193122145737,5.920600515486801,3.0567305854461915,0,Drowsy
0.08672092986960458,0.15199115195199933,0.11102875531778578,0.2532240200536568,0.24658231562514588,0.36348452717493046,0.6281067740764217,10.996863142280594,2.3304336488283925,8.156496345640932,7.602872165252659,3.7925445495341448,1,Fatigued
0.2248751318557819,0.24045161624648906,0.19544700910770094,0.7146378342434909,0.5598354438156058,0.6905872667382097,0.08786954472597173,16.696156322533135,0.6896141729040135,5.97036697857393,4.662765400206551,2.493814160186819,2,Yawning
0.3248816507335536,0.30485186439363293,0.22485318725854248,0.2008572228550307,0.16115879739157468,0.29709244347015545,0.00595165486113479,10.250876252803224,0.0,2.8788226134406405,2.3115270603577907,1.239932592780097,0,Alert
0.22661820219192377,0.2316722466060665,0.11817038528650999,0.20800788932160727,0.2737139054232157,0.4065520190739237,0.4856711856247232,28.85141613323419,0.9526460994448547,8.599765019173773,3.0605613746062956,2.77619292326475,1,Drowsy
0.07632962828495676,0.17014235646824746,0.10542060198862281,0.22364632845681068,0.22808202540747108,0.3771933141369738,0.7797478896956056,12.683649926926005,2.2220735747990217,14.953131524516644,11.811664634914282,3.944123924856334,1,Fatigued
0.3245737166767081,0.2066435645515906,0.2174580697527863,0.7184799465991699,0.5672193857440901,0.6835324914647365,0.18448125871911514,20.838407333900147,0.21228093734031273,5.312415642354944,3.1947075005975876,1.598762487400295,2,Yawning
0.30915947132998,0.334140064775051,0.25294332188297286,0.24843269036767995,0.20048805793154836,0.3011646043425488,0.03789529058325604,19.065445711903095,0.0,2.7007281575335753,2.910364489663895,0.6219174778422496,0,Alert
0.18208163192461257,0.22233158704614542,0.10078704966802604,0.2274427372988219,0.23684720411713314,0.31006654330885486,0.24382720993192583,32.64801790270393,0.8743634183419227,4.965906821671892,3.955874262612873,2.688944513545797,1,Drowsy
0.09988937252588703,0.15731046738752355,0.09686706567829412,0.193012503268415,0.20246182005891386,0.36080951809721573,0.6212785707152505,5.413081419214648,3.523095179186703,17.378980794118995,9.117732432452755,3.8844143141974,2,Fatigued
0.2795008823478271,0.32112331562600416,0.21259950141682005,0.7299272146547309,0.4957176216648712,0.8311915473650408,0.1106957396027638,22.17880044448838,0.23736503133591969,6.939390495610722,1.9974092436268078,3.4509501424272084,2,Yawning
0.3059230596890342,0.27157451203886773,0.24163249053234329,0.19272928053007685,0.1953738947086576,0.2835943309133293,0.03738366424200635,12.104935499864933,0.0,0.8527444910723132,0.8147449413543126,0.7886226277039452,0,Alert
0.1666553129344279,0.21093893002098704,0.09571737086590121,0.21143499875623015,0.2690647187085149,0.31805882566512717,0.35633060428834856,25.712977414361106,0.5987172869871504,10.071475249816427,2.70942905435758,2.1098994832176086,1,Drowsy
0.1350358718082028,0.14210295792791816,0.04161414842286064,0.28322703347317246,0.253399342219917,0.46039465995013296,0.7376979783482158,10.113245436611265,3.0908703131676414,19.22004427776819,8.756451648829323,3.9852035437380726,1,Fatigued
0.24311141660337632,0.26192550492781624,0.17076704196077935,0.7676350862813122,0.5686582728347629,0.7754844838772463,0.183558958561314,20.655163446071704,0.560127753658508,7.716346842408422,2.5476334307373962,3.048482933705638,2,Yawning
0.208732626994672,0.30100699612314374,0.2752780581715129,0.18438422131531432,0.18601317824848665,0.2383418819290073,0.06193372000183433,10.36506777271941,0.0,2.1823760006159216,2.5409943159039265,1.4119481904896174,0,Alert
0.18896743989455841,0.22532355195242437,0.11742433656254465,0.2261499811523391,0.2077515395930693,0.3078187808644287,0.29455618704618913,37.503744269174575,0.6777334717394341,8.49518482401141,4.600285088689645,2.376749572896206,0,Drowsy
0.03475753185599571,0.1436530308911076,0.06972573076574883,0.2530460828403352,0.289849050173625,0.443076871934081,0.6434478393912177,10.423939642683994,2.055518017489955,10.497691460710307,12.450754150502917,9.842319948103992,3,Fatigued
0.28026350686789103,0.3033586008258123,0.24417910815349866,0.6698273122500094,0.5885127436886662,0.7193524063072165,0.12775902379228055,13.548300748921623,0.06435456016746742,4.095555293563195,1.9995727794694589,2.465555061792479,1,Yawning
0.34466390332098007,0.3039004011453057,0.2651579167785544,0.23911591582865926,0.23343417591643817,0.3249629044245025,0.05638295894722123,13.852161327143603,0.0,1.939153490679281,1.9853389599344884,0.6095931147272016,0,Alert
0.2369495221722539,0.1958965320486316,0.10658711468701965,0.23050600547174058,0.17643835729232132,0.31155510779380885,0.48428194862147156,37.64539129039153,0.5955053970734708,4.764749890421579,4.643921645294641,3.0291909594812187,1,Drowsy
0.16891892601776637,0.14841247719959375,0.08428926534935102,0.23518076818425512,0.28949479174254394,0.3345365263048223,0.7393684522533782,13.292866775305141,3.324217014485763,11.56028256436187,17.33546112369303,3.425468180405824,3,Fatigued
0.24165656128848576,0.26868939520169705,0.25379194194800164,0.6346017846838663,0.5834236343218023,0.8220363962224231,0.18843594670874847,18.581110465763054,0.43066346340785844,8.198422227692005,1.9892071953108914,1.694551204738168,4,Yawning
0.35247239822980336,0.3304195921029525,0.24816968260658867,0.2784651789319272,0.1863643277894475,0.28800002663326646,0.06878811775325305,19.33374572132701,0.0,1.1130748955791971,2.420081135635206,0.21643538182002406,0,Alert
0.221247986589722,0.2255135059923138,0.19667847362750757,0.22045479635193976,0.23278469678938554,0.27098058742582626,0.22523302979290571,23.626517122086263,0.7806374519956808,9.228521221448815,2.8752147617233765,1.5556699924928137,1,Drowsy
0.14018421573255915,0.16466204123554867,0.08514618208273464,0.3043199042915232,0.3109378935760747,0.36197424137108536,0.5578757247903005,11.903775716314234,3.836295546010912,20.13701535705482,5.478318415863841,5.6451994854090675,2,Fatigued
0.2552324893613833,0.2826298385483571,0.20289660150914018,0.685433075264071,0.6039867521995788,0.6143156128384352,0.15779242387128423,20.61970022856957,0.5923717207557843,6.086167683330061,4.55324328859653,3.428495264684684,2,Yawning
0.31657926739396164,0.3107059078149043,0.24554330409643502,0.11297804892049722,0.17021393883863906,0.258030453867497,0.011453176622206334,21.340950373693982,0.0,2.9670267044968894,0.6122737412718289,0.3954496371512965,0,Alert
0.16144736090400424,0.2037335825434474,0.11266631324389687,0.2066249157319472,0.16841117444003395,0.30362202883155104,0.30557151672759825,21.886253029254952,0.7425024405681133,11.866060887692559,3.9729982812871416,3.6292878245273053,1,Drowsy
0.14594788081705684,0.1980147421744892,0.09718487832704181,0.19949933196143188,0.2207902592060353,0.43339182214103944,0.9303913738575039,14.382545777151707,1.5310242876503988,10.929574339792325,15.662852741890326,5.346516793782058,1,Fatigued
0.2783854927229926,0.297408216527041,0.20534261662143913,0.7340531562605581,0.5021931260398496,0.7133281309429765,0.21590463310015096,22.874762527818525,0.6516063745044253,7.5155788437675035,2.4640615503675036,1.912210854340771,3,Yawning
0.31905179992661875,0.33633610944568393,0.26394790470528556,0.20172483539882596,0.22141675106279385,0.22957881508224276,0.02429229165900808,20.784713363326354,0.0,1.98379223028466,1.0186933191411771,0.5407703655790568,0,Alert
0.16964489216390427,0.20638484844059546,0.1469733886276373,0.19824700531170272,0.26694473746995206,0.2878926103559655,0.23301746013128646,32.197310958021916,0.7546454346957923,4.4639892356562285,5.2688118696558615,1.2484128241436374,0,Drowsy
0.13160152817437065,0.1625620593966741,0.0663844886734964,0.2546132728077856,0.293181369758821,0.3146345953107865,0.8327644060395961,5.401393881654101,2.8664856587431116,9.500729280462961,17.94613357931611,9.281076119733061,3,Fatigued
0.313202263928482,0.24337753746909505,0.2787778152532792,0.6212372945321576,0.47330211916908,0.6579706642109306,0.1348867777715158,13.892380862482515,0.6649111715483061,5.440885267531456,2.6005982156233807,3.6821638381064337,4,Yawning
0.3103314097731667,0.2867050201533256,0.23860320607769034,0.21803692343030337,0.2030186463863055,0.32531477694880184,0.0328753466576518,17.22464407512454,0.0,2.087384282430723,0.6069582024594853,1.499860466716564,0,Alert
0.18325755187058398,0.20653585552357873,0.15047561683564153,0.23255741379861408,0.2404290927083657,0.3301530677448174,0.21072156551824028,35.334477259084025,0.9365681826672604,4.396679764192018,5.263841473858876,2.5451810372736086,0,Drowsy
0.15577004298912048,0.1509969850368581,0.07444762601726965,0.24176360963226518,0.210912102056277,0.34098946091630594,0.7120903131717335,5.399321892656093,3.588043151521922,11.565562896955619,9.268013234652855,9.090335976244743,2,Fatigued
0.22917528199498646,0.3156192028805114,0.18741594210231804,0.8024148499037249,0.5114723695701039,0.5878737778720451,0.19971179713413534,23.728863725024866,0.03981375727086043,6.668780788588686,1.1313417163355104,2.405228635073076,2,Yawning
0.29962535730786866,0.3174194511693723,0.2566574429686801,0.1759785836535562,0.18864978438644012,0.29945675327397125,0.012316586060147374,20.917651947402284,0.0,2.8458430065536477,0.5313704979722723,1.1456664586401262,0,Alert
0.1708349538155289,0.1803928744399421,0.0650300762045717,0.17781308000002966,0.2989186984066195,0.3439130444363765,0.33967865145137727,34.03127080979035,0.9748813302737136,7.522873579409561,2.8547788885226515,2.9219167639603683,1,Drowsy
0.1136804975988195,0.15854752090941593,0.052292789631110115,0.2696527025141511,0.2244597173152459,0.3995334244921739,0.6816251267603638,10.981938785178935,1.9589072702997719,12.843106861352037,10.41621405155235,5.475465041980772,1,Fatigued
0.30495092433394416,0.2937978401918389,0.21000895656480026,0.5798040339053048,0.45133753352577166,0.9121260330889014,0.16031749178964919,13.504261125425787,0.32137273574831027,6.2088353712137,4.394511194883913,3.275945778227342,2,Yawning
0.30433118489000704,0.3353837451770238,0.26523236869092404,0.2150149849779202,0.1625248814105933,0.2660147889509311,0.0753128945134801,16.388213518205667,0.0,2.630888650968713,1.3552375143985644,0.6358748122033118,0,Alert
0.2004536978475366,0.2167264593864256,0.12876131542021838,0.20079321663171062,0.2022160230046406,0.3188303019878027,0.33876019561349013,28.37881684160255,1.0234690122555894,6.839535715913934,7.895292569237596,1.5423097579027094,0,Drowsy
0.1507583808353268,0.15297445181508076,0.08732460975249998,0.27889556177063113,0.19438912039206663,0.3876439956181445,0.5967011868632035,9.153934299687982,1.9664500987328117,9.741084200521902,8.930247532547614,9.02342959957654,1,Fatigued
0.29607973811000554,0.24694719955421987,0.2161308910964348,0.7208256329955345,0.5646820255877024,0.9337071452743487,0.19174085784272932,17.080836140473885,0.6730466811997615,7.740330657837498,3.791218793977634,2.6078079793872138,1,Yawning
0.3339243959085529,0.27593315193230633,0.24323162760623798,0.21674317331745907,0.14280340469447594,0.2554258084847716,0.004528197248437227,19.99832385271817,0.0,0.6129193912436943,2.133144898709667,0.6083005893458011,0,Alert
0.21707258868469753,0.1890281741144742,0.08662353838011215,0.24871407642541452,0.17069971271081014,0.3241966248527042,0.4591089377008077,26.276375606543233,0.5961224236412251,10.014669688477209,2.1055549279634893,1.804035196258226,0,Drowsy
0.16834198314296284,0.16049735155770617,0.09576140803205921,0.22287051929313514,0.2863984986736564,0.3748088969527737,0.7685116419161135,7.184382449886804,2.8560253216957716,14.308898284201998,14.067487468482229,6.3305565421431504,1,Fatigued
0.16299428342765776,0.3462911501750295,0.12756054537002182,0.6382136957836172,0.3965027284404143,0.7285672601307555,0.08404988519234842,14.63404464862862,0.7346421936078184,9.007958059991687,1.7961772232814095,3.6269878717285406,4,Yawning
0.3155430595074707,0.3050416794851398,0.27139752751959045,0.17295782533804782,0.22981220788603873,0.2698765263594356,0.04197660329458126,10.267004223115972,0.0,2.2917840240048166,0.7755822718030818,1.2261935235005017,0,Alert
0.18586020489288824,0.18975691923355442,0.1728983955038616,0.2028795227178319,0.23566890524849776,0.2937127508365977,0.39724821777687536,23.854870144247368,0.6420031682811292,5.054167108776288,4.29780206638588,1.6109459233698322,1,Drowsy
0.13825613484191152,0.125301162134393,0.04368350000597953,0.29873228650042744,0.293955941026627,0.27919882674720914,0.7053191111794156,7.551153933380007,2.4978292560000774,21.73025532031428,17.56421991670541,7.451651613176914,1,Fatigued
0.18576266851246254,0.2845886191422269,0.15574623371691565,0.6881324609252824,0.5173435340245277,0.6637804852055725,0.17269855437039594,13.243920694976781,0.2836542568929207,4.757786007733043,4.662066914866786,3.557531908867616,2,Yawning
0.3824120840639273,0.3403408617190959,0.23723945864623117,0.20955994993928345,0.2297925914819804,0.2550522954735961,0.04185852222924255,12.257780182558667,0.0,0.7571224301545119,1.576936030593712,0.6386391212923646,0,Alert
0.2177132042685026,0.21432971268974482,0.1581505788147053,0.20281379901480853,0.171642519480739,0.403574635893333,0.34750633581013135,37.452243497551706,0.641118701933746,5.274093554728755,2.844915308802771,3.4809838297150013,1,Drowsy
0.15931790110909366,0.15359390762212413,0.07901066857353498,0.22741106630368102,0.2316144002632335,0.3865094989206847,0.7334915296800963,14.815413930443128,1.9983096473764346,9.109338215125101,16.172493681196954,9.07925738848658,2,Fatigued
0.32827285881417967,0.2443211352382281,0.24980490087950627,0.7471253991167885,0.5553260011512673,0.7765063401648646,0.12694232997304733,13.7309906764319,0.30843840107232234,9.600688183149334,4.559188322369558,2.570978986188636,3,Yawning
0.30755518402121523,0.3256418922203912,0.28719436912289614,0.14263137610572124,0.16775967206050682,0.3058295140151162,0.06695510758479649,13.479245123948534,0.0,0.9667098147857918,1.5159996321362437,1.149728105166705,0,Alert
0.20304268892718974,0.19492584710276506,0.16528322090297082,0.19845094878614236,0.21707218329536757,0.23583089334785873,0.350372143227606,24.783535897147523,0.8720747195904062,7.546287888633916,4.680329335939241,2.088209943917451,0,Drowsy
0.1297283437785322,0.11963021905743684,0.08874577822341533,0.2624368364113043,0.2616320968159479,0.3794959790155111,0.6345889125223517,9.822162725603864,2.7121786864928965,23.138542284914514,8.859593782192574,9.520471253723338,2,Fatigued
0.31502363042609627,0.27253823231138835,0.2693381386641921,0.6302670395961987,0.43268469045450575,0.6256497536701119,0.2020411249058321,14.272879901060746,0.2708687775532589,4.569205937228313,2.4364397718703885,1.691124467098072,4,Yawning
0.35830021452562383,0.2915299875417356,0.2535395370870365,0.2274450653689695,0.21343352383399852,0.22561088992935682,0.0053757678482170505,18.57450041740006,0.0,2.257846358218702,1.3874150774653877,1.3604809493483723,0,Alert
0.26660337455206967,0.2106644093164646,0.12833571977249303,0.1653573400065384,0.20957380818542848,0.3419386704127525,0.31717231327774065,26.361530888562598,0.5208881478918241,6.3177433450202845,3.3966337014513,3.770780891383982,0,Drowsy
0.10015507025892179,0.14548453454568394,0.05379592316922539,0.22284029758677892,0.1677510713864041,0.2708799663182805,0.8453566547744229,12.742155581663589,3.0175716359613665,8.385676317101609,17.103289627922923,7.803632960675134,1,Fatigued
0.23999389275141084,0.2859606729681836,0.15879655780382282,0.8756615655290948,0.6061828080769973,0.7345914848991355,0.13747225831252297,12.97947352845096,0.7573109817719621,9.443746618677393,3.737730758326395,2.4036775843960747,4,Yawning
0.33891769346463535,0.30911129610805943,0.2488367685041125,0.15875851734575058,0.24384901457613775,0.20956140293273134,0.07354033972210493,14.734470498909106,0.0,0.6728821016944091,1.369877153577481,0.44711103637979827,0,Alert
0.19404960992245826,0.21127900950171621,0.1517619083592483,0.1477659034400456,0.23185527877674436,0.23372518894033104,0.23441369665615497,38.856109759792446,0.6327254458639093,11.384006715119067,3.9550126370248724,3.3455205735189635,0,Drowsy
0.1120193288484101,0.17470863551513602,0.08190055770544147,0.32641646902831667,0.2565501681178955,0.36454701083814917,0.9184118064215208,10.351067800006035,2.778770911914097,12.516533913548233,17.165397809880787,6.205434170397346,2,Fatigued
0.2693148016939346,0.22092515851479677,0.233391331746134,0.6933827813766286,0.5908799114923713,0.7354375030693375,0.18039086899683404,23.864585146707224,0.6667776813440387,7.8130771038538125,2.4244235980758377,1.7233313430556554,3,Yawning
0.3005170214784685,0.30496841445946204,0.24206431228555172,0.18466472390954924,0.14799289314735642,0.19480759264560535,0.024050554286534045,16.856218788483346,0.0,0.8749425603788616,2.459780951468084,0.6321820337219298,0,Alert
0.24811598201803597,0.2235876274602381,0.09346921454050042,0.2802078399551616,0.2672716135112129,0.32093952556539707,0.4632636627678419,22.07563856353344,0.7078850099944428,10.208932787308004,4.589910575563766,1.9966832921988515,0,Drowsy
0.11562553557085778,0.16314784095830098,0.08593103266671451,0.26252760751053994,0.20561861206935308,0.42692976175693853,0.9050632255042113,11.379793773932166,3.629598692157006,14.13651475176662,6.893477183836635,5.3263602615422565,2,Fatigued
0.3132654171987136,0.2507400901664,0.2569780197962909,0.6616351861597024,0.5928570385660825,0.8416373589247472,0.22095566925911586,24.20984043340991,0.46398665636166714,4.66228235055922,2.5945158465763,3.2749171405398796,3,Yawning
0.2929343529328874,0.311649327873943,0.2510045771649492,0.25151557608850167,0.24862322250226837,0.2644582700246783,0.04375966802708164,13.079521646982734,0.0,2.177725436239797,2.8947813772253697,1.2005280568288361,0,Alert
0.19563536015968122,0.2084397811705083,0.15319714231312742,0.26301116383341894,0.22847812536151357,0.34890809531430217,0.3112863939227062,23.62516583259763,1.139717982847325,4.828777199979836,5.257930422478433,1.9420237758205348,1,Drowsy
0.12475954250231511,0.19315943372056518,0.10837735179604424,0.17478556688486274,0.24765824544599738,0.39410931391935505,0.8729257203076208,8.838749534342776,2.6796074370940346,22.770462780619788,10.3930236075277,6.742616967243595,3,Fatigued
0.2833745395618471,0.24116053824697148,0.19784460994850464,0.6205726246777888,0.6203789247145277,0.8073645861530202,0.1407631827448741,20.19369251345246,0.43166050364964903,3.3661404045832475,3.971218749039386,1.5170857476561248,4,Yawning
0.32225456014439413,0.29277423795228197,0.2528714575894984,0.1389925825335121,0.19415631136150294,0.2677876338592574,0.008001447201945781,18.302920319434744,0.0,0.5725997555230484,2.044351251562495,0.3829201800732466,0,Alert
0.2166399229210648,0.18338719692307956,0.1221080028206058,0.221200553704665,0.20204055585401992,0.3088589192906638,0.31788333181200795,33.39852684322646,0.7759119264331517,7.069777397755636,2.714942273242789,1.7348171370809689,1,Drowsy
0.09862127548328241,0.15305778533201284,0.12213223096352147,0.16047176184125217,0.17484969084244245,0.4267983022000093,0.5805342568665812,11.553260713826527,2.7210796511331945,10.326940732833368,17.166387602279293,9.689680635284102,1,Fatigued
0.23241377980396224,0.2684036269118105,0.21014734217192388,0.5748200911751662,0.5419005863213764,0.6925888689911568,0.16660129660091028,13.911908759154464,0.6123457733958174,8.209646809060672,4.613364054827178,1.025458036250329,2,Yawning
0.30552470044154206,0.32530103387126164,0.24092331585578525,0.17864967433093024,0.17226225398165723,0.271278001051197,0.03528278446764964,14.246448921378835,0.0,1.058287618185013,2.1054485298757877,1.4361849345921816,0,Alert
0.22002819579662755,0.1915352772866046,0.13960411602854744,0.2880716840615425,0.2619254419572238,0.25626815570722594,0.39866378537003366,28.07271052505009,0.6534328595956913,11.469953585822509,6.7398892958760515,1.3433936979236325,0,Drowsy
0.11076665037541691,0.1831773938891066,0.09969185789791594,0.2795336159345364,0.27149105172491655,0.3775745292986639,0.9317514400883572,7.109692897116994,2.7598225193106103,19.569432409956192,8.217080483517387,7.2033100427519186,1,Fatigued
0.30514691307893077,0.2432445386181686,0.1677375040085882,0.6507388949347015,0.6487896687423305,0.7370708591433471,0.12553198217746425,23.299263846615457,0.3095621632702079,5.448873178547123,4.992975655453066,2.4474160689701963,3,Yawning
0.31710713889025965,0.30795530671628846,0.24059166840874946,0.24801961827094926,0.206222617548843,0.20631875291043728,0.006331573462256755,11.412118151743588,0.0,0.9396447032904813,2.4368089832614004,0.8680145670498591,0,Alert
0.21155165503813503,0.15584868612655783,0.14787925963615073,0.1619993457532987,0.1910208722616539,0.2793915264136835,0.2745647932253539,27.574127151307547,1.054487827795334,11.302869519715099,3.21329052475384,2.6288498138443384,1,Drowsy
0.08770358846250022,0.1404124562451718,0.08726497733861908,0.1860348606336129,0.19901895425698765,0.3575040868556291,0.9236945764288556,7.917551685705851,3.695849550108446,12.812299467256405,15.478682242427354,4.465669334120409,2,Fatigued
0.25098227490332,0.2595147936912369,0.24107302382348225,0.6590141122960698,0.6117638570881193,0.7122740237314771,0.2285312390670961,14.42884728182958,0.49573132129576697,9.421533895456935,2.854926943725283,1.310630715858352,2,Yawning
0.30410418597835887,0.32834467690395364,0.2478384270889571,0.266969765315322,0.19590444033921153,0.29797566188240376,0.01215248407911517,13.918046073646668,0.0,1.9565558954456157,1.2923225082055905,0.9938043492552602,0,Alert
0.20157368801610206,0.2128687027401073,0.15718448665726764,0.21277839068744148,0.18865916556716233,0.32922547231509314,0.3496943015581285,33.072728898201,1.0706034926533907,11.491814293661179,3.9044968022983113,1.4665370922371104,1,Drowsy
0.08951049910102471,0.16182429569233384,0.04780193597312626,0.30325071170358486,0.21311273455306046,0.4315224679306495,0.7444013792952907,9.07084972815385,3.1264369777733654,14.054365754254459,17.528979449250016,9.553028906189711,3,Fatigued
0.2052694496121738,0.2216701070385363,0.1655534067726159,0.6866172191247769,0.5128727241247056,0.8702679251460608,0.14607941764046406,24.665896475110213,0.2754935106546032,7.537532551817478,2.570017269183243,3.682848156051034,2,Yawning
0.3424761102604873,0.29679704265327045,0.2566332473152562,0.2095786795512174,0.15887473865512985,0.3437968083234406,0.07916384954359017,15.74599378998018,0.0,1.0708004344923567,1.4546440630545814,1.049989906761614,0,Alert
0.20525463321999424,0.19566632184127844,0.1144706471224114,0.24002993463907368,0.24278126498168356,0.28062242655183894,0.3758331607694405,35.65471420720384,0.9969204030614304,4.404811096974438,7.355068514564909,1.681095502846806,1,Drowsy
0.13109983085174307,0.14242610395062294,0.05466316451466022,0.19503841597097143,0.2874286563835659,0.26583722259813625,0.626286404091918,14.128607116579502,2.6652863123486896,13.534806163538583,14.951907310118788,3.1144266566533485,3,Fatigued
0.2055280854501454,0.23346242584404012,0.19343312401812207,0.6754347479191466,0.5467070093682201,0.7457347856211255,0.2477221009639044,12.288154826577953,0.13365892508159857,9.819221560610877,3.5130263752400173,2.352001361820194,2,Yawning
0.37661441864563566,0.30650276728646636,0.25591519020669656,0.22879106077910796,0.2156654478774082,0.33670248895616084,0.07416096903400644,14.780532107913167,0.0,1.29773834968247,2.7178549967353596,0.2640177218307759,0,Alert
0.19550365899433497,0.23224584899783454,0.15391169172671346,0.17329996704477144,0.21579051315858522,0.4208903224396515,0.212155857631901,33.12257608734404,1.073631026884417,9.762594218611213,6.979747513731912,1.6015285706526625,0,Drowsy
0.14326718630533225,0.1543400999645076,0.0930108829688082,0.32208654347693616,0.2979298406147964,0.2666696464168751,0.758900209742706,8.193183264978439,1.8610597887744413,17.40094190571167,8.716928486208769,4.631003428662974,2,Fatigued
0.26548533605276864,0.312171559301828,0.23999904275735282,0.800130769490398,0.562466910923573,0.7332655652426373,0.08915502228262724,24.11966787292015,0.2004570331377183,8.137166812916194,2.138621573974368,1.9533562257605916,3,Yawning
0.2838823801948925,0.30333920787505747,0.2615386121041077,0.17521009082956301,0.18887662205874742,0.2750473162726638,0.032035618116150785,11.564380290122692,0.0,1.3746827267503847,2.4778992177251706,1.0142736478196555,0,Alert
0.17380167433027321,0.20766369905095647,0.10714418203749085,0.23552134753375165,0.22672729111221096,0.29105186892287316,0.47361796934630224,29.211868735410448,0.43279672848649126,11.042381739348329,2.4018425967414445,3.6025397281047615,1,Drowsy
0.13153611731721895,0.12543302469524192,0.060052452585018276,0.35411711691132824,0.22319508090912424,0.2252882634079627,0.6745663015524634,9.381223470808632,2.3972824774950765,17.62548199962147,8.093014109184786,9.920595884398088,2,Fatigued
0.23314675586141406,0.2525607291864796,0.2000423667184729,0.6799451002580414,0.6102414383401864,0.8106599227369571,0.12540727163685056,23.8193011940973,0.6315263618715119,8.254181537551249,4.883761134691807,2.098590492380046,1,Yawning
0.3312303473208173,0.32013068782771836,0.2468305280947749,0.20695694047900612,0.17454866588353588,0.2806971581183241,0.05887577613785779,16.558020566774594,0.0,2.8839338435307433,0.9578384289294246,0.9878434882764919,0,Alert
0.21524859606066873,0.1842955442629158,0.16885280544606052,0.2585301750635615,0.2304386239782037,0.3355043454176266,0.2231815178801531,26.86534314144808,0.9496980162878446,7.988690299129697,3.1440556805287487,2.658128710500094,1,Drowsy
0.10776378594393751,0.1944174121394578,0.06782168140808592,0.19254252245870648,0.19315015427850724,0.46494503388179287,0.9057546226996207,7.348402715355853,1.6826816306331809,18.018925800593237,16.518660922470985,5.553173206078521,2,Fatigued
0.27316281163716066,0.22465304164888905,0.21678153173704295,0.7062255934290178,0.5328951062366766,0.687296222009977,0.17792888838717408,12.451397285217478,0.5524921601206616,6.69623717962679,2.1542651168801057,3.4439633517821515,1,Yawning
0.31358370020217363,0.3337838994418789,0.2657432175520555,0.18573446023443826,0.20721342515420035,0.3535562625723802,0.0411642473067024,11.049755269011136,0.0,2.1396223714346854,2.778112889385749,0.3212183949877659,0,Alert
0.21358622980384676,0.20467574099187016,0.16777898389556692,0.16811342814537114,0.2910500362720131,0.3628024047387757,0.32473667047317595,25.999829411074224,0.4388267605837352,9.954247514353312,6.47656077316536,3.0121772202361696,0,Drowsy
0.16042598245689138,0.16639380223382882,0.06678922110375503,0.21433147273726647,0.29544185429150177,0.31704979323362165,0.925518363901143,9.273298259740077,3.435391981242915,15.996929530935763,8.83796724422103,8.174856055080934,3,Fatigued
0.262394252973835,0.2968927416572224,0.22605383909806592,0.6309452533433382,0.5082687570936133,0.6815722403408586,0.0966508643645097,18.694771248045477,0.2574620065352639,4.07909234737739,2.8126936475755295,3.621721716355501,3,Yawning
0.30599006633080367,0.32878174511031993,0.2662168994354305,0.2043200775291724,0.19874802634103464,0.24232701825186395,0.003969018932954542,15.994545079884585,0.0,1.1306485262189276,2.7776638231846764,0.718040242555013,0,Alert
0.22884561795683206,0.21714547124084924,0.14008623112537866,0.23456061765855848,0.1962151639238203,0.31586615555987546,0.20382168300116452,32.17604184996992,0.4523714817181168,7.043031496307786,2.0216386166387688,2.8456824968970125,0,Drowsy
0.10898016693810109,0.14209752143438623,0.08958394406552081,0.27328249952919553,0.2165027194284402,0.2837078247928695,0.9366459969056856,10.941593578796514,3.5028889932528933,12.498047591068396,7.730687962330968,8.487418501925838,3,Fatigued
0.24526190579310475,0.3366245736110862,0.23370101431320764,0.8306609253493394,0.41627918893447885,0.9016336805429758,0.14242298454035046,17.568451074203754,0.42511864559705775,4.915089874700595,4.707155132457706,2.4706902443858056,3,Yawning
0.2506121717244242,0.3017312239524698,0.2789940076855574,0.2109787334254626,0.16410454855547202,0.1827951049709058,0.07820922940190025,18.135976182911016,0.0,1.5181160431551763,0.5651447149639826,0.9350007081289546,0,Alert
0.19240580151619083,0.24237336092417253,0.1673382391950217,0.21350595567339528,0.19023730959701135,0.278190243092021,0.4817592298477286,36.18491673506965,1.0565004744537556,5.561550514207404,2.8597759485856065,1.0780886494514048,0,Drowsy
0.14806163672903735,0.15959991704278043,0.06854007617465903,0.21113838466166437,0.21927093983571347,0.4185696547049877,0.7427633085879302,7.919669606508686,2.993109920805211,20.19424300966964,10.815790213894337,9.115159353041363,3,Fatigued
0.24015176497033972,0.2714080889524568,0.17775341722312002,0.6919008586668557,0.642406469424642,0.8274799042099901,0.0895535255235037,22.651499933383022,0.728868105259239,8.691608748796737,2.2204367608483286,2.7599290373369034,2,Yawning
0.3219338907052682,0.28372144707698865,0.3070809749903777,0.16537316241136732,0.18503173004141196,0.24781834063504096,0.04916998261435324,16.59464047943677,0.0,2.4609098636029154,1.1730829464357904,1.0496047907184942,0,Alert
0.22047754965132463,0.1771071646259071,0.1115526012000475,0.23053469714010846,0.21172149503822904,0.3213748584386114,0.3503632254124075,33.9504377721615,0.458266183191991,11.509686531336218,4.752533191936726,3.815248826872186,1,Drowsy
0.11360355111290574,0.14804758608451848,0.10457144164123995,0.35011216366864567,0.29341895591402617,0.3034772582196436,0.7106980821699914,5.709079223318417,3.41876673848841,9.211295650463205,16.987565667495833,3.3568182505416297,3,Fatigued
0.2778012576222923,0.3157395259587252,0.19534760409048563,0.6356098932868244,0.5203728124013005,0.6613343980795293,0.1266703268530445,18.174068589369,0.4802323541827705,6.996843567487394,1.1559656188199803,3.2520676554661656,2,Yawning
0.25257439981777585,0.2814438694183125,0.2690478896658074,0.20921089253020278,0.1895068749325593,0.362099557151876,0.06233640917911067,17.69165588946565,0.0,0.6515258927945338,0.7391589660471041,0.24929202729572333,0,Alert
0.2385224082962686,0.20659654937198432,0.11135392755247772,0.15836968766738552,0.18336107846184324,0.36321957487033324,0.23511244480653307,20.321176453602273,0.4856085380835367,6.340771548991542,5.310740381476974,1.1920002482571608,1,Drowsy
0.1263369882960955,0.1687653361931655,0.10479871811269523,0.27975475348645235,0.20659121637347358,0.3444587164288999,0.8585759076377443,5.478163527433618,3.2947860043068458,23.4848785449174,9.510596978810241,3.714432495964788,3,Fatigued
0.2717830720216128,0.2505949108749713,0.17483201572118706,0.5648235762705572,0.49876478214875697,0.9069654689518822,0.10010921178622566,16.34780042941822,0.27323849353854107,9.715267331557495,4.194452063693804,2.3756463144382005,4,Yawning
0.3154468940990587,0.3182782555779717,0.27078802980344424,0.14743491751702817,0.2117981542073461,0.3097016269840154,0.019580732060810437,17.78617994433418,0.0,2.047898431800502,2.5521091589467217,0.43157237609570975,0,Alert
0.18396404725932247,0.19155277128443152,0.1874961253484999,0.24258268778708802,0.25878242894932985,0.2587587454964504,0.46978363776089993,34.53117574448524,0.9688181740817953,7.055765267332927,7.468575853029205,1.8319688258832332,1,Drowsy
0.14053273875030206,0.17752463941271146,0.07558421700415892,0.21972483167229562,0.26135923189674654,0.24330783634604913,0.6532175576146863,5.729598639129549,3.3269057546332483,13.084363598141993,10.880864301302907,3.8936664448761373,1,Fatigued
0.2711465130121941,0.29475790301927074,0.19051298457643326,0.5072020458574729,0.5382116129833664,0.6311880239789539,0.17084819281941976,16.409152683550218,0.23871273749590458,3.289689369898049,1.1304070882057902,1.8360845629084768,4,Yawning
0.27160056179122616,0.30557615570761537,0.24093151398354995,0.21807624790533348,0.1943320528499542,0.29133913902306036,0.02331218130305959,20.210875865811996,0.0,1.6461690253643095,0.5599898645001826,0.8429621265634395,0,Alert
0.1542315520986427,0.22104249169459686,0.11658786182214119,0.22470070476632387,0.20937344152250079,0.3619088609799719,0.29773043589301057,20.701752224326,0.9211202869607333,8.27923827351836,4.756078227964048,3.722892860004121,1,Drowsy
0.0972617241952039,0.17716641622172613,0.09729345941849937,0.2544384116872396,0.22023722835809553,0.42446118731496574,0.6651746218814939,7.8551044873955895,2.3714778759414576,16.38978877432113,10.415767249021261,3.931028146913605,1,Fatigued
0.30692916365173994,0.27002626758721865,0.13621150381828723,0.7303003451622277,0.6479291346307177,0.6758871628324945,0.22816237886276064,12.53386285870595,0.057231057512301134,5.2753606652671134,1.931118737749916,1.794792658667218,2,Yawning
0.2752334703317928,0.3093594393299155,0.2630658800376205,0.17833098083811247,0.17553891262572324,0.24781370947143486,0.07655809517682485,15.541279651735497,0.0,0.5735651662517232,1.349606787874517,0.9598390049278946,0,Alert
0.17162389269664005,0.20732681229234368,0.18428755324548496,0.2788391883645837,0.25831904313995335,0.21033060957935992,0.28881902891245853,25.754930251027965,1.1864121250002073,4.334902365767199,7.934272484546911,1.1432558232351897,0,Drowsy
0.1520601235975752,0.14344415992145662,0.07858559902199574,0.22209010043561117,0.23642660306174346,0.33054067754538824,0.6190562563121165,7.5221839326837205,3.6939959329035474,15.412836750572147,8.559373888224858,7.125368645653834,2,Fatigued
0.22380357887271835,0.24954534292993788,0.182870303034886,0.6235475774064303,0.5634461474437396,0.7846274504831803,0.13519460644398268,14.472315761811902,0.17719178001611394,6.10128005989208,4.072890685345927,1.7941884879968768,2,Yawning
0.3540212796498303,0.29406774860744045,0.26040027610003225,0.23014577126533856,0.22350981422680125,0.29769345039904793,0.037368295385141595,20.019688880378684,0.0,0.9440495486380056,0.8979188361995362,1.0547127795129996,0,Alert
0.21162400378290264,0.2537005385728886,0.1740994911912664,0.18642841853166084,0.2901595282166368,0.3544634834562653,0.31804416517658785,39.29646250944496,0.8573458608794169,11.50230104367032,2.0455484970434847,2.718011749573363,0,Drowsy
0.13885371508908523,0.15916961247602768,0.0948589012576024,0.19478142510501478,0.18073733112504586,0.35950714349577706,0.6279476328869603,5.810843412662865,3.4888631910467227,13.516581270540161,16.140594859276565,7.258207562162502,1,Fatigued
0.2687903233576057,0.2269930823110368,0.2771707998648513,0.671778603080992,0.5412493340216686,0.6727683031893662,0.2118037084533395,18.569359172702864,0.5621592262537856,8.22025930988994,2.0138765649715755,3.6270981188276963,2,Yawning
0.34116026539289374,0.3060138505546596,0.2727972346914903,0.22138938624150217,0.19761543869572007,0.29331950930045525,0.02477242195043689,10.367913881802368,0.0,0.8750484044746552,1.9050366363575604,0.40495877356934207,0,Alert
0.22616996328210104,0.18853129012334535,0.16595828318528993,0.18300801977636336,0.24155865879887894,0.30581342852370436,0.21535392070046283,34.50013648894624,0.41865786525014004,5.39644396285572,7.925514449231446,2.0826547374829207,1,Drowsy
0.10293048536216373,0.1433392044852216,0.07266732242662134,0.20823473151891675,0.24546986010593852,0.33056114895796535,0.5795955536807621,7.032895554359562,1.7322492862352985,9.073851425351528,8.480771652014042,7.00329277362259,2,Fatigued
0.29589346982819753,0.27850476919112055,0.22871024558947547,0.5179849919510231,0.4850940630014518,0.8941178891673744,0.23066957007321165,16.715817095615296,0.10000865607187492,4.008142506361897,4.563430458030851,3.9640241285438793,3,Yawning
0.3176495419743321,0.33387084942009876,0.26695521296453784,0.23547286849709534,0.19790894242646534,0.28568900802785535,0.047625563662631605,18.281576175242705,0.0,1.4823432625695165,2.699269956010133,1.4737441120354007,0,Alert
0.12618692533711384,0.2071964414034931,0.17516824878824205,0.21626957337832942,0.20784966785647907,0.326471083840765,0.3626509731337144,20.346002454819395,1.0228282968027242,6.62649818833971,4.832044892703976,3.396034317722896,0,Drowsy
0.15849253980627664,0.17123246294399758,0.06621860131502723,0.24474843685278738,0.22218083587588877,0.47564438575125917,0.7378218855974132,8.790221954662698,3.8226772871042765,12.24067153819135,9.115727894327136,9.741285479149358,1,Fatigued
0.21568299095220553,0.2926204221418347,0.2051588843124759,0.4909067567996699,0.6097374605353464,0.7557658713709163,0.12611322658944327,23.810812396506662,0.35309404825583174,8.224608723546478,4.721017279940224,3.722727111889799,1,Yawning
0.28054035769931585,0.3075481755629102,0.23723221136621395,0.2436502784392464,0.19261668458426565,0.2351748653464469,0.07713778224698226,14.937166916645559,0.0,1.3683344143276586,1.6112724051732603,0.2157504172795429,0,Alert
0.21546438097894996,0.21078521938061057,0.129118630748375,0.20411654692150347,0.2260438763153063,0.3409024484210693,0.24559000605264825,27.869853422372195,0.44501595537176847,7.461372271341554,6.667408966922222,2.6619161637583817,1,Drowsy
0.17822258041244052,0.18010477378812828,0.05377292216160229,0.1469228235919176,0.23641018655939544,0.4257254297615507,0.9451093328548489,9.396172300088649,3.1239523615445974,8.856170982887729,13.493419017444541,8.959984760905042,2,Fatigued
0.27246108664241764,0.30695952360958306,0.2295800691248155,0.7143600790635054,0.5405648738448074,0.6443651230675516,0.0570142558957065,22.292332460325866,0.7070079990675058,7.802277891236199,2.0719800982544374,1.3694664219663717,2,Yawning
0.3448024753719584,0.33723521826680447,0.2482651047853998,0.2030693143757183,0.205503626794167,0.30477397181738797,0.07952495867064883,16.448276857274642,0.0,2.275277229765533,0.6405238946655554,1.0212570298704342,0,Alert
0.22232473336683922,0.2241422591792402,0.1181182599688948,0.2487913180666917,0.2502506348108204,0.2639176688525204,0.30143327622083965,39.35508646746243,0.4812030866428284,7.981974535651008,4.5682867516524475,1.9780703568339546,0,Drowsy
0.10119794965548791,0.15523669224210238,0.09273465526799649,0.24034465757478196,0.27581751691973616,0.44083338126224386,0.7799220899489123,6.795392521995928,2.581619561570261,13.822899625234964,17.389966188886817,4.6962416195950745,2,Fatigued
0.22094297841073607,0.29926007204666283,0.2179577087277199,0.8198508458019428,0.6509588556407979,0.7226203895882567,0.15020411440312503,19.85669917449566,0.24221887388535396,4.402522128024152,3.1702808136322713,2.3206569189130057,4,Yawning
0.3180862443421402,0.304957649790451,0.2777836192101095,0.13388922081027818,0.15596828596014783,0.21381882587783943,0.05859715833419613,14.337701504079263,0.0,2.2326877824262175,0.5358211386307552,0.6220416070050387,0,Alert
0.23381376640520662,0.1936068189140055,0.17100310672661934,0.1625042707955696,0.25248556835546854,0.3844290286054808,0.3809881043145994,28.272336986987895,0.6986439821470484,8.516672467007117,2.382218614905958,3.627459526154578,1,Drowsy
0.17294766715642335,0.13554439489111011,0.08387340036696338,0.2721139128335516,0.2181754337468499,0.37889683074128566,0.6347836361031894,10.3203468683339,1.9413854806071014,18.794916193755704,8.791491410131087,8.540728330668244,1,Fatigued
0.2897327335968658,0.3205626580070716,0.24697156305239526,0.7211364604173027,0.5062807776168576,0.783194206864225,0.21341607748833863,21.56792677618314,0.6163457563209871,4.617675347703184,4.613774786163711,1.2918441050405867,1,Yawning
0.31017510496102124,0.32799440746059066,0.24062450523181983,0.27158795958385534,0.15948011716503122,0.3420111529631426,0.027174275018338037,17.613760878081763,0.0,1.9776551951224732,1.233819885419874,0.39415298541531546,0,Alert
0.16493057269362502,0.17376720305763224,0.1615523509332989,0.22892081211848653,0.22031463948021626,0.249997173141831,0.32891024211294795,34.58075247640377,0.5939327300358911,8.75598692599807,7.303143581599755,3.732033219754914,1,Drowsy
0.1678111326419153,0.1387653727506261,0.10191723595370418,0.23199621685808594,0.2600259822615003,0.24349766849631008,0.9204696176279015,6.020298946414904,3.0029063442776676,13.137004434015179,16.561261166252724,8.356187267609592,2,Fatigued
0.19311008044600086,0.24457655445301704,0.19908552255494885,0.7062261606022707,0.5072242111735298,0.7941722827506622,0.05269105154836276,17.428314052824206,0.5325318679541294,6.546190873284216,4.5618650304975645,2.3019380535614946,2,Yawning
0.2558329523804439,0.33001929180577966,0.2517945297523837,0.24061811392698718,0.2193055303294983,0.2627571943623069,0.02997224733226088,10.201999838326739,0.0,1.4757227520983345,2.136305672527355,0.5306674004482964,0,Alert
0.18044143537929844,0.20799944282117327,0.18440549230645595,0.24035053324197217,0.17115237856854476,0.2315244881823764,0.22648474957547493,24.03881729023965,0.5237402425023301,7.853502149292304,5.175533245704501,3.84682039385278,1,Drowsy
0.12643873682158835,0.12921510756204466,0.08141112371757636,0.18460037374449234,0.25516840444250277,0.45007471525804765,0.6480878313549504,8.537959854689051,3.096431844264081,18.02584210241853,6.778072245577335,8.91464631496272,2,Fatigued
0.24718875080155914,0.23381718161165643,0.08561919845302232,0.5816514015505341,0.5563263535708823,0.796425534180764,0.20914554299396765,17.59510403420898,0.36307030500558435,9.155285493110766,4.583737985167609,1.716066644293893,2,Yawning
0.3279832310620826,0.2790151460314219,0.2509214156905794,0.17507979372006305,0.22429963238292056,0.21803234265612925,0.029860396721318034,16.069399601440594,0.0,2.1260956594164666,2.890679002019218,1.1942886162335782,0,Alert
0.24456785968893943,0.1986617765449842,0.13997308610850812,0.24605092792905112,0.1974469767969143,0.31202743210324413,0.46771111119525866,24.928685615873114,0.45116631745531166,8.297627892728665,7.07539787576915,2.2199051668691574,0,Drowsy
0.1564112626916373,0.16240009977801506,0.062455008600425244,0.18718282639503867,0.2908960250979623,0.4129043979340982,0.8316398737589801,11.826985047758368,2.482019292381347,14.712512464862531,8.312629107376958,4.097835899274541,1,Fatigued
0.22770834025544048,0.2587184455380668,0.19638685659004695,0.6205990985097514,0.5225224514106261,0.6700164563975158,0.21399596161648737,16.992615975847816,0.48789673460508465,6.515120390759704,3.8741331718801453,1.4684948769627062,1,Yawning
0.3443941563246371,0.3258137242005168,0.2757203458162842,0.1540328159113288,0.21574377726503965,0.24486004836121983,0.01795844009861827,10.821438033112512,0.0,1.7037341963734858,0.9232155256819736,1.1482771848245148,0,Alert
0.17836782206012852,0.1859744620248417,0.08889253519181127,0.2413714151683137,0.25496849947333483,0.2974700137657984,0.25376295486830774,21.644031789638674,0.6626862281064154,7.395014136111025,5.2559556928194056,2.117271088525021,0,Drowsy
0.1015573484086661,0.17139218824913108,0.06647916791793824,0.2629643548843681,0.18053727094960273,0.3514888598789905,0.5798496485676412,11.174519819443162,3.8799190557585077,13.281971718204591,12.548395404679354,9.675223574255561,3,Fatigued
0.22045682968581476,0.28599047807897454,0.10811278095143412,0.669781972720497,0.6347497583952276,0.7390905040283337,0.14213979754921968,12.817058817351857,0.7244333289206905,6.813711212163795,4.697977434121167,2.717063536082873,2,Yawning
0.37132971407124393,0.29050934591810534,0.28167641283662515,0.19888412425319962,0.16560637951691365,0.3919929658535133,0.07396807923373701,18.636275152544254,0.0,0.7788747683671433,0.9442611529920351,1.2232597218212744,0,Alert
0.20499016597851968,0.2347240995651919,0.20209843217209036,0.2541747728139769,0.27588279059140847,0.2885312894396772,0.23254437726992472,39.225584847347726,1.0001238590359374,9.049393632072055,3.897932342056884,1.4828664623701875,0,Drowsy
0.12106591781400072,0.15096168896868828,0.07946408968387059,0.2628271154914516,0.1782468921567125,0.25617748172138577,0.7196603520233066,7.42180718172753,2.3183340643745747,24.751079366170565,9.786184003329225,6.687075115316523,2,Fatigued
0.2594534830664033,0.2496145705327318,0.15727744609748645,0.6509870422915137,0.6214533121869262,0.6382700027330439,0.1567506641187572,22.602630746704993,0.5019564878535537,3.0017671814339346,4.052697542438955,3.2405443638883544,3,Yawning
0.2742394065046908,0.30661981939877775,0.26653355326746836,0.20740542083257016,0.1966722123455625,0.2605354804118595,0.07974519808567598,18.792063640008024,0.0,2.8829691092645175,0.9102082130403889,0.48777912733953965,0,Alert
0.18574151552863094,0.19339710738089766,0.11688099697088129,0.24064362236422474,0.1677191902361962,0.3291495492319493,0.4487587337410746,20.13184810677878,0.5784919668309334,8.841926060577457,2.5802630118430554,2.398936647837969,0,Drowsy
0.08990886090169392,0.1198267246035552,0.09107311061615032,0.29518644769757957,0.317826700102131,0.30143765351937096,0.5711133402062765,6.802715360183761,3.0673696381043873,18.90323592683014,15.063750563196553,5.820998313375215,3,Fatigued
0.23435861086364349,0.24875287088372766,0.14476268558485164,0.6470868446317082,0.4762303011728456,0.7945939684027342,0.0875753077882292,18.12608090640481,0.7109348794590551,6.278138411650439,2.655394978288668,2.7342847223791265,3,Yawning
0.2544523949712824,0.32637097432879997,0.24906323089610435,0.16048567705471037,0.23812536863226647,0.29310504869313664,0.03384945580381843,20.83977601079423,0.0,1.7082955538806335,1.9348633055016735,0.8393321740814539,0,Alert
0.2140179252510159,0.2427059720263321,0.1191817403356163,0.2021139888677547,0.21243587042051768,0.44364999633840435,0.2287927090088339,27.91234931586537,0.8118211376003628,10.61514587060472,2.456606335000174,2.0454860447380088,0,Drowsy
0.1458351606763029,0.15564160797850296,0.0782065468200598,0.17655263826808665,0.29428747203201605,0.4516775365106173,0.8944163738105193,7.156913679728857,1.939109581347166,12.307436112585174,16.59015064236732,9.587189578603024,3,Fatigued
0.28439636490618575,0.26566536475666713,0.20134270592276027,0.7671503868923687,0.5431674035358556,0.7512027140433433,0.0931002311667531,12.322063650146989,0.60363162615631,4.019520572185485,4.476188409907268,2.9299729410273647,3,Yawning
0.38028840227380306,0.3189898499942286,0.28598207128108866,0.18122996116162857,0.25924470778652703,0.2660921578960172,0.04971435028956037,18.427774220628997,0.0,2.4630396878130583,1.7817837039824878,1.2569857340323694,0,Alert
0.21807025147751802,0.20992764098862252,0.11942500372575521,0.24107785021460656,0.2259023740269836,0.3828487120451895,0.4953382873921596,34.376380873470545,0.4675125972561529,7.15968342088279,5.1036524160395995,3.517040809479406,0,Drowsy
0.11247312720423744,0.21081373908318882,0.06063974070821439,0.29739013958798766,0.2165619692514475,0.38054270868782863,0.8630483156308038,11.63810105250283,3.208020773868966,16.186407751163422,13.67101992485124,3.558579325916202,2,Fatigued
0.2551472485276201,0.226541172225312,0.14141128483930035,0.6857207081316363,0.6403385904152787,0.8086433067903132,0.12476801719309039,19.610872059146704,0.40184152413155705,4.368838788492715,3.9200439550983113,3.404359083472142,2,Yawning
0.3055885580590586,0.31528723855916363,0.24475504444478902,0.15968579205274225,0.14446284271544818,0.2566139761878713,0.029937023659124637,17.447643425449115,0.0,2.4063141927349396,2.3388954956697923,1.2587506372028976,0,Alert
0.2050090287000249,0.23921360664258273,0.1216771203280479,0.2242667862146818,0.2424117648347237,0.2539395384071935,0.45775456703320283,38.33966794362805,0.8003355966680654,8.363793861905581,6.9982977864139455,2.612873802242064,1,Drowsy
0.1232332076591673,0.17431768376267193,0.08428929998867474,0.2531905947664951,0.212685404313369,0.2689619744924595,0.8479704900781935,9.893531254075853,1.8845664418088812,12.127570496970431,17.643663977770245,4.057091821989744,3,Fatigued
0.23084136712045,0.2702931170205973,0.2560221754600321,0.6904617975155358,0.5585921315497829,0.6309124817630077,0.09813698184466818,21.876034971398852,0.4514729342985206,8.991831022766004,4.578232011509531,2.946200447336194,2,Yawning
0.3242000349790255,0.3082179997961935,0.22636321128866643,0.15075957225490583,0.17349353807063508,0.30239586801011015,0.029065878685900114,13.495689355293853,0.0,2.0038365565765655,0.9068822155354096,0.9133116322881072,0,Alert
0.20137435804703807,0.23311823451888464,0.12466211707625939,0.22883480163197556,0.19320501368010537,0.31437845897826605,0.37983850273599706,25.621087423476368,0.6298126647933984,4.614133897159846,3.8614271686444064,2.520031531321292,0,Drowsy
0.1562924609939392,0.1606822893659454,0.08625835977802343,0.25192199221941697,0.2374809232074203,0.3789774040270448,0.9301341866673561,12.232899483428163,1.6766704757701962,19.590313060609873,13.927316574863031,9.34102394654769,1,Fatigued
0.3474279155635272,0.2781459027846906,0.23182577834161427,0.48606575969376953,0.6619338940412338,0.7551999524664205,0.13199626387125654,13.296972594087821,0.6309676182508983,7.793971023297453,4.800493821829462,2.286148527543588,4,Yawning
0.29712453129317035,0.3115999171048716,0.2624300601963787,0.16176982568709425,0.18803894652550432,0.2830949713104334,0.045870143040124677,20.062030303883645,0.0,2.305790443234885,0.8279627598019965,0.9702170418326994,0,Alert
0.19371236701391253,0.21156026148911178,0.1487082505237761,0.23253452604567076,0.24192496705584773,0.38708601443600577,0.4035881014964756,36.12790586669966,0.9299987666890437,6.621815653456568,4.255766612968124,3.6911724051168764,0,Drowsy
0.1859776372183803,0.14122329002824732,0.07429695459293129,0.30017442127141714,0.2017269247206033,0.4289224545640423,0.5905341936530388,8.866645568020038,3.7005390612139197,24.66907581190688,10.106398142306274,9.204914714644627,3,Fatigued
0.2300772699164905,0.27299228502435524,0.21896911094269278,0.5486176479379206,0.56596296618234,0.8573619403609972,0.23723830822304204,22.53432259848586,0.1249921168840821,5.722709399395561,3.6739417092271154,3.8152180948278707,3,Yawning
0.3277934836120097,0.32520403265251063,0.28022238142888706,0.29336987589251756,0.21250143047776748,0.2774366849372463,0.044815404338738665,13.047596779746666,0.0,1.0752269801000989,2.0283825769378545,0.8796757855042074,0,Alert
0.23009939938444707,0.2353104584283708,0.13423996189215742,0.19599183101657489,0.1965758514526302,0.2955863137651656,0.3347263871505731,27.116607573353217,0.9457811013647929,11.731478480674557,4.1780086998953685,1.1866725179567261,0,Drowsy
0.13840844902114338,0.17531615879684762,0.08037596629118958,0.21153883951828495,0.25132660053600714,0.37474766991095854,0.6287764692979566,11.204679732142537,3.486698921078039,23.1230409032367,11.087990048908903,9.28249914180843,2,Fatigued
0.2528356339658478,0.26713775454700056,0.22039503931627039,0.7789777314307507,0.49592414646520716,0.7103106577454781,0.05802955400574808,14.167692392137177,0.3626277170701266,4.730238783074244,2.035928709727867,3.6267291000031427,3,Yawning
0.3290060179593295,0.30839569489338015,0.26744961326389505,0.1796295866788513,0.23484038998125065,0.2970738936661338,0.04805423383641642,21.554039598913675,0.0,2.067329577324644,2.4615103133611704,1.3408563042933774,0,Alert
0.20617026436824326,0.24641967537817322,0.16094288637488027,0.20210450307103942,0.2903027490708953,0.3011473463849911,0.22376796136427596,29.947026462536996,0.958526115215876,8.67257527947016,4.69132913627423,1.6702819502490076,1,Drowsy
0.1406897748871918,0.18885922869688965,0.09567239661081658,0.19774165010799807,0.16547812572710097,0.3355308504643008,0.87077851029671,11.967136003530284,3.84334890781175,10.812507880320922,13.439460700274411,4.709676276617232,3,Fatigued
0.20729545239468955,0.2365357154416429,0.18760760851352012,0.7095363313992882,0.5234406239872527,0.708073367267971,0.17500450953039276,22.542101123169317,0.26478295503054367,4.21423398680369,1.8367766705144821,2.857551335553553,1,Yawning
0.3084525622835327,0.2945621924962809,0.24229942735474402,0.2042030388483318,0.15484802429288885,0.2396815106034545,0.042884508346166986,17.934290796783255,0.0,2.2587127762414165,0.8418875590334689,1.256832012528008,0,Alert
0.22148929551698046,0.21657412797250183,0.16856049635987924,0.21510188745849018,0.21455577392931796,0.3738868708846103,0.3143429945878936,38.656240299405134,0.9721317876307501,11.425962771504604,6.781848673374878,2.827892317874243,1,Drowsy
0.19933863594458087,0.15426130441957442,0.057220752348042164,0.3106936386465004,0.26261928678721774,0.37268196520151514,0.7048747905655435,11.570008866315483,3.3928095599430237,11.232140260714381,9.323749097147576,3.761570924666684,2,Fatigued
0.2738955936683422,0.2821825532962329,0.14933844684220116,0.7733832573907025,0.3807898706655586,0.8167244361479495,0.11777637724973485,23.025771760941318,0.38680565966213226,8.829061684580026,1.4208738965672971,1.4230743658010072,3,Yawning
0.31952571286747766,0.32713350796269175,0.2365367619198635,0.18219559037669028,0.17784541582457017,0.3061965617860098,0.05563444171745999,12.17453940845449,0.0,0.7276346257736611,1.1277505592663362,0.5704087471826486,0,Alert
0.16975694589860135,0.21875225688402347,0.14283573649436243,0.2499288487667697,0.13540942369911318,0.30042303010835103,0.3699804040850573,20.448939343235647,1.192069099663266,8.460195009554127,2.211170012841067,2.7699328140987993,1,Drowsy
0.13781968464115607,0.176350816380348,0.09147313926553431,0.24288770733336137,0.2655895002679558,0.3771497873661609,0.6915982278178667,10.543640408284098,3.038514193569427,13.466926986161905,12.413225624316194,4.656587656357997,1,Fatigued
0.26648143756706405,0.30926239676898426,0.17697446527190974,0.5363256241356764,0.6362374545917118,0.8092317173318898,0.18531667408397534,20.680749798772748,0.013808788397792073,6.677598958493927,4.286840914502136,1.1335565542347998,1,Yawning
0.3141898638305949,0.31110608370610443,0.2753308950354233,0.18308286619989086,0.20125397254188493,0.28293443952675507,0.018506264984556663,14.008008625919127,0.0,0.5895232360443268,2.578633085613388,1.3044945424644039,0,Alert
0.15712020587077807,0.23572504172909717,0.14363546455702036,0.21189386948711403,0.2329253801550924,0.33182710968074314,0.41915960630160864,36.573898844880034,0.9967636943231996,9.045497506498531,4.561798365146055,3.7063519259268336,0,Drowsy
0.1013615765270095,0.16693010987947882,0.07022742786737074,0.20225243883101157,0.20801194390772001,0.39341868940447666,0.9477198535216154,6.678315213648092,3.4719292889137336,19.985756021034085,9.187717856612,5.315174004961756,3,Fatigued
0.24652567303181794,0.30128817538460934,0.19335437440276534,0.6335560582576953,0.5348473526670949,0.7588733926395276,0.10859770745252129,12.65280754397049,0.6640133362998288,9.344074813350126,1.4491184233562975,2.3208701380260885,4,Yawning
0.3231900916681907,0.32807782801272,0.2422813014906978,0.2310517436298929,0.16983332086448757,0.26531910325473496,0.040461235386784436,15.468728808162956,0.0,2.992907035698642,2.028021632038856,1.2223782701527504,0,Alert
0.22933805624861292,0.20020810235102454,0.18589004822862895,0.2557459238448975,0.23282314684250158,0.22967202968827255,0.3902110920240826,31.78189351633162,1.1321549691396533,11.186181315940427,7.825904347261224,3.0022840180209682,1,Drowsy
0.16682146565088862,0.13716223250716603,0.03550493303923524,0.3164317207914766,0.23589831205866574,0.37606823600164124,0.7102443695189374,11.65772421060789,3.5236964603054206,18.64565484459527,14.08193288670757,5.610520979966278,2,Fatigued
0.26203654782141894,0.27511202982186034,0.12456541528543164,0.6501950175543268,0.5091189036138875,0.6972752247588367,0.13183787494395977,24.89322261874309,0.0006829579499226135,4.380441280617005,1.7535719296142953,3.151358456596877,3,Yawning
0.27898931584869346,0.2890371731561911,0.25528304025822535,0.1621136949485772,0.1845253670397648,0.26220141532696445,0.04378342114775854,17.56904203577717,0.0,2.893856393617682,1.4433711415995314,1.003660445723926,0,Alert
0.1959056927211291,0.2306261277065138,0.13110722383923012,0.18346176719282598,0.1955181704148698,0.359239532715171,0.20060211375169223,37.4486471507029,0.7550310707927247,5.9108790370658015,3.5767398341325154,1.721613679915151,1,Drowsy
0.13501008765087216,0.1646669601435636,0.10733493473388794,0.2556571511566766,0.2043721565895089,0.3533378074259473,0.7831544006188871,11.117379058424717,3.3217731211883814,20.940595757813057,15.020044946737894,7.644110755472762,3,Fatigued
0.2740915152988662,0.25207231758283116,0.24777129853447433,0.8898804719870473,0.5105721465074149,0.7123851592520293,0.09130959395377919,17.20360109638824,0.5921145654087624,4.78161631575529,3.7944520050348807,2.47453546121453,1,Yawning
0.26601582600125073,0.34778614444757305,0.27502242381560965,0.12438959213251317,0.22456592196755318,0.31159304281670747,0.031124856769492205,19.019446610137763,0.0,1.466925521507394,2.746767073936983,0.43038909829841054,0,Alert
0.21326906468406023,0.17421909691507353,0.11755971540198396,0.14860245868511582,0.25489846398382626,0.31876322895987996,0.35695767608260787,27.24919697229121,0.5981889312280926,7.2694078303375775,5.094416626486219,3.238344571609709,0,Drowsy
0.1593671365738547,0.16688130452644034,0.06086238920708539,0.2321456104830259,0.20366283749003045,0.2970833166046002,0.7447117403206175,9.609797866933572,2.583520543429601,16.431616933776596,17.831300065759173,5.088475414570183,2,Fatigued
0.2361960503580868,0.2915612487772836,0.20633844740475452,0.7595672743068579,0.6072458596225586,0.7722180525067608,0.21351653756986722,19.820306894684705,0.6025501630785394,6.033236431630278,3.189511013998985,1.1862104101255335,4,Yawning
0.26171478107729784,0.3252239200159175,0.2759713946854306,0.18791276397197676,0.24608744676679234,0.25037216249845473,0.07516517625877434,17.813829407625757,0.0,1.533722283493762,1.918498171964857,0.9064787451044605,0,Alert
0.1670183014508565,0.21528061001207097,0.11620057877249078,0.23774646478293746,0.2287666968557795,0.29930067764375395,0.4597897860502462,38.89473580567852,0.9315815703251132,7.856119143138433,4.113686484234795,2.4727752819589925,1,Drowsy
0.0957327924404667,0.15763274135404068,0.06370994815435164,0.20790771086173462,0.2797588825630191,0.3894580214604614,0.6526794185858261,9.4433516708297,3.1477838040538684,15.47606456609844,14.065235014132904,7.437813859083095,3,Fatigued
0.21618948865388635,0.2846077484163564,0.11133885613699991,0.8251871934335562,0.4373077277317858,0.5587096323109527,0.22629439276446345,22.642156734776,0.5036559689364294,8.01540854921658,1.1712105442724265,3.231975158139006,1,Yawning
0.2746990544268728,0.32258170818028,0.24754538837992504,0.15794683927906886,0.22398993546042725,0.25652309578219623,0.028733812044744022,15.759477921559753,0.0,2.914222291400923,1.1054303076181928,1.1376303266586614,0,Alert
0.17658787166868467,0.2242719497711462,0.07412982676022761,0.2205844472120153,0.23771506956385835,0.38554413633443485,0.3427949164581641,35.587265300954364,0.5881244560067336,10.028975044674873,7.192245872556946,3.6358647904227173,1,Drowsy
0.1286145603717226,0.12628022426816582,0.07610806127198856,0.18453231734144765,0.23047318373537973,0.3301308837335744,0.7880315742015419,14.766606372101421,2.6229619209799298,19.68195277436154,12.012520723576877,6.488505540061064,1,Fatigued
0.2562960241892643,0.21393077772519373,0.19710829361142057,0.6007044625900357,0.5060884474085162,0.650606426093407,0.08252008168073972,14.990706780709662,0.061254913456093,9.43930956505845,3.1216427519016134,2.190225913788219,1,Yawning
0.3492683839928862,0.28310289248666587,0.26772066886895524,0.2248644902101948,0.20151027903041147,0.1997242392462123,0.010859534756147085,18.485923527770325,0.0,0.6758264802185974,2.3925826423530046,0.9108874633509827,0,Alert
0.2206953789145754,0.2015846740117456,0.15838588220745026,0.2500099321354361,0.2813489763622422,0.31214333768890595,0.4471632090877412,29.590728900860526,0.7851449622496047,6.549238032538811,6.684954276962804,3.0585873390566696,0,Drowsy
0.10699391424646265,0.11430112061616285,0.061540462032518124,0.24469532408302247,0.2520070019713808,0.23124021830021585,0.9286526983861351,8.91228221283483,1.6622667405366744,14.598744615325387,6.89463528636171,4.609927293040117,1,Fatigued
0.25755373588617764,0.24750195258665245,0.14673673354569333,0.8292234879431184,0.6252264410798857,0.7021549341080937,0.11512929843749065,18.175217840914446,0.31077091408879726,5.397774606567253,1.087405508831115,2.0800628135635106,1,Yawning
0.2580704166065917,0.3286226445417541,0.2732499776459542,0.256296516718597,0.2000832514949607,0.3231420698527877,0.026494113128085424,21.95525881363845,0.0,1.3890833045183895,1.57150659945128,1.2518653929655148,0,Alert
0.1936473272644704,0.1946517967694853,0.17586533490414646,0.201483322146814,0.2737459004799491,0.3777667523492714,0.355774771275466,36.39586288341117,1.1043029801489395,10.797925825163002,6.872792634818234,1.5481392206898514,0,Drowsy
0.1318393119266811,0.1902124126641638,0.06202755139498494,0.266668235446759,0.21120964621092458,0.339915140935711,0.76808443152696,11.697458074256392,3.853054087738226,20.568715330232017,12.034337913903965,9.528319120192336,2,Fatigued
0.32281518298333234,0.24483850251552047,0.19463155194283158,0.6506676757841928,0.6093068813107525,0.8028177950718759,0.08804414081906267,21.509332714614942,0.7643293552632237,9.347685050675139,4.157504309510036,3.1369800581240144,4,Yawning
0.3370529406382085,0.3085873204069605,0.25702540824365216,0.21922444860994378,0.2456255369619134,0.28406430874760047,0.0449662510052519,21.921802260474994,0.0,1.639283412892071,2.284856778018444,1.2303684822555074,0,Alert
0.23481495468230093,0.20961642749665715,0.07246594327969717,0.2670407076713625,0.2128359433794827,0.27606736596854425,0.4201809364199852,38.42572823360214,0.6013435230882482,6.841884138644021,2.9237659646265572,3.0721686826869066,0,Drowsy
0.18591394599705868,0.1550688929817698,0.05648545876595096,0.2472981754208846,0.2635672860148104,0.41021813860813316,0.9118910429691784,13.974631502474468,1.6328852135926992,18.360588921986427,6.620728917186623,3.5492802822083833,2,Fatigued
0.2651778657018978,0.26272450651421936,0.10744562017572501,0.6816472141787744,0.5681075158391724,0.7090005287295278,0.11420396211017994,15.449212910840673,0.5218553612428408,6.913076248177893,2.4496425672532065,2.9244624124167644,1,Yawning
0.3281604604913549,0.30157199793793954,0.3115383950208263,0.1974355321423963,0.23363554369010908,0.2605296288055724,0.06511638270413785,20.184255122595193,0.0,0.9230397503487282,2.2647165455699003,0.39045434265704415,0,Alert
0.17929429838324545,0.2254407129484684,0.13049857006581625,0.28695377039072145,0.22117293986801206,0.3318982445949944,0.38977380926608585,27.363270277025748,0.9876161262779465,7.95908512883868,2.108399810575185,2.8257447936269355,0,Drowsy
0.17871531232807772,0.11098199066421238,0.0818476291799794,0.22001517545820046,0.12352784221130936,0.2633215248158951,0.8079855082980785,10.556347572049699,3.0852201440352953,22.857990234144204,14.701980203338922,6.478141741807569,1,Fatigued
0.23319066551146253,0.3333717998494328,0.18634405387465566,0.6776160019044143,0.5472373759376975,0.645477388667024,0.21453069181007384,15.623451087452613,0.41811474650491925,5.414734593314625,1.419215958158356,3.874895449213902,4,Yawning
0.29128599123806775,0.32745975971816604,0.24568445812371692,0.21803293113866712,0.21247480949344433,0.21995572033479951,0.07909086707914269,10.881333641910679,0.0,1.5013864949545805,0.607702425014812,0.4589943754527674,0,Alert
0.1920409200544684,0.21587683292367663,0.14353678683201293,0.26487076330735415,0.24289031979753672,0.37532325271825495,0.3628800162178888,36.21174688821946,0.9186208195416318,11.016375396861996,4.2863728807133965,2.769769534821445,0,Drowsy
0.13661646720685666,0.13554344739722854,0.08115910337282345,0.14927763163687252,0.2696361853220451,0.40908408114507233,0.5975612070711974,10.911847871160733,3.922791327351846,10.665080434695039,16.087792140430395,7.917836563876438,1,Fatigued
0.22067587411423403,0.23968228190524218,0.18982502331893752,0.7389469699284144,0.5588834448334489,0.6985479671901875,0.07496353380836854,22.355751138302807,0.513397154000846,9.123085536548459,4.139348999130541,1.3363409450145884,2,Yawning
0.32813727562968137,0.30722606339793973,0.2410632270989143,0.18276325857089498,0.25403027328860134,0.3379878794885344,0.015504339397433268,12.359039050983522,0.0,2.9738744783120676,1.10820268215553,1.2896496452186592,0,Alert
0.12386983453852608,0.1868320194619752,0.1695890110598504,0.1904587884965845,0.20958303925293217,0.3476669826688818,0.2285290008047342,22.738391057712196,1.0342428278129954,7.4866152905570065,2.7914879504643375,2.0208646192588735,0,Drowsy
0.12327277133355441,0.1457833056269084,0.12470854869513923,0.280465545196565,0.3392260367004857,0.3201822120247699,0.6221519075500286,9.796137541640833,3.14523140234917,15.356009637227963,13.832815365615772,6.1583389638768775,2,Fatigued
0.2870872489091139,0.2997295159152689,0.23769172915213324,0.756300165246864,0.5690005654987981,0.6127973733944514,0.24844793274092164,23.129866774910255,0.24351548204159734,5.1073210598852326,2.9343091645922366,2.2137959985033535,3,Yawning
0.282263205153875,0.31544704975183924,0.268657729892809,0.15857608100880297,0.1843431278717528,0.32346643311403933,0.047624860147476016,12.047723065025263,0.0,1.2784408422633096,0.5506755141826315,1.1987587321393793,0,Alert
0.23673916193645528,0.20233043962152225,0.16536219670346167,0.2414342776995455,0.19413079191508958,0.29065208950118576,0.49157170479550116,34.346555740817394,1.0672338143413362,4.10506698967947,4.12676972177532,3.228450071731995,1,Drowsy
0.09413258410096143,0.1766838562887717,0.08027300082540127,0.24529179988382002,0.26215205074052855,0.397887812671759,0.891122125481179,6.73800954538568,2.0563842743191776,16.285990024134932,16.08027279431075,4.383246069736011,2,Fatigued
0.25432911462023455,0.26512538947285236,0.21225627079357992,0.5851583589712968,0.5390713845060621,0.7748447427091757,0.1606073706917123,14.285042630616989,0.5049095169662389,3.8627243532565823,2.9652430700507915,2.9655454410306024,2,Yawning
0.33009604113714464,0.2911202996930422,0.24020681424977464,0.16333445226545812,0.19665936792843466,0.27159377583236505,0.0485556330270563,11.477054240839246,0.0,1.6789866806919844,2.0683427760632993,1.3033580903711262,0,Alert
0.2194982905343718,0.19893515631595157,0.1623443314759028,0.17532078765637887,0.19079422574057636,0.311242177282022,0.4142790388465546,24.355252370980356,0.5412987408196732,6.8665834287150656,5.919741468556901,1.7019894363718833,0,Drowsy
0.1160345756529957,0.14913666892101501,0.07738634576815623,0.27961797853205816,0.2504919074668146,0.26616939456784816,0.6375624650365267,7.060219996816079,2.8643283184765815,14.647718967220975,12.44891261729189,9.977778057678682,3,Fatigued
0.1735577601060292,0.25736691683514507,0.24019286767031653,0.6461250733456578,0.5057642994164824,0.9322151140824745,0.06801477258937823,24.955298453680136,0.4412245223458263,7.903342287830992,2.6269695487652456,2.6431471245377076,3,Yawning
0.3392624119578664,0.31760337665231986,0.2735661050810932,0.21361169639512412,0.25642441130827454,0.32089599116923223,0.03261368716137099,18.097130004598167,0.0,1.4889447867403094,1.691549095378621,0.33378526540967235,0,Alert
0.19421285221931453,0.18266391209775032,0.1609458109963987,0.24998137529057565,0.23859224162519627,0.30757606880675153,0.4326433229017835,26.482425446646396,0.4701086542261879,8.931040209190673,3.540914994833914,2.5934576979056594,1,Drowsy
0.1432684491499093,0.13269401449730298,0.0321603622088772,0.25734801484422404,0.2339000128676032,0.3159997644223136,0.9112826671663157,5.209829962863032,2.686620394454512,23.829687548880578,10.132932996945275,5.997229812235053,1,Fatigued
0.2532049176392729,0.28085154930008194,0.23778940213379846,0.5923624035955715,0.5866442835408746,0.53578973888314,0.23345911932297708,13.490967174727114,0.05699257219407921,8.96351524386726,4.099423189722826,1.7912025608350974,1,Yawning
0.29314346046212547,0.31950403255894194,0.25749838936059966,0.17839942645719753,0.2129845562379597,0.3040203918890875,0.04137247763911664,16.865652965984243,0.0,0.8247320657468886,2.6017037715439555,1.223047587853456,0,Alert
0.18647646520719605,0.2517252820161616,0.1011520434397922,0.27835541554529875,0.2564519681677492,0.41504443948018427,0.3182725963504749,26.133479433761522,0.725608633789858,8.591291248267183,4.5688090682665665,1.7907234646041514,1,Drowsy
0.16691163439306092,0.15794964351791368,0.09776820731367486,0.335242768113089,0.19864137040113397,0.4202793477934711,0.919708609396765,6.152925720557787,2.2950779602161555,8.529760004408557,8.527199619399193,4.52749153998983,1,Fatigued
0.2836849849898139,0.2059100486509205,0.2189653920473239,0.7128732906874428,0.46726500707696006,0.5946901496813859,0.07963554606589474,12.618118915455126,0.5129719921880198,3.451063378868846,3.9353204776858237,2.6172704350667426,3,Yawning
0.3241428848667052,0.2922432910234296,0.24567986781306272,0.2225898942062757,0.17351809650436098,0.29521350365787064,0.03951350673350684,11.83169837111404,0.0,0.9253701205130994,0.5109012583537965,0.6170715326159043,0,Alert
0.1938889075198279,0.1942398026400516,0.08912356712766831,0.2700741301912977,0.25089308792062653,0.3637327152592283,0.40898191620824353,38.73427119262996,0.5898354215961208,5.515651624919813,5.658268935451202,2.78463102830255,1,Drowsy
0.10904340851851849,0.101467640795376,0.09301479408186318,0.2587389265429336,0.2049891160569999,0.2742528559001203,0.922295758544965,10.785117924094454,1.9474045428375026,19.282817361510507,17.879908022011936,8.764174951292802,1,Fatigued
0.28399928810302233,0.2607214629143474,0.17628170714499491,0.6570663904749009,0.50006124015793,0.6760255345319283,0.24564971877779684,20.765789572374082,0.7453447964967728,8.844965155433751,3.31439396271239,3.0261637727366897,2,Yawning
0.38028571024862223,0.3128953098223528,0.23911625642271955,0.23391715013421127,0.2559718206790537,0.26709805159093514,0.05896207246322832,17.94697057025776,0.0,1.8677877708215889,2.7041198864370264,0.7836047220495628,0,Alert
0.22674320140202495,0.2188813195584672,0.15441500699406976,0.23841379219302578,0.1987529104250595,0.34004305057334133,0.40021958736824226,37.78173166653731,0.7404253158407066,7.308134835028791,4.657149857476514,1.2468156720286192,0,Drowsy
0.1125922547691523,0.137280464467962,0.08431472037214782,0.26102751223548826,0.27298179261547145,0.3898996835981142,0.692629217057624,12.671846143991406,3.9460334858073427,19.872702180996015,10.417790459803008,8.014518499976823,1,Fatigued
0.1966268968860641,0.31272850242821576,0.20634733294474916,0.6483132827136585,0.527320615240887,0.5887822475654099,0.18634568741102686,23.853069111313857,0.6603495324839987,6.154179903725199,2.5511326297855157,1.7193392165321424,1,Yawning
0.34709262345418757,0.3010193819428215,0.25899429662685014,0.20862460966408375,0.19875014695559984,0.29217427051939165,0.038860889643932,13.640818739716025,0.0,1.2850469093059127,1.7311765565805883,0.46067416708360137,0,Alert
0.2093624168097834,0.24629310684546926,0.14199471984202083,0.13865784848620033,0.1975676790599005,0.35052821377711507,0.20947931894527502,37.04609052616568,0.5100402059943586,11.115291447629652,7.481648143286868,2.3821013144114715,0,Drowsy
0.15429538183358282,0.14703141197871628,0.09649403481572194,0.26929064917773277,0.26286122787602967,0.4332707582207584,0.6961703521208988,6.81643236557716,3.2166496849582358,24.914149764073013,11.075662900045948,8.065755576649654,1,Fatigued
0.18218993212155,0.22571407677882274,0.10804256643349128,0.6863900843416181,0.5826408962983848,0.7789279227316402,0.22657706132903682,14.960083274535737,0.7167273109851927,5.390858622985736,2.2372306619411906,3.1802681721947077,1,Yawning
0.38136901665563083,0.3085470938390981,0.29620123421078665,0.21374361922051985,0.17537234567819804,0.26361648944385585,0.0014096002183771185,15.348314663511257,0.0,2.769586071978593,1.2631663450306667,0.45474386747631,0,Alert
0.18009331388697764,0.24421335483041554,0.16484751374987242,0.25462625129462113,0.22263020947901918,0.3085601990741039,0.3922617132358138,39.27558272832607,1.1732980881278108,7.022394609616351,5.53905147132931,1.4240721246651362,0,Drowsy
0.12312829833574931,0.15850746213597977,0.11024731594742539,0.18207154212268345,0.27173809955337735,0.3285327854911513,0.5930314810855452,5.379822209601953,2.021215516856974,12.863492229484473,6.468045686755376,3.459833005384527,3,Fatigued
0.1884990051253112,0.32761054206351287,0.1958967455903649,0.5942803691734575,0.5807930920413765,0.6902640491086406,0.24472967322872458,18.10450162953405,0.5058946655316903,6.016828673367896,1.5538154146280214,3.9116658594264964,2,Yawning
0.3180308876307599,0.32706220528899477,0.25788950122458093,0.18927869650689558,0.24989126778788354,0.30158894718953233,0.04402691982095532,19.433565069546184,0.0,1.2066391318933616,0.9597801280820626,0.27009168892670116,0,Alert
0.2531895155629107,0.22378413739298153,0.17076220175425968,0.15722110187792726,0.1919522775568347,0.3914867633095035,0.4014002093309017,36.63442240559836,1.0820979499808936,5.377341163715608,4.917713434108079,3.201780170897459,0,Drowsy
0.11789692881892495,0.1310635189197075,0.09348899182832368,0.20857570702508768,0.19590057184922136,0.4032517951434767,0.5765634575477179,5.143513095852935,3.702524173031068,14.011310535322593,17.929070597177855,6.096640173411486,3,Fatigued
0.2988253469044577,0.23180233644579423,0.2054524518225467,0.6078209437828187,0.534305966606408,0.7224186736101075,0.08443770551115255,12.873972262420537,0.5370638539092722,6.243824831702241,4.324213763589353,1.2966725199469509,1,Yawning
0.2301635280568386,0.294369746330728,0.2693518886802856,0.26849570473393747,0.19956319749142473,0.28383491627442115,0.014075462185998928,15.663220633435754,0.0,1.0880124827443285,1.9031345519862526,0.36353609016932964,0,Alert
0.19070308339090314,0.20348369840436753,0.18660264459208678,0.22283236675414608,0.2763466715626263,0.3423185766607839,0.2733096473878151,34.795355755012764,1.1605150279556868,5.096595541483783,5.066174391852172,1.1705258520447477,1,Drowsy
0.13494870626227073,0.17264193761669377,0.07663720707901665,0.24749975449538694,0.23624617535106532,0.39816365434626183,0.6987591962299765,9.610533305271883,3.586429892177368,19.21115453087536,5.770229881196458,9.703230597813196,3,Fatigued
0.293304656671259,0.3329684271692753,0.20552145420795756,0.7887696004786527,0.4747263377251698,0.6924988616836825,0.0670499483564146,18.949964765853608,0.7106575413188548,6.6032114576898255,3.9564114298635693,1.895304814652727,2,Yawning
0.30695713320459533,0.33278773861032324,0.25046041221354526,0.1753385229148698,0.23075044088344865,0.3082039894761895,0.019122875451984492,13.08362624679125,0.0,1.267801737180152,1.9950459120915918,0.42336103179166007,0,Alert
0.20927473158552393,0.19631907939241916,0.14015256188384703,0.28108529536620525,0.19077819529245335,0.22241286954947753,0.3165223501615856,39.19969816475351,1.0144719241753122,5.664697718800882,4.30513491232388,2.632036874089329,0,Drowsy
0.15745961070320072,0.16190208153506705,0.09109229670905894,0.22993204139506176,0.2783978019889056,0.311365901271644,0.8191929229094592,9.362087642226232,2.1406340354858386,9.007637375055612,9.387572519817143,6.2201383742832475,3,Fatigued
0.2201163550293862,0.28075370898683566,0.15113321591027143,0.6811064159778958,0.4637507622695698,0.8562392470547161,0.07103765697579434,16.19689111050703,0.13515527316126796,9.591863820511616,2.2800195430453924,2.0018605698681697,1,Yawning
0.3134910179490928,0.29695884372692366,0.2412312931048519,0.21397115338863512,0.14245758005526024,0.26957600685490957,0.07450445165095101,12.630397640672856,0.0,2.3331518147582493,1.795334783360844,0.21497731563385641,0,Alert
0.17182376763889165,0.21079720803486712,0.163605674074481,0.29640553615590015,0.19794070560444743,0.365291299140852,0.34978502034891595,26.239972288183676,1.1372214851180318,8.292616142267473,6.177041089136125,1.250428314091324,1,Drowsy
0.08094202342030395,0.17712092693262885,0.10105298777295521,0.2163657805781504,0.25047341282286145,0.3523091317004556,0.7857772882416996,5.553791341479579,1.626613316109316,23.01360076832114,15.935783891643691,5.421230529074163,3,Fatigued
0.28080705686401086,0.26965230647043537,0.2226422983532827,0.6413212873276948,0.5009237625744111,0.7612407123428484,0.1694797782374306,20.925552064276744,0.17625682296994266,5.758793684589099,3.39401365620672,2.1223172119495164,4,Yawning
0.28323983288882054,0.3347858042745676,0.2499644849918275,0.21760145161992756,0.21905740725165238,0.4043631022756034,0.00802515924556908,14.359993908071901,0.0,0.7118882836168201,1.6618507737806185,1.2957759261979307,0,Alert
0.2269954770247148,0.1943857497295446,0.15646713001938284,0.17999237088380143,0.21250657044452145,0.34947470046838347,0.4701234914265855,30.10841853052789,0.653444106532526,11.172065880892251,2.192223600618369,1.0840565538184315,1,Drowsy
0.11535961590483743,0.15365175608428672,0.07575082549931461,0.25252151415005225,0.26721148662871025,0.2805239780161216,0.7375004241737656,9.993955991710656,1.8203874614078317,21.69750897189894,13.02170519935473,3.9476743031661923,1,Fatigued
0.28143100155908163,0.26294911489258754,0.21562292555253026,0.6361433490451776,0.5596768271987765,0.8050444657741814,0.17690379088124936,21.918263344239904,0.12246785507312659,9.814282275463174,2.457317538914379,2.8847212778267877,4,Yawning
0.25360264883884,0.33766980328875046,0.26489455836320036,0.2654221671339559,0.1598395177536349,0.2735525904712273,0.024458997921169897,19.287529597878525,0.0,1.6343723848438785,2.705673791423753,0.3922844772491874,0,Alert
0.26624138142630643,0.21250817358951687,0.16994252517810968,0.22172816194742015,0.1888661358094545,0.39383718353941455,0.4199943983797718,28.109429457739573,0.9020853770656508,10.158864045431148,5.289295463929523,2.618510771350018,0,Drowsy
0.09570053121017547,0.1649171089229423,0.10854128135267095,0.24003775455389229,0.2960762211531551,0.3468571715337282,0.7205339621761384,14.993529298700329,2.5895705855505255,10.539451136843049,10.224303703440235,8.19815229249561,1,Fatigued
0.24125681161798734,0.209763042787078,0.19620174521987518,0.6985437367619705,0.5384054534524623,0.7729462596001501,0.08819377955184989,18.746940933618145,0.5380090954379247,3.31032575561597,1.8842634601888668,2.3670509995039493,3,Yawning
0.3203986867742679,0.3174884130303405,0.2726283204459301,0.1884226461391558,0.20834454681082493,0.21823394832348633,0.0565875967352845,13.262610943154629,0.0,2.846032363611897,2.1642438701848006,0.2612811007507726,0,Alert
0.19172713219341134,0.20350298481740467,0.1646232417185804,0.18370124227829937,0.2125023863464088,0.285619201042061,0.4734149969984005,31.133353726740083,0.6123972510708285,11.656450371842478,3.4658953518120947,3.7152988638029285,1,Drowsy
0.10486858375383826,0.15628949222241492,0.06046613609054417,0.22292665635691802,0.25335350476309454,0.3805895108964391,0.8530147147188917,11.52256517773544,2.767608842341774,10.549508010879453,9.286033527165673,3.958410547338234,1,Fatigued
0.3656428699877943,0.2718671217717093,0.256617234202166,0.7483077031861647,0.6068176968891399,0.7839545495024719,0.10909406857750269,20.3404098136566,0.04092761135701704,6.361330541254196,2.07213186380757,2.142661444884088,4,Yawning
0.28758334503338545,0.3219201734597224,0.2506778360091164,0.17577377465957472,0.23609638346876857,0.2580178241656166,0.059033914998308,21.1054191073424,0.0,0.6465738977465386,0.528890702535464,1.1088804786110389,0,Alert
0.17221842614362207,0.18536282577856045,0.11190389638921071,0.22440978528476715,0.1785406787598203,0.3763904989978625,0.38981453729029747,36.68013826146772,0.5368890666699437,11.446984743316161,5.184128846374662,3.768783295521905,1,Drowsy
0.0937725142534497,0.1684363167190294,0.0751225376594535,0.1569061243119657,0.22222321802418193,0.3652944217710238,0.9293306332144649,10.431531237064316,2.266020987333752,19.78765092498424,5.581435611160323,6.39077841048144,1,Fatigued
0.25149241062779526,0.2613689133561265,0.19000909551838469,0.7222831361465122,0.6025727547592998,0.8292239637679619,0.10893799708787502,19.16061223085917,0.5019320890162362,6.367922675792255,4.308714826632051,3.4986071253939683,4,Yawning
0.35199677719335326,0.29696671982029943,0.23471958830270534,0.17584328416455183,0.21140161699965507,0.2938504077042689,0.01651270941535162,18.529927041218464,0.0,2.329390093253571,0.9426442419564258,0.7638046921107065,0,Alert
0.1913152810851217,0.2114701081493732,0.1065732992228571,0.20767615767905248,0.2562129713698653,0.32737396228113885,0.35742618158781114,20.719671924173678,0.42372579647743297,8.844025167233195,3.967889351153675,2.717999510415678,1,Drowsy
0.16488707717632417,0.1470568938956628,0.0806189617653566,0.1647464062873098,0.28067323556051404,0.38763968721642855,0.6205706786409606,12.216585494841574,3.0451270208384305,9.556379507771183,6.4710670856657915,3.759105324258833,1,Fatigued
0.29756177477077816,0.2436152157171016,0.21687785139935128,0.7245747852694234,0.4571513304277487,0.7758447437344199,0.19912178569996875,17.802545636974138,0.5428815384381337,8.966161809218033,3.143039198074013,2.007866622184877,3,Yawning
0.3416809111469714,0.2995443756686766,0.25915102941976487,0.22027245590652197,0.2163577544907836,0.31547810429892686,0.07739087901309546,19.733302172113895,0.0,0.6936951649093264,2.28320430595559,0.8961496300490857,0,Alert
0.19617121464048545,0.20631508042291904,0.17618257662199271,0.22049398759942865,0.2296002108078392,0.36984081447694106,0.4784527817198705,30.001246531804163,1.1112288353065614,7.632522050656097,3.6633500445312936,3.749238754301283,0,Drowsy
0.17861716258695054,0.14607530182774514,0.08256534880438685,0.25122132639104,0.2636048147688409,0.2408619993375118,0.9146414071438493,9.490977254824926,3.2042462372892873,15.913750327190833,6.577474040224708,3.4101834511339266,2,Fatigued
0.2308170826711844,0.2577474044960605,0.17157232030131958,0.7346894649549066,0.5059028873898774,0.6777671994361658,0.16735335276560548,20.57565711197973,0.01408201896107597,4.693087452796532,2.7238833700211313,1.9959308564836995,1,Yawning
0.2926323483212525,0.28831296394451605,0.27224659446483057,0.22487575848831917,0.23276191378250916,0.27417069221651974,0.0071429001224904455,19.873229218088028,0.0,0.8991062975019357,1.3346040751733554,0.2375029203770282,0,Alert
0.19551620344245088,0.18927647196448408,0.15635429500040238,0.2453648720496726,0.2025403776140323,0.29788556610177813,0.316779038894531,37.6653669442577,0.47314005933040254,8.343312082754803,2.5328448764182516,2.410636363492717,1,Drowsy
0.15013078034166547,0.15660299898783878,0.10567478867402816,0.24234392716516556,0.16734933999464016,0.2479927478703043,0.6513393457891437,13.182372870192298,3.964537764533789,12.357809381903383,5.72971064427394,8.708797061933051,2,Fatigued
0.36883805693741606,0.2574016089529378,0.12931272114609804,0.5406737259148516,0.5201911618379795,0.6944706077083892,0.23513271526417828,13.833468142157628,0.7749596373949212,6.533169851506375,2.8264270990673244,1.5239151420590635,3,Yawning
0.3549518487225655,0.32720801913511105,0.27618720144021003,0.21184048212552575,0.1471234344187508,0.2912056448691554,0.07040613671070756,16.497673928957045,0.0,2.765343968918086,0.600419534876453,0.7167704770036063,0,Alert
0.2049805654362372,0.22992925230825967,0.16666820016779113,0.23413575189835828,0.23798930922175104,0.3835848395761279,0.4946778223612108,33.71353272667388,1.1803855939582089,4.459107796856726,2.8337622244532747,2.3543765380014716,0,Drowsy
0.10092143691516889,0.16701827658293608,0.0811100846175821,0.27251896565884026,0.2364428586689657,0.32421836081267974,0.9365247432877942,12.303729932442135,2.2511975092161554,17.779544003335726,12.788317623054752,3.1634371254824716,3,Fatigued
0.17315338481251957,0.304679461233621,0.2231279893280063,0.6274174982222707,0.43226904232386876,0.7409090518174322,0.08233546928314919,19.9451237162912,0.5330090421290967,7.687180516039667,1.881149441154811,2.786015221667056,3,Yawning
0.266058799551473,0.33265912329612274,0.2702013318634213,0.2317162148734881,0.23871275973850586,0.24699148497817136,0.07523901895753998,11.117151982516205,0.0,1.2652599003940421,1.658314847791733,0.8473871660811991,0,Alert
0.1443892630469096,0.21784636438009067,0.1754833211141625,0.27454226177102914,0.19129004543979206,0.3296410775180966,0.3430903673287834,27.124537749787514,0.792830775870498,11.374931484120207,4.8831880589504495,1.0419423755185355,0,Drowsy
0.112764013379487,0.16433187304358285,0.11796361550464624,0.19760132429972666,0.2596504067416464,0.3076175045724478,0.8259651890226153,10.430828891057828,2.9147243901060813,9.798120489867037,10.66733895565659,3.605999767503372,3,Fatigued
0.2300771278271333,0.26777243677520757,0.18880135468773884,0.68901991504614,0.5050970091585381,0.6478705439804271,0.19789671712426554,18.425067043298966,0.02291674504820529,7.3179489589314555,2.6457449497066494,3.7655035299013213,4,Yawning
0.2627805200903406,0.29386554180502433,0.2661754438689066,0.20838615380959138,0.21784659513199278,0.29802319865930516,0.07270247545689386,20.951551736517732,0.0,0.7865953574918936,1.6409637222179037,0.2003724167107834,0,Alert
0.22430891617329932,0.21024686808241963,0.1561891071944698,0.17353618279233643,0.18957230974715536,0.3415573504244131,0.2715582317952381,29.240435679204822,0.5505675011634763,8.679951828196073,4.907250386133614,2.5575945355371195,0,Drowsy
0.16881967639875003,0.14417672459147318,0.10110109097885103,0.22328965009667756,0.20160109923423836,0.3719237724941716,0.809865265387811,6.913447627018726,2.5298065697354066,10.895024932284574,5.286209503672541,4.483205776149703,1,Fatigued
0.25272438438527006,0.27340096582641454,0.1500103472853376,0.7498876522478002,0.5013303927914448,0.6816833735704015,0.2332150097385634,18.499742288927873,0.5355767190492847,4.9666347805979045,3.0918178207404727,2.0503004146335693,2,Yawning
0.35470890675007893,0.286742093675044,0.27826071969292526,0.21541640707728194,0.19360728794199017,0.2362345840318518,0.007777953434113982,14.675142981263537,0.0,0.537768613969261,2.7456826627753173,0.8851571958772855,0,Alert
0.1775834807453977,0.1930730601697468,0.17709859226428926,0.20149421032474807,0.18210893939268802,0.2957435028950065,0.21949707810163055,21.58983496705375,1.008037764768782,7.558423928293064,6.3570867320000914,3.0468613652910927,0,Drowsy
0.14326820892100597,0.127861503340654,0.05313206420752626,0.2841871005889182,0.22164809401212696,0.4951640093886118,0.6481936428589099,6.635517113229464,3.342710895397466,23.57735286618017,6.398101405411391,4.357861484742038,3,Fatigued
0.2800095340279296,0.23255091594392047,0.2037670587669457,0.7392266738045183,0.5371298459905469,0.7940901283269565,0.11555721383235136,17.20851502304941,0.5648327871665346,6.960660439303219,4.701419628396472,1.076322703397318,2,Yawning
0.3309648125600862,0.29985315092602466,0.2644975579279847,0.20201237608979966,0.17360203974949068,0.317206649155264,0.05640216764420225,21.767334415046903,0.0,0.5983984767468971,1.9174695810983762,1.1554391055518,0,Alert
0.17541889234762334,0.1952959908569301,0.14214640121099004,0.3060929565577383,0.22637344172503443,0.42715807590109267,0.28181727098792697,33.16197769615006,0.6913342903061702,9.619953301299915,6.095431521840585,1.2782313853723881,1,Drowsy
0.18736534142988862,0.13125172423127374,0.11172228262842623,0.2419042252859746,0.26259456528623837,0.3206720120989441,0.9195386496770783,11.354830155464882,1.7646975536845055,23.22001184065776,15.302340455810928,8.256144435601428,1,Fatigued
0.23482204785378122,0.2405683940920591,0.16019767436151727,0.592744540423888,0.5701570082223674,0.759946438727036,0.11589068719150808,17.299413010563057,0.616917587286889,6.026365609313801,4.70417107170419,2.5096541522356497,2,Yawning
0.28243644073366697,0.28316762048509203,0.2602664203904653,0.2942451585070961,0.22280362427166325,0.19020558933642986,0.030408479897264317,14.31889512992408,0.0,1.6598663543050327,1.189957584177977,0.4340648699568211,0,Alert
0.23572098852665013,0.2139327548350049,0.15033334833051742,0.26724886536882403,0.2171156713622653,0.35770939805162016,0.4949841807725522,25.92604090238568,0.5922445996127512,9.104385609176088,4.268923807702162,2.8790966259287734,0,Drowsy
0.2116600028037538,0.19054514421137828,0.049648095853457724,0.2728254400382654,0.27875101701905874,0.2226489079648321,0.9267931542293046,11.426925784552184,2.3327913947217738,8.177965746380545,17.761653449088776,6.450891904728769,3,Fatigued
0.2617542039079897,0.2944167844061699,0.17619400886934206,0.7063336817812002,0.49553500296663366,0.6665405272660493,0.0895194769682159,13.677957648988784,0.1866061131631984,7.496288243655589,2.821470934014254,2.6612675090136957,2,Yawning
0.28770165765525174,0.30213640366881933,0.27421401006541196,0.1777620029512212,0.21408462794872102,0.2857988010372762,0.0038995884283004223,19.508943966208825,0.0,2.247692958198561,1.15223076299384,1.1479167136537598,0,Alert
0.18997802230865127,0.24558816998437066,0.12366083767787794,0.2941552646535511,0.2074837801366769,0.21762227854896024,0.4685388444478374,27.691675857204363,0.722950541965331,8.867225820976401,6.517996852601728,3.2038625809334693,0,Drowsy
0.09080175920040597,0.15621952690028446,0.10364480779716898,0.28918958759766034,0.24109489914772833,0.3693013622048179,0.6585476060100226,11.836725217395067,3.9484395491661366,11.012636440574598,9.237972940962834,6.7931666764087675,3,Fatigued
0.3203083079725346,0.25773982962881875,0.2236108124430129,0.6718186919825927,0.47263707465379645,0.8087849074808334,0.1514637001359298,13.684198590886442,0.6972777207612488,5.505286598819536,3.504177881862866,1.4763288588617867,3,Yawning
0.3065463197632435,0.3021915127969876,0.2688334275364502,0.22366705993429373,0.1869253331616431,0.2240407151215339,0.01572637408653991,21.450601802016482,0.0,1.9952946963388392,2.385886981371372,1.1279512445798128,0,Alert
0.19092578424822593,0.22915026523843596,0.15518447768531773,0.24884829245149875,0.20098653712631223,0.35325540276288503,0.39456911058069966,20.518517885985815,1.0785833060422791,11.608343779806312,5.972740643811727,2.5380089595280064,0,Drowsy
0.13377771461456367,0.16013272909818005,0.07198269329980596,0.304981564265172,0.2240267990839915,0.23244910347584136,0.6087498051875309,8.570661387533061,3.6440437494206965,8.645158266434985,6.961414608719858,3.875813117546399,3,Fatigued
0.2904536942717405,0.3069794251314553,0.19870229352425653,0.8064015009859093,0.5173551213389452,0.6382413924524487,0.13995558831314064,23.977776235093742,0.4480034912618071,3.315776968642757,2.6314518537026474,2.2494712371072096,2,Yawning
0.2989012391188055,0.30215180081432197,0.22244338247865558,0.23445698290098224,0.23931571529801055,0.2665811415664465,0.07229048483016844,19.486644154678565,0.0,1.0873206582268788,2.9499282240226257,0.6721294510609246,0,Alert
0.19994138003397663,0.18430361163803202,0.1277373252698355,0.22883901473148693,0.2490867067580314,0.3381802332745781,0.2785344448076263,33.86246424353415,0.7199269039683525,7.313081145116653,3.684884187253477,2.873181389319686,1,Drowsy
0.07369914674617194,0.16031710656050657,0.10395483873254342,0.25759297147232874,0.18054586792373706,0.36444138933763265,0.6850195252401301,8.815388424735465,3.9323370312592556,8.095765732483503,17.81365829931859,9.863231445768815,2,Fatigued
0.2686427501621515,0.30427952057887375,0.18825451628426906,0.603092833295419,0.5639328408328211,0.6942113062406433,0.10648545326853497,23.25922370774987,0.2862368230557536,6.462437041139424,1.2540935900239005,1.8267778499319096,4,Yawning
0.3356999535960822,0.31388042009011596,0.30513504944337533,0.2064281820511385,0.18347427589014015,0.3868270149945226,0.06767674923384101,17.73430162804432,0.0,2.503280662138682,2.4659098415060328,0.4483587088518839,0,Alert
0.16613910999179374,0.22128602702283814,0.19255388651211802,0.25290461479894594,0.2558985320801446,0.30109031574463546,0.4532168998361407,34.73959191442303,1.117502593463958,6.58287955335562,2.528927865513795,1.1744590839695503,0,Drowsy
0.15987826068231542,0.1543218369223191,0.07567026302566053,0.1914844548468719,0.2635796617887238,0.38256531124701426,0.6384916247101265,6.51240250040368,1.861402134055493,15.887102225992885,8.204442636665007,6.579489497419507,2,Fatigued
0.27661245908961335,0.31264509855699285,0.23994906280332395,0.6071841035017672,0.5386011145901753,0.7527803582633479,0.23032883555406186,19.093367038216073,0.6949018123836255,9.179157872875713,2.779866626940354,2.5229799893536926,2,Yawning
0.3348105170313832,0.30175712930394305,0.2699102471443285,0.2191811003467508,0.18723184598114426,0.28262589500609786,0.006941862564719594,17.7946389928744,0.0,1.5029129008175675,1.9182740771039652,0.5004009094087674,0,Alert
0.16260938314517745,0.22448274264553217,0.09548496038367975,0.1107010263380767,0.22437609861937768,0.31375098952234615,0.35774631688193603,37.33567555876692,0.6100285563967393,5.378687563745125,2.1080998857207778,1.281593979179522,0,Drowsy
0.05706636508085117,0.17175880506537103,0.09043782468270169,0.2260667614287706,0.2625087944032832,0.29131554424018685,0.9198578850329656,10.386699596854331,3.6910212214487053,10.122475133365835,11.419254013333305,6.199176963366575,1,Fatigued
0.23928679235182457,0.2932628199527057,0.10788272096885378,0.5267705699202248,0.48794684916313524,0.7725079914479147,0.10171920772613544,16.728900214762565,0.6985693277547438,4.194427199443643,1.8789876665124203,2.048154075009481,4,Yawning
0.2746993773533484,0.3156629899103684,0.24592626469016007,0.17030881257965053,0.222337688093215,0.27518212018555344,0.041742781337190886,12.305171742416231,0.0,1.165219339672374,1.4600375743179606,1.0102366684006392,0,Alert
0.13796544870568098,0.18694196112705233,0.09378701848627112,0.23544904256418328,0.2091788649865128,0.309015647748808,0.30090219155623005,35.45867080719511,0.9730354643894706,8.887420982304231,7.115001463276872,1.84620287363283,0,Drowsy
0.12013903718181164,0.1617260514133152,0.10431722241889314,0.1642911872340771,0.2361485767385899,0.370984831266546,0.5629174600269965,9.458879554219568,2.859823906322558,21.616785947892232,14.471806239956306,9.752638765028353,2,Fatigued
0.24486429229224793,0.2959234317614992,0.213373130141341,0.6109179149564262,0.5527830134749927,0.6437085140618192,0.09793042660321899,24.12057467271617,0.7852168116610353,8.702884922840108,2.2591352632512423,2.210462425841515,4,Yawning
0.32198779989063625,0.26801171006654445,0.267016979526141,0.15695735124988122,0.15561274318942492,0.2351207431105431,0.07452826580858202,20.45817148694387,0.0,1.6808965504969182,1.3835364112507105,1.1236035686753882,0,Alert
0.17800517381992348,0.2028533535528687,0.12126185303501738,0.14780967615067414,0.19555364361293712,0.2848093780402079,0.20184204879940934,32.616855628080934,0.8915591538528951,5.504201902165826,7.661900430867105,2.2287127054142744,0,Drowsy
0.10600707616636304,0.18426876018101143,0.1067086345793917,0.20115050828747086,0.26593917306788983,0.4376745336347716,0.6665868096389348,14.251548183905436,2.8796998552965976,21.438370056221622,7.786007408103812,5.408285520303095,1,Fatigued
0.3137525245384514,0.297113524134728,0.18988722738688638,0.5856161912558022,0.5419903551959293,0.6724254907242506,0.16230718062026733,12.004328582506403,0.09139650463358198,5.626366342375151,1.2133191707872006,1.4005869199364203,2,Yawning
0.3192602588216685,0.31932911945938824,0.2580562091235313,0.20077035869404503,0.19555150586217793,0.32071183876143844,0.07452621224148613,15.946468154250415,0.0,2.2355612229568136,0.6732316236666054,1.1686971495848215,0,Alert
0.16323191147132626,0.1832842807523027,0.12337392635142264,0.17945067385739355,0.21166989408741083,0.3613080916004647,0.4173088119689655,21.654950077797427,0.872879039417594,7.855129850163516,7.867747681727027,3.538623309636889,1,Drowsy
0.16375485622042998,0.17490103373067342,0.061842000883890844,0.20110666536283278,0.23308507698481098,0.33366544895263767,0.9050633313849104,8.329403604221913,1.9794988936414804,20.16444342851662,9.147906813292915,5.333566466533374,1,Fatigued
0.23429113624469147,0.2841171437820089,0.1882962100036956,0.5208772643062964,0.606158389555937,0.8375947244513543,0.09089639005011592,12.760592968842673,0.43680540122687,7.902139146201333,4.993007160745024,2.075833156843512,1,Yawning
0.3094475825845383,0.3174691722709556,0.26984854244615725,0.13454999402689902,0.1964802135586212,0.2904408088972547,0.024431293709728356,15.774155909346309,0.0,2.796355837747972,1.547637626472723,0.4901982094192131,0,Alert
0.1952765321235205,0.1853215622307846,0.12089233285341333,0.25671418212980474,0.29468884781159166,0.3351331129966641,0.33514112349736924,23.833804827065787,1.1373965423478842,8.523593881875872,6.374806303483313,2.908129016313799,0,Drowsy
0.13049862944087243,0.16767966320939334,0.11218686751219754,0.15572538035657113,0.22727277129893267,0.3340389982663792,0.7122100885831775,7.272206940999105,2.1107257363429115,23.172695292234998,11.899869303415723,6.3842834502634584,3,Fatigued
0.2957284357204528,0.2748599750624695,0.2511374808967884,0.6493711910783622,0.6548154782311383,0.7015138099115763,0.1362368814384362,17.105868749211005,0.7925673916495265,7.286448894025025,2.469564726491917,1.7734584312604535,3,Yawning
0.32388419377545563,0.3094263668272537,0.28787431128836255,0.13419610983440877,0.18755752049873456,0.3709995365414586,0.009990665059251693,12.04597026145473,0.0,2.630369959630023,2.669777829348153,1.0760680992189362,0,Alert
0.23008429255865423,0.24371740304443046,0.13011676685825496,0.16543867340642743,0.2307470378204336,0.4141905515592401,0.20557410021652978,39.07113613440197,1.0758528420577147,6.084360112877903,5.698753610997777,3.769718151184563,1,Drowsy
0.1611867805541395,0.14003046048688172,0.08213380884225757,0.24142075634222843,0.24319827947063044,0.34874432382111914,0.5643376609298243,11.60750554913298,2.165369510661022,10.200872642120434,12.507954024270006,5.14445215729636,3,Fatigued
0.2695566746839851,0.2717872233294155,0.12321297998646837,0.5762243539653376,0.5018943729388662,0.7445916700519324,0.160632655934278,16.273066033824428,0.09713769786500999,6.263797187821614,1.0135359462959097,2.205355735488277,1,Yawning
0.26767097032441156,0.26411236981192593,0.30277795714326794,0.19980237847893015,0.2581730616168334,0.26581786002549357,0.02633502453182783,14.927675584253487,0.0,2.660132811759618,1.3222641367538566,1.4537677531275022,0,Alert
0.18418022365917827,0.19662925881277224,0.18262001102460898,0.21306019275774182,0.19683993878852507,0.3474589982774603,0.2710055077903511,31.50525978101675,0.6361317962389623,7.378602595836828,4.919565052922174,2.782738016051214,0,Drowsy
0.09199277613825353,0.11413750431328147,0.09284626725179133,0.1289773124248049,0.27910636547860423,0.3429766806148841,0.8285445067665891,13.986563837544455,3.272842478898564,24.50686652490484,13.264578117318498,9.744850967141382,1,Fatigued
0.23428903407892337,0.2619141173806451,0.26741967086837615,0.8144609602075067,0.4317292255385086,0.7448312683936036,0.12371617801308427,16.166544117758594,0.34091712662440155,5.392516738368582,3.702069279461,1.887359417041809,2,Yawning
0.2772364027083281,0.2805370824670694,0.24312806774936574,0.19109739716914348,0.18004579102146764,0.3317573409242286,0.07038559813643618,21.123287477441306,0.0,0.5610782732692203,2.9712576748205155,1.12302955095024,0,Alert
0.12790280627056066,0.21887233601282777,0.07908759272551644,0.2285757738952674,0.19685927393152325,0.33162550168287297,0.38633678087354306,25.50689700276888,0.4141078632418771,8.42164612930302,5.470686535116178,2.2797070141346083,1,Drowsy
0.12651861859256017,0.16857211036131134,0.0681910226844848,0.26444888713566694,0.24351000811528348,0.2770050518963072,0.7885363060440412,11.323410407329082,3.3641851050594456,13.01383529194057,13.093900384081921,4.316973845644259,1,Fatigued
0.3610804167331442,0.25923520887169355,0.23206420638905484,0.6203685334369817,0.5432641739685222,0.7523649829497681,0.17167371813924717,18.389217047439804,0.15682336136280617,9.970237589416708,4.58864877931046,1.8775230850871905,2,Yawning
0.2863686645136265,0.3174310153095213,0.25157795321890836,0.2241965955310207,0.24061508135530407,0.22343670410934596,8.234524522933384e-05,15.672983372666405,0.0,2.7356223037541785,2.201039103184091,0.7042704744202251,0,Alert
0.2151463616680243,0.2137105154727656,0.14415076047074224,0.16568054200329566,0.23678063665205076,0.29905626460876966,0.416315075480469,36.02151840498988,1.154409481994533,5.858470211057453,2.292315029094487,1.8727111605067792,0,Drowsy
0.13079023866242306,0.15376957982178974,0.09008638031129121,0.25929107432161114,0.2355846727741586,0.35292008258976515,0.6130536926867272,5.709891911513864,1.5246990166051413,13.201938948873021,10.100627486260276,4.68720812635148,3,Fatigued
0.24329372576779154,0.24379574728174527,0.27365755124733865,0.7936769360590314,0.4924052649118194,0.7676257896788539,0.17004508217209924,17.326709529146004,0.7224421322021817,9.383889372753861,4.0726953067353575,3.1093214532976727,1,Yawning
0.37129126730410955,0.3221526351869628,0.28974559254545806,0.23492622418033515,0.19310853219664656,0.25341672736278137,0.034720001327638174,13.127551574499599,0.0,0.9315681756730594,0.847318699782157,0.6762984099335607,0,Alert
0.17799724499548283,0.20977987356743183,0.11689319050669575,0.24174097330200112,0.24044981954192318,0.4390193873082245,0.4947406537360081,34.95343540160316,0.8606095069729849,10.806501331760977,2.930565625164257,1.0456495890729316,1,Drowsy
0.1449711188580748,0.15911295459866365,0.08020148132206037,0.18649532422283158,0.26795304286446153,0.2599193567340068,0.755498916228303,6.448521102254268,3.348176234629428,21.66433443494082,17.519559291124786,5.768772134527976,1,Fatigued
0.2400283636605452,0.25555622373303166,0.19050291994369145,0.6478153938321091,0.5361459955116704,0.7162152379561915,0.068480286506141,18.608015267828364,0.3506845228162531,4.218352312705942,1.6992315751007445,2.8783272211581785,1,Yawning
0.3577364587264688,0.32085549347825126,0.2628058685140109,0.17373692146612316,0.22722835433140307,0.2470311024253019,0.019102000665564802,18.851333940785594,0.0,2.493549928222065,1.1180142592766236,1.1306304066582056,0,Alert
0.18477694661489907,0.23239733259871492,0.15068699368602922,0.22224669025868474,0.21244321747502712,0.38339493975854433,0.3609862708564876,25.59055770823638,0.5304526938880508,7.856649265858186,4.781009397003111,2.5657898584112804,0,Drowsy
0.1076592505551629,0.15826487083433302,0.10587990958547944,0.2611751653117259,0.2522334633170774,0.5029442123412504,0.8853198212811362,14.854203500012167,1.953282380887937,19.752887802568132,6.048548206413977,3.29988716781763,1,Fatigued
0.26204446013590355,0.28383415154711933,0.17462080755695628,0.6479865889734779,0.536901755148633,0.8033171393012368,0.11133945407739965,23.153524615987067,0.4835222653686965,4.18045278149139,2.686042126076687,3.7846932043171235,2,Yawning
0.3007148985172061,0.30612745280752707,0.279288349162407,0.19427057832345762,0.2355060633430581,0.27560585448779606,0.026174259041545432,14.074840873663028,0.0,2.738904325817194,1.564542866279254,1.2266951341330663,0,Alert
0.24528640587837897,0.21868253963081943,0.1395240224463946,0.18448794478649386,0.21735219309594878,0.309812024325279,0.33299600194372403,23.445296287115763,0.9839986487919763,5.4760959647896925,4.079838166219317,2.9898419105734546,1,Drowsy
0.17666014102613417,0.15172404711423101,0.10710635571795837,0.31124123344623744,0.20876204633069767,0.3941305947629486,0.8146077127243958,8.921106691353573,1.674383713300848,11.43642430613755,15.322048609663604,9.2715148865632,3,Fatigued
0.26310393879364313,0.2810952207225914,0.16935187638618526,0.5881378532484339,0.4807229905387381,0.6540859142829043,0.18459283462236314,18.90050306517541,0.3083393424693155,4.043628381101016,1.0885566517685836,1.6565040327630778,3,Yawning
0.31375082736074406,0.3519345936636741,0.2716713607672959,0.12879142699335583,0.21053885831992894,0.25940393353316166,0.056962811100262745,12.598032108166352,0.0,2.015978889440767,1.7582565107430947,0.27906120540473967,0,Alert
0.2004523901818819,0.19116180944269417,0.12612701701756485,0.2524143250036405,0.23511231272730004,0.3045773192707065,0.29144898409447195,33.02986622505584,0.992250387464786,10.308941994456841,7.968557823841978,3.409576209129701,0,Drowsy
0.1091017094742327,0.18795736151598247,0.11133407442888088,0.26336513506474407,0.17151230559510422,0.31362076488573454,0.8058657067159367,9.157278992795304,2.9864961348724446,15.139758573751152,6.988945226816268,6.285987261612709,3,Fatigued
0.30166704759878676,0.23679596022046223,0.22675206046706017,0.5911048720246561,0.5938561339261687,0.6243327183350489,0.24306968933526146,22.31215876601604,0.26632224371560487,6.30679978187555,1.8026956084040116,1.0471600309103495,1,Yawning
0.2899470090805369,0.39958168502051516,0.2803724902006762,0.23444391956026694,0.1813045905407581,0.3427833626512432,0.050535182978125,16.923342911727524,0.0,1.553904390292299,1.993031735464983,1.4314222397181413,0,Alert
0.19600107299018216,0.20378706236303434,0.16583498707946545,0.1622491977769383,0.23431994369269574,0.3715658030966746,0.3375241495376593,38.65912084284157,1.0645972437764448,7.994521184649959,6.211240126725867,2.700789856539054,0,Drowsy
0.10938048570880207,0.14785536657374307,0.02770516014400016,0.23854660701755917,0.23031376221189834,0.40274179394761367,0.773762564943159,10.28292105128309,3.0399479360261124,24.01609633387757,17.364651419475912,8.818037870145798,1,Fatigued
0.23942924113717437,0.29699488488398873,0.17118446564798115,0.6355679680446129,0.5074048520228762,0.8373644329151041,0.2109391570079665,14.259997971700987,0.39430334363526703,7.816259934871901,3.6079634154634195,2.8033882297908064,2,Yawning
0.2995836805037165,0.30487276630201576,0.26570956935988305,0.23212612793998194,0.18156718591059554,0.22432956746454985,0.07786212362827134,20.346184634555545,0.0,0.5389544887512899,2.949502487830861,0.6790883153503946,0,Alert
0.2327295139376791,0.23004904050450173,0.1665619812888757,0.16614391204114617,0.2372862587379897,0.2001117993190561,0.3664035576304817,27.926868916620734,0.7711152163523414,5.6667381433680895,5.645878299568831,3.276879446328282,0,Drowsy
0.10097030715134436,0.14393478444666588,0.06063900408900608,0.2117223618798788,0.24803702826260982,0.3806963054221412,0.9148121025805498,14.723287103103933,2.742745609193423,11.983424836816447,7.51847422055566,4.560432031800884,1,Fatigued
0.28199529481566465,0.2927221361899034,0.1819375734256841,0.6822929983059808,0.4575555389229046,0.741593236459082,0.13267485917500388,23.13354435516238,0.6156826442805864,4.69367036655318,4.939813731702202,3.7096315188714035,3,Yawning
0.3015561047485196,0.26100815924217136,0.27854205931663206,0.17171597656495147,0.22879471858227107,0.3469583243866423,0.015371427895724352,12.648442246610868,0.0,0.6183710118664233,1.101781074455666,0.6490766922986684,0,Alert
0.18714193289153871,0.23137409960269234,0.1288304493928855,0.2826181863983645,0.23646635546561,0.3002954760509712,0.3865472258917324,36.345885231773096,0.9212687218142441,7.391596058193201,3.368449636650742,1.210105675993495,0,Drowsy
0.11750744473286533,0.1265314312144789,0.0925299153008617,0.21568550480848622,0.2259388228843575,0.4090596969636209,0.6729513884017094,12.735653751951652,3.696279929528128,18.608339899939086,17.056247784478344,5.681306689950585,2,Fatigued
0.2812408957447116,0.2399496917909989,0.15495883466988603,0.6557620332624687,0.5662869946333186,0.6025734516374002,0.07428905339242729,12.044752486277327,0.7338384379964902,5.1340283354466,1.8859925813719451,3.0954424291845664,1,Yawning
0.37181024631510495,0.2886390572326752,0.26584071443461815,0.30995129663640264,0.20199766480708767,0.28247153080918597,0.04178083236232128,21.12714790952365,0.0,0.6618444151912015,0.7830644806280438,0.9758246990187722,0,Alert
0.1843360574015841,0.16740201103185484,0.11189787934081952,0.15238723896491196,0.23053003462674548,0.3805765106151603,0.49920336478504945,35.73758395641926,0.6189330032814613,6.11476094181357,4.0153896207020425,3.529778441943228,0,Drowsy
0.07655110190108672,0.14562583269996957,0.10540098592830009,0.2200940856634088,0.2716754533291295,0.40203784188955394,0.8499294337444231,6.438863743553391,1.747741125906079,22.645476588518378,15.88326941447777,7.769228128324544,3,Fatigued
0.29517229170835907,0.27117927596230396,0.1635069794373457,0.6430000677440025,0.570571207946899,0.8954771502705274,0.2209171537618962,13.055070238621294,0.6749539227504535,5.053062572461755,3.619422668672732,1.1203863672347674,2,Yawning
0.29923174164081145,0.35688136101962914,0.25950217282082266,0.20924195994411093,0.20398894688127928,0.2884666691578995,0.026478274019044214,16.036746199035818,0.0,1.4608230544092533,0.8405581854149122,0.663796556030851,0,Alert
0.20895742253602567,0.21919425265077996,0.11512943433522985,0.16416106950780507,0.18082110160142761,0.4106618724980833,0.3509132349093689,33.96336822191965,0.7738006785152165,5.527758317337566,5.123443623888976,2.0683546906512773,1,Drowsy
0.18021231261950274,0.17932623605835718,0.09266133094994455,0.18105019135215522,0.2131112450979038,0.42534065154446604,0.8705388575846849,8.48790588532021,3.395346153773219,8.573411826781223,12.165139819157485,9.786685924479206,2,Fatigued
0.27800202550026626,0.24868214721348328,0.20668889072293195,0.6223388761049355,0.531285084662044,0.7273673576922204,0.050823963478533976,24.231142779276244,0.6634019932163664,3.5423289008057135,3.3975024402680933,1.6986947043976985,2,Yawning
0.3061857875564166,0.33289308438496423,0.25420651089810203,0.24919909841857812,0.1679166804081333,0.23240837415936944,0.07917542942292177,11.607129917987859,0.0,2.4013349700242377,2.8395318962068163,0.8653334925580443,0,Alert
0.19393428993837142,0.1912588464706773,0.1310304800788448,0.2765936054583704,0.27055193035999553,0.21900369130288624,0.37450717542430406,37.12592617597943,0.6466843513831612,10.573370114944128,5.395602492152284,1.9015886491514409,1,Drowsy
0.10681805752108657,0.13870967060699824,0.09942941604443523,0.2609711811087304,0.2691189455463285,0.24475528688424547,0.8421221107924213,8.98487689139335,1.665814028345169,11.896143485772349,16.479855505152884,8.771361863784264,3,Fatigued
0.3066039765226076,0.2614220056579957,0.25625040716696945,0.7384803396053485,0.5785947637928359,0.7370541417459218,0.19185241875590003,17.483384650698902,0.3411718401816439,9.430789245603084,3.305618773741567,3.119137629709125,3,Yawning
0.3457413750654416,0.2841790756422142,0.27640950510120843,0.16213459039103628,0.23575467565466038,0.25695626880510675,0.010935193177425084,14.343735392227423,0.0,1.6598311344367105,1.5596138112514417,0.763022855876442,0,Alert
0.20761473401402053,0.20942675272259573,0.15784039301430974,0.19283247811484724,0.15486108103394994,0.3850959714224009,0.39005861515257934,37.07062886199608,0.7733106911624688,10.918410951688541,2.5627900097542993,2.959252665979297,1,Drowsy
0.14027198049987546,0.17165020785524487,0.0490532862706884,0.281637444429251,0.2265157210984599,0.37021058137499224,0.5712598368691792,6.916033575185323,2.1693430469364117,12.799287983521515,13.71667678204398,4.524772111300504,1,Fatigued
0.22520317089419864,0.2461540060202893,0.2110914762541241,0.711119835638753,0.5365644505049831,0.8687587138318762,0.11428282020400156,23.460095888025936,0.5256592722153698,5.068561985334554,2.852783511861793,3.6445006667848574,1,Yawning
0.32478146258384205,0.30391869483868483,0.23756342399174832,0.19787065329746273,0.17304528539681466,0.2691685401208375,0.016017279766760144,10.62435816339814,0.0,1.5955687363727498,2.5165903043131497,0.9617599323098642,0,Alert
0.16193020822677281,0.2190143124006488,0.16879188980831802,0.2026417801171009,0.25756601966663734,0.31697115298742723,0.2954019258183201,26.776859031660415,1.0012838946585143,10.279969387137761,3.377868067940881,3.9186139744657167,1,Drowsy
0.14918675696504033,0.163100062692389,0.0874842050758005,0.19741757628583684,0.27693079562181816,0.34342294042136107,0.8281633449582669,14.509875363742522,1.7623066131866092,8.690324345690684,17.656531650887096,3.5613451301143306,2,Fatigued
0.21609426545685556,0.2852379800988605,0.1735821052796967,0.6176435038998215,0.5805700829694644,0.6667626153688347,0.24888603584005414,20.477408426707175,0.485345236953033,5.869495533457507,2.250321035439043,3.7332212707194374,1,Yawning
0.3121346682664141,0.3160414578954481,0.28463819031128884,0.20410423929510815,0.21293580138193938,0.2435890511004782,0.07300941585630912,16.384213829343274,0.0,1.221650151462011,0.8185545698939662,0.5847280648098294,0,Alert
0.24047518937218315,0.19134969739998736,0.11540961150383187,0.1303444165098397,0.26321544616676534,0.364557273030969,0.4667833126500799,25.779071310560724,0.8228862581535432,6.928325654424522,2.0085300321859405,2.738295468159783,1,Drowsy
0.10589407115718724,0.20506459021606413,0.08157146441922251,0.21113895218089432,0.29648385498710356,0.32185576292337087,0.7115534267544351,11.835808333247098,1.753520365593827,10.260188603021438,6.816232478439058,3.3186784985982047,2,Fatigued
0.28206986219477204,0.2616281956134837,0.12936709854730427,0.6400793195923414,0.48708512127148884,0.7704622051428217,0.1623098145605757,12.729449220756623,0.48551094539776607,6.7111469073100025,3.0830639285558865,3.052493161173342,1,Yawning
0.3300474437182406,0.33188333671230263,0.2964006962553488,0.19914550510234094,0.1843673311360725,0.30454144516740755,0.026890438438651642,12.684708790039407,0.0,1.6304323889761025,2.712661377291669,0.6487692310859321,0,Alert
0.22945369509707209,0.20315991463448546,0.22807924623914327,0.2709336220820657,0.2191009172779147,0.37707117123491796,0.4044672603888186,21.712893317481214,0.5429053705015082,7.235009605729965,4.969034406919249,3.8972011037086887,1,Drowsy
0.1284914702355345,0.15109122383452314,0.09326457563945001,0.25030100700721736,0.19867087935216515,0.3855268554812969,0.6109135807052932,7.52305531100591,2.4785170821414457,10.705703541448353,15.371582863737128,5.499247398262221,2,Fatigued
0.2698915999829701,0.29284291872182683,0.16210308419926167,0.6596676375300491,0.4806702374722742,0.5443881961135718,0.14971960647940308,23.493352298326744,0.48314262750824793,7.855739255163455,2.557654170196416,1.087262855766923,4,Yawning
0.3320680274498063,0.30571296577379586,0.28586048257298613,0.1622147704848199,0.196160768612213,0.24324243615344632,0.040264062047330275,19.091968935820724,0.0,1.2220616264495656,1.1604714313763176,0.5938579712545808,0,Alert
0.2310767989091268,0.21306888100554305,0.1837178070754921,0.20140801369921962,0.2560640256124734,0.2755578305671443,0.35652693127163443,28.34003741219375,1.0504586540125773,10.133674097553957,6.716259258403787,2.3791804718476057,0,Drowsy
0.12875626113010644,0.12724799590071528,0.06634919907692909,0.2141616216226855,0.251079773244764,0.45222362928183424,0.6364741329514672,8.10000011211545,3.916634178319356,22.427552600045463,16.439307657350668,6.220084679564956,1,Fatigued
0.23251819736178767,0.26398518703930574,0.2627891015696431,0.5478076331685785,0.5961894478762364,0.7123253441738928,0.08022003183491973,16.77267816267996,0.09992312425936234,5.833824937896577,1.1586452198970818,1.8176481851849364,2,Yawning
0.37142656498925813,0.3028666501769615,0.2624071908822691,0.21368567569564678,0.23387434778824356,0.29066847059309736,0.05056584884536286,11.986735243705612,0.0,1.2868717486461572,2.333400706711011,1.1598970979351262,0,Alert
0.22388613191855541,0.21251169561529668,0.11661378869879324,0.2007776915875204,0.2546521502173167,0.29045686007349547,0.2254102444043947,32.00677316738169,0.5085052846754212,7.48425953237797,7.795862009309934,1.5854328095406593,1,Drowsy
0.13354653613896272,0.16833536541448746,0.07159508148257528,0.16016700992380942,0.20300842597578128,0.35224491864280777,0.8475050697011561,6.09353933354973,2.512294283422014,21.678581506186877,11.07841470097286,8.894108638029556,2,Fatigued
0.22774675124481558,0.2927626857796812,0.20006623422487807,0.7081619863031425,0.5504291953658493,0.8013300185952967,0.14437491735425823,17.838800982878045,0.2679002209063602,6.735910480235862,2.8102186477942714,1.1102406298706624,3,Yawning
0.33786233429732515,0.3302532225740023,0.2766725918608084,0.21361845027918375,0.2038316112121814,0.3163190102247835,0.05478587936536502,10.131980812845518,0.0,2.6158576471879966,2.541033560323744,0.2263232039505434,0,Alert
0.22676032120705855,0.2118787669288746,0.1250207375864007,0.1768156681958053,0.1849236600160693,0.2514401618849646,0.21256580913653064,25.58035367530733,0.6358850501601885,10.926976387916728,4.1126960427902155,2.341650219680654,0,Drowsy
0.09197989102100287,0.1366128780749941,0.06123640297557516,0.2578581292850635,0.20416211985644883,0.36626205517167465,0.8870508795450531,14.929650018193222,2.415870461771663,15.712387398440656,14.251673300813824,9.56007104428036,2,Fatigued
0.2921764388369431,0.3025264561242409,0.20025064959660296,0.5909421554818352,0.5093104574171788,0.8041746514493141,0.22425752714693326,12.688633072664784,0.6257560680544592,7.310732298529092,2.2607973866173965,3.162797645025734,4,Yawning
0.28012825700530886,0.30949464157250683,0.2651641708545373,0.2245970322894772,0.13530996267633877,0.31156989944298275,0.010788792373637737,18.490220452735866,0.0,2.5341395500726485,0.8145471248457815,0.8429379118995852,0,Alert
0.13465174662877885,0.20560136592397124,0.13468317615886244,0.22512191194402364,0.17663158702289122,0.27603571005676764,0.46009819512744693,34.9162048815231,0.46757775724981754,9.927647320498963,6.052401328517342,1.8451728208009892,1,Drowsy
0.20145947108225748,0.15454934535761397,0.09309327925463026,0.15965710268185784,0.25031058213634205,0.3511458027387255,0.8305479446930458,7.087004161418093,2.513990526089516,13.686386678196367,9.47217820752546,8.323195075519063,1,Fatigued
0.21487858310765348,0.28744866039239725,0.20996832765523538,0.7332808395123955,0.5968340368492379,0.769336619407895,0.2314530161188954,13.762151568144361,0.1160604031838938,8.333640892581034,4.827519782175882,2.9995410355393237,4,Yawning
0.3038834959306044,0.3243183428097113,0.20132458705541045,0.2534181224680697,0.21061038127673146,0.30866910590869373,0.022248899793948517,15.362095053583563,0.0,1.5724149392169093,2.8983379207097966,0.4279041836690316,0,Alert
0.26387467587229785,0.21292611949080423,0.11788259988871931,0.22433993357052381,0.21455291637420662,0.32178877426478925,0.29749622286712585,38.64585151746334,0.6432362157086461,11.518613141153983,3.5008037428954655,1.9436867213845974,1,Drowsy
0.16121377767441777,0.14608532797927298,0.07625188830472668,0.2092933572088164,0.22913916973103932,0.40084449412530043,0.6258072818301829,5.149797474717017,1.6763070034969902,10.921337191811268,5.330320098934517,5.350949076630032,3,Fatigued
0.26081087568489153,0.22403334638279068,0.1892103757355337,0.7002301326012534,0.6570781364169864,0.7822174551415857,0.2221190449431903,24.162352282628852,0.627711931575146,7.569798787554014,2.7344803412510634,1.3363304625652588,2,Yawning
0.3265828503206324,0.24826801140853588,0.2645443780485447,0.26549658077462845,0.1786961533749412,0.2040851137624739,0.0766162730594637,14.618965262967407,0.0,0.7586980666344327,1.6590054489083592,1.0424628855214892,0,Alert
0.17636408663036518,0.16375732410123167,0.17131647367770148,0.170391663075213,0.222646550749077,0.4253339470184895,0.4477445379324978,36.71874375717127,1.0636584422557558,5.262767502955198,2.152594048171641,3.9495802292443303,1,Drowsy
0.14731616957583854,0.16440972216508576,0.09072580125130937,0.29125673022787907,0.20381635145147703,0.40596972224553185,0.9472032145136657,6.8316565449388715,2.036234685973456,12.911671140869396,17.679321591385524,9.918020125477343,2,Fatigued
0.27423804859377304,0.33869239153420005,0.19400855131519593,0.7090497612948359,0.6036756920176904,0.716463172825145,0.07997098411705889,24.297062196848984,0.405979483730726,9.484897150085885,2.3471711549032523,3.1478767124181912,3,Yawning
0.2939930995355211,0.31859423356841526,0.24335023272701092,0.2713048081368194,0.213018946772741,0.252113118219874,0.045048940352268224,18.53352408935883,0.0,1.5448055140723025,0.6656502076522792,0.609463860715945,0,Alert
0.22326983373100392,0.23846715589609746,0.1567137244188495,0.16340372967639327,0.22999107052785941,0.42873319940570687,0.3564061925560468,27.394957461252787,0.49871549100258944,7.083870400403397,4.072005896880965,2.775917778628175,0,Drowsy
0.17397535476950754,0.1423347062332842,0.10949942863162303,0.23518762270274823,0.26578339572285264,0.3544579377664828,0.5799031386887121,5.430842161568643,1.8913766873196391,18.899603190622663,10.186907916713213,8.778866655923803,2,Fatigued
0.2570176420049688,0.2329357875701186,0.1229813461415114,0.6654192532246124,0.5326702673332889,0.6863189237453335,0.21707891562257065,13.671028807521397,0.21394245808736567,7.766972258005671,4.927596217911992,3.391416520211177,4,Yawning
0.28558084612328466,0.29780194586101594,0.23108779598446877,0.2016171575933387,0.1768197982801863,0.31145192923601117,0.056557454393012456,16.94165107616469,0.0,2.9656246411797107,2.999752442523079,1.3303839083125288,0,Alert
0.18192248560457877,0.23759500127755365,0.1410062628147441,0.20313380931225786,0.22896265838722688,0.24721591367032425,0.33993412692766733,31.51537163104569,0.8407697771349794,11.680856313348496,5.313116653608416,3.538696264374602,0,Drowsy
0.11901276771798033,0.14581425541079135,0.08845091298610092,0.23566817496723955,0.278465588033476,0.2889195654461325,0.8009736601497583,5.120499748962487,3.7130423233309338,10.37341522600043,13.62665412697183,8.428839155560023,1,Fatigued
0.28991981594508803,0.2331366194728496,0.19604509497362071,0.6251252396840306,0.5784004710031087,0.7326566374649657,0.11592929934954498,12.942701452388313,0.7952447654144909,9.090157690324201,2.8637311332043693,2.999129572577212,1,Yawning
0.27699148700191994,0.3149424479821103,0.2745668845066171,0.23134979234217046,0.16079941023258057,0.2987580800846409,0.05911736526362469,14.896543206580812,0.0,1.77688404281585,2.7441017333158033,0.7952147808595631,0,Alert
0.21206605442447926,0.21220138742265207,0.20389440482331878,0.15180699316486673,0.17557598223718499,0.34410466620983005,0.4210766186848858,34.53274056547695,0.5708453931965456,4.106704358676101,7.993649423410718,2.744763198882069,0,Drowsy
0.16992411746919586,0.14321328311167877,0.09653303594864864,0.16823155864765554,0.1822512652161978,0.321031958678903,0.7556988457131435,12.974644903726233,3.5812309251403605,22.390832041913022,9.401251563214732,8.554192453010272,3,Fatigued
0.27632321511638136,0.26702401591030367,0.16561099640227672,0.5819810248258973,0.5357809096856355,0.5857600156250239,0.21870110775855672,17.227593690145383,0.6449183712264336,3.8050847660277602,4.579628818728453,1.5559122505718037,2,Yawning
0.31681941386476953,0.28819215602385123,0.2922671785815897,0.23574168823556438,0.2407684985380135,0.25886676443558304,0.0779486879692711,13.253139316958595,0.0,2.2575715413448645,2.8211716309878923,1.0921727914021555,0,Alert
0.16769204761229184,0.2241218826814376,0.2128926807741094,0.2746090427072067,0.2248596503096863,0.30593147322363784,0.24090613853322726,32.449037489806905,0.6597351023147667,7.658559649685688,3.2939789589044834,3.598319683913626,1,Drowsy
0.11060299660266598,0.1615076253036771,0.07155622575221743,0.1918611984194343,0.2678160927940097,0.3415178485978531,0.6706482948341332,13.675843529684915,2.7632731983842893,23.055603334475624,14.125399105271624,7.958722776765582,2,Fatigued
0.25376763671272373,0.26029938991683854,0.1654560642907273,0.6405520431218965,0.5315900953366843,0.750411451243348,0.11019510308208183,24.13718277242983,0.24842365547360457,5.523215709747261,2.8926601929362863,2.6850801245544242,4,Yawning
0.3158105754020452,0.28805250836214,0.2632918164091816,0.1822032394552003,0.18583047871929498,0.2671432012558848,0.03275966798331824,15.591395516386765,0.0,0.9262121597401778,0.6038381773903305,0.7382722686104577,0,Alert
0.21507212270851478,0.21696884942112818,0.14170319992342387,0.1829615479794126,0.19779957852492114,0.2501704887436074,0.4800325489279719,27.04149545891294,0.6922767441426615,5.67516660595993,7.760110508155133,2.36946206998085,1,Drowsy
0.16153365243273995,0.133416821550292,0.08885124858045615,0.28356768378655084,0.19715921749874046,0.3414628584532911,0.5939111580229568,11.475189872990459,2.5942741160418477,9.606225878042382,14.62473943802923,8.595276170810337,2,Fatigued
0.2543887413446019,0.30962938750409813,0.1358525141769074,0.6969035082300109,0.5744301568861184,0.7170085408895177,0.20966883210896609,22.105677769679595,0.37068744511810786,9.051554325911914,4.704928277403258,1.9850330339603341,2,Yawning
0.2960784812121004,0.30059304584180935,0.2690121567083144,0.17900014692607022,0.1513519573128653,0.28975374689974026,0.007388516659140967,14.318536148006011,0.0,1.1855190126506119,1.7777607662857113,1.4730036719792545,0,Alert
0.19073714626419852,0.19177145124924072,0.18730549476767652,0.18648083141282726,0.22754778421785213,0.2956065455963102,0.49185731884542244,30.749763056683832,0.7987921816275314,5.498548957615283,5.802729193443751,2.7713118423367447,0,Drowsy
0.12902585289047397,0.13698249270599588,0.09653976819022264,0.20782036489422334,0.2917013186277116,0.37971717763336166,0.8606021669866682,12.79578020749287,2.4025158620441642,23.0063104526658,5.16686281815758,5.185321157406102,3,Fatigued
0.21613449965444723,0.2333220795603423,0.22073100912145416,0.6380568871174971,0.495095020428859,0.6532392927346602,0.13286962168632532,17.638467637069926,0.3290726323320174,6.5262058676231005,4.258051518465614,3.457855122226066,4,Yawning
0.3135799832335085,0.30338934279824653,0.2594424930657872,0.23497664591930928,0.21864559588678648,0.3166800619709953,0.06365082337387737,19.20130239431186,0.0,1.0134197093468298,1.7488975253869739,1.4485384432643016,0,Alert
0.20521496535254105,0.20884379360729213,0.10723915299990887,0.3146270284508549,0.2516650573669765,0.3463604582964211,0.3182624464552248,20.65908350229276,0.967045038376329,11.649334275979081,5.7499199016580285,1.56524343563642,1,Drowsy
0.1304196434766314,0.19242631859468595,0.10570804680319257,0.2949011774630085,0.18512234597805774,0.35870622763301774,0.8030135075217759,10.52185739170648,2.964400895927228,13.141741457127182,13.317965581612656,8.806448455395161,3,Fatigued
0.2630509422122828,0.25411995519222674,0.1866526941237075,0.738458374566567,0.5994863924484001,0.682944869165905,0.17041827329396547,19.345355450638465,0.1194409593148329,4.231729230626899,2.127151103696097,1.6205168040458107,2,Yawning
0.2523696058353023,0.32311838279317673,0.234153932501431,0.1615499405019573,0.1397079989939385,0.2580378227536454,0.043835704325648754,19.28220702725553,0.0,2.186153208610934,1.2361422318852928,0.8873633150017131,0,Alert
0.20318373221639544,0.1940651955338376,0.10393989982382926,0.24317732371862252,0.2430058260219016,0.3842846223239561,0.47698678047088594,23.379084037170735,1.0010994122864085,4.669144724666136,5.391754457107385,2.6556854184974377,0,Drowsy
0.14702741351965623,0.1166996673587698,0.07967723942928737,0.22414546770911586,0.2343507483467458,0.30062881398356994,0.5938447231994709,14.55479806945415,2.8076698935193196,23.52470574970294,5.290760898554956,7.463572987173285,1,Fatigued
0.2788386827914065,0.2920489444725596,0.26933765357537054,0.6987355321198565,0.5538429307010622,0.6774616827719925,0.10825529836328909,24.64405302189865,0.6856943604991215,8.132929870837838,4.734990540998927,2.040529913696421,3,Yawning
0.3228450410315301,0.27948317431583525,0.27238089028541923,0.22890332392769802,0.17653122284963965,0.33688346818621195,0.011170950530226235,12.527002643543192,0.0,2.3541936491208317,0.8688358476489082,0.48983071641357745,0,Alert
0.17785646923407047,0.2073970254927982,0.1254250371085356,0.2040581706783402,0.22805390053347882,0.36990440957488946,0.4549117769673854,37.34697377074715,0.8770988245339273,11.341553227160192,5.5126897489077376,3.137695233635126,1,Drowsy
0.10103811522454899,0.1382096573500698,0.06469037559115828,0.23782271639605596,0.2469156673915077,0.46373448639371356,0.7485499231891417,8.004453795500226,3.761683593829342,9.538266961442396,16.30771211553141,5.636936416911459,1,Fatigued
0.20526574171881384,0.27499256918260484,0.1775663912682577,0.6509009134984048,0.4963037342673781,0.8603449555823733,0.09405323063675769,18.595213939352384,0.054599444548198144,9.463846244228764,2.177870084629057,3.659393044551586,2,Yawning
0.26243798089182874,0.31995289623726786,0.2875395425109765,0.1678872330833203,0.18823834519245555,0.2775958823273413,0.0052784722492970546,17.783648429659465,0.0,2.912161498513249,1.8796590895862473,0.8587851634308998,0,Alert
0.16604827434201022,0.19309922976567448,0.09858286947659012,0.21069603046258056,0.2273655532998208,0.29673387408294616,0.46838608072042015,38.73544139374171,0.8943989827975914,4.422196660794254,6.445175779770641,1.3302859157856592,1,Drowsy
0.16258404330237972,0.16605004249316044,0.10334855541729653,0.194807164031213,0.2240052999017109,0.26085383566436493,0.9059715268754025,5.189711464907517,2.5357966256308666,12.535970034564013,7.581665014416922,8.870027950307586,1,Fatigued
0.28156840535938477,0.2600059700952624,0.2432117103248577,0.779578493394434,0.5171755686087042,0.7366217624520859,0.21601461964111546,14.221749337294863,0.2978069135158018,7.202482798563572,2.929014954242487,1.5959819055139541,3,Yawning
0.31516436225986805,0.3203916565537003,0.26845119955865376,0.1776048349768907,0.20301042775254058,0.26500855241761717,0.04373630976823167,12.496045725103613,0.0,2.1078653568010406,2.042632482943471,1.2378572301031698,0,Alert
0.20086080080411742,0.23134617134216437,0.21103862175372942,0.21244035025324093,0.19501094597439103,0.38637149783746316,0.3513925650098685,31.702083716463466,1.190702467068729,8.701697571647333,3.34511930445354,2.7639695747207824,0,Drowsy
0.1442552547068226,0.16580783220372006,0.08363725826510046,0.30597206678355776,0.26605536642023697,0.4629719449784221,0.6921714122031797,10.688607973611775,2.1436633313298143,15.48474590429335,8.650080294383162,3.860214526229723,3,Fatigued
0.27108513084886504,0.25393168166901947,0.17156853527397886,0.6002961541220582,0.4908467127270001,0.7924353217315797,0.06867799551409753,16.411121329470237,0.49935688063158507,4.735616006278568,2.200675194686696,3.1261894558193655,2,Yawning
0.29628061280329887,0.31311350775376773,0.2611095983753076,0.20971610162845006,0.12415264699058859,0.2372358283533615,0.045845652681354515,11.08749324064258,0.0,2.8250476470487396,2.0641051713796945,0.43917204689418143,0,Alert
0.16784364919781813,0.21365810318916506,0.14032112980148742,0.21841728696808194,0.25056399940459045,0.41037096897112885,0.2550449613080069,32.06859716989534,0.44520875273961585,8.873906844575378,5.324102114645713,2.9657644925172986,1,Drowsy
0.15011980393633445,0.14218636613761498,0.0346866757216175,0.304915154397992,0.3142473455927589,0.3687788845197343,0.8280191502797081,8.575771009578126,2.463145700265651,17.55804927825326,17.017292569320844,8.218011868761828,1,Fatigued
0.3236801094793137,0.2455815413444981,0.2135062719077586,0.7133243009303238,0.48552911490379874,0.6404814811432098,0.05929229544438193,12.204627944517334,0.3816049010861833,3.668777518481174,1.776007257660852,3.540301598579991,4,Yawning
0.2899605017280066,0.3029243252122469,0.2700231835721669,0.23810431300419238,0.21112339572518463,0.3307013226770733,0.033977094134137575,17.00702054250778,0.0,2.049280141868368,2.100086559855327,1.4571585700756726,0,Alert
0.21311856468724538,0.18716807386245873,0.12365041230117649,0.19654979588925348,0.23821506904585166,0.3323533027228718,0.24771327412977248,39.24931067512852,0.6554978608129832,7.130512347654401,2.922084943633025,2.847508317554951,0,Drowsy
0.11739210835926768,0.15444929724684944,0.10331106900985998,0.3076825303940294,0.2680954289741843,0.3041447957044562,0.5848258813251869,9.894451812312479,1.52480801790772,24.46853731121069,14.77032721309982,4.111964533117592,2,Fatigued
0.29015742419933827,0.2082347325824201,0.21586690106163078,0.6507241402219969,0.6599241321995823,0.7749591749756997,0.0935008133480893,21.255800397729807,0.7314137956578369,4.872369700941599,1.9334394061980262,1.3132436454204333,2,Yawning
0.33645089280873225,0.3213254141611738,0.24971148363476514,0.15831300771606222,0.16036298787008926,0.31946056015216806,0.07437579989323564,18.887130393714244,0.0,1.211518029567605,1.4472039235048886,0.4592575157951438,0,Alert
0.20053438768042497,0.21970277998663945,0.13124388436460097,0.25012302263328506,0.25752366086088657,0.2888586812723383,0.4256773779421478,38.025095942058634,0.6458039849030489,7.724160042513196,7.189997675636318,3.335738362405648,0,Drowsy
0.14335992447564716,0.1493654669509685,0.07793596100153209,0.24617342690691452,0.249824098493076,0.357532132279433,0.5535170452141035,12.20945673670826,2.648333739027893,19.56401533681289,12.872660556433274,9.89265846118991,1,Fatigued
0.288279018578824,0.2774917646116079,0.1981742858666482,0.6816673185710218,0.579595250571582,0.7476878781201711,0.15946574846862988,17.975007946335346,0.26512381178196404,7.602884130833372,1.9192816821001784,1.3148026555432129,4,Yawning
0.30840989968891397,0.3014824925313646,0.2534670368171653,0.19751132391457601,0.2401373927772917,0.31024402948749313,0.02353948608674199,15.719967995434892,0.0,2.979641988119271,1.9408575324539965,0.6563973773600367,0,Alert
0.16597256393443682,0.2190383792203913,0.11664397055854174,0.17707604226772827,0.24784454453418012,0.32508289496214937,0.4344346669157043,20.875678413397498,0.9544237351186954,8.032491861471943,4.853317052014283,3.0746751004766297,1,Drowsy
0.12552059734384974,0.09867761228135172,0.07120293473799189,0.32947193555386867,0.24051605182273222,0.3315626096795169,0.9435712806806471,10.23060908973052,1.9560667137227843,8.375593700781172,9.611148855614719,9.427596389876248,2,Fatigued
0.34344020742088555,0.3101227876140128,0.2730862703031723,0.7075275545331464,0.6571203482018088,0.6815199171780444,0.0743224229914402,15.454038985299288,0.6688024310469036,9.326242515203738,3.156032950241199,1.0949068516387972,2,Yawning
0.36342651948816757,0.3355196347045768,0.24313564356569473,0.16830548119006877,0.21542224095837484,0.30599734930761535,0.02694320926730885,17.653668591708165,0.0,2.5703750104220346,2.722073605544872,0.20754813918201542,0,Alert
0.1844009152541148,0.23178910824541563,0.11490245018386565,0.2768254851111953,0.26896621667377685,0.3790740032791994,0.32149783127486786,30.255706622754897,0.9810506975353347,7.810442149558897,2.0838829105109995,1.0387125909925472,1,Drowsy
0.11280412577593343,0.17313056171960187,0.07672745091831962,0.22250177922470593,0.2504616916170325,0.22965162670315578,0.8144335069075419,12.49055612208408,2.114757606408167,13.470099694224448,9.008962189176557,5.539158076846135,3,Fatigued
0.33864416962335736,0.3043918102661742,0.20821284270216017,0.6369560680404012,0.6273998342217573,0.7588400314197241,0.09443783524166015,14.53535080528439,0.6346697775423646,7.927083902577314,4.166693442310699,3.3458024230842383,3,Yawning
0.3639524493749446,0.2929446427486014,0.26093440240529947,0.17201722885686313,0.15373421317438332,0.31542109489223824,0.05940297299643724,20.752990727591104,0.0,0.8484779343258768,2.31130709644731,0.8688759977748464,0,Alert
0.20933895852291176,0.19406957384592913,0.15042547394680728,0.317281079007205,0.22117681691085495,0.35968103738640217,0.49715453463506376,30.18457627696222,0.4926816306410941,7.763770008600243,3.0939725753304277,2.7914004556522816,0,Drowsy
0.15041688528812483,0.16087606446529848,0.1038317679263024,0.20426714418400932,0.25618904059734837,0.3573010056279923,0.719914066679419,14.923097278833545,3.3509850750196786,21.196721834302956,5.334163181425593,6.481788459352675,3,Fatigued
0.2519022730326666,0.23617487258740513,0.25223106313150084,0.7607193181545319,0.5355367471243622,0.7719148589545071,0.2403084293510997,12.7688123562027,0.7870097076551217,9.00436965006486,3.641091131048685,3.204986500793265,2,Yawning
0.21538029833704886,0.3199784403040029,0.2537317249764575,0.13780607476198703,0.18344242161402102,0.2525469520630589,0.044146735546981314,21.1635977851996,0.0,1.934703976913144,1.1087061915145522,0.7725880099176408,0,Alert
0.18463887941474974,0.20752468249655806,0.10770404906704659,0.22122529228894883,0.22516141661819822,0.38012932754246687,0.45338194478521276,39.12089374756083,1.154550632600221,4.80343467446043,7.668902429300042,3.3872416233685305,0,Drowsy
0.07574973837927299,0.14720971943333858,0.09220267090175868,0.2571059710054828,0.21130868107937323,0.38961552240239294,0.7458495325640697,5.892858989179358,3.366874706288369,22.406752315576995,6.4064265452205875,8.715221774029843,1,Fatigued
0.3127630251223688,0.2381643690827751,0.2855346896791421,0.7516229861520477,0.5928550507539341,0.9033127049918863,0.22135277750789262,19.926123817970073,0.7262079929923781,7.076321355638062,1.6844896879222664,3.740687667517909,2,Yawning
0.2994298522456309,0.3031623917677675,0.30024562009488226,0.22381998912332382,0.19744771702107966,0.3001346833732206,0.06119513917375307,11.398248967496517,0.0,2.7240225682891177,2.0827688534970994,1.0177394307566214,0,Alert
0.17980994238650097,0.21708071254420777,0.1336562987193425,0.20990339819243659,0.22738725915009755,0.2805033463068811,0.3266014417545764,25.321921848190964,0.7525995202972613,10.7531200165216,7.5624764302618175,2.4624284339603246,1,Drowsy
0.08302093610959511,0.16563036305427406,0.05560528787347304,0.13982347902939202,0.2805706795187963,0.42560416377021054,0.7029188059843849,9.142442515210034,2.3700973585538474,12.001545118206234,10.955798718013817,7.805038923317783,2,Fatigued
0.20771966875641357,0.19520125455127435,0.23701548029371117,0.6715859623918401,0.5502533271855155,0.504412794252893,0.24225890422818336,17.95986379233912,0.4028387783810063,5.325780227325688,1.1265098027385996,2.299163655284478,3,Yawning
0.34115962861959204,0.2701562886730157,0.2542393852112156,0.2553222959432642,0.1846439479671945,0.3418443424172564,0.03887907956527247,19.63002440638528,0.0,1.240538154129264,0.7420301414878578,0.8763322599974552,0,Alert
0.24288394127229665,0.2127702116603547,0.19081251872644267,0.2542675115727445,0.22564606265268453,0.41175024776305946,0.2484571766897784,27.68353110408835,0.8680978600457234,9.801603172766029,5.8123973448746735,3.1423684054832237,1,Drowsy
0.13996238817877743,0.14085350579044603,0.06974822658011993,0.29913242642478277,0.2336253485619024,0.47807573308533463,0.6411572390839707,12.612642812249875,2.156881769531033,13.787611801708206,7.470239263900994,8.03489912652093,1,Fatigued
0.27688057437642777,0.2634985496584072,0.27468925148723233,0.5548856588079477,0.41696297738478594,0.6915332080241863,0.09465582538648039,20.920489506299827,0.5745936210176964,4.924195641251797,4.1560433722193215,3.5636056009050385,3,Yawning
0.3293404367585486,0.3143883599975383,0.27351415037016963,0.13168291886082845,0.20343458475221723,0.2891917576621823,0.004986040190726185,14.544845767125267,0.0,0.714431890218221,2.6532939904979354,1.0081615115647,0,Alert
0.17265448913131365,0.20645597520147976,0.10984754689441746,0.2022222883594937,0.2500151253139353,0.2931736699413003,0.24820979794481107,29.473295139043763,1.137266507248421,11.990234302834452,3.5038467090504994,3.8067045122983005,1,Drowsy
0.13832437724012397,0.17074933339130086,0.1144392857626435,0.3110946544352171,0.20138471917182021,0.417809881535967,0.5635377483332011,13.105931608770096,1.8222626347040936,20.27093553257925,6.070098877735274,5.627154894199444,3,Fatigued
0.26936688205557857,0.29535482396718565,0.27392879243202317,0.678796280913177,0.560787517317645,0.7532370394898581,0.08801775843284065,17.83758144120426,0.734592401828443,9.403159419359671,2.9813873862446942,1.4044270060041444,1,Yawning
0.32276698137647747,0.317885790919223,0.2741056697995331,0.22927704981542746,0.19734289228043472,0.27445623003187664,0.07698093321103193,16.008124897665716,0.0,1.4946450455931402,2.599852042867284,0.3135425383481276,0,Alert
0.14518412187586222,0.1855809885800226,0.09994032383733487,0.17829667385864695,0.20353438421103243,0.29567536922272575,0.39212183507590226,38.387896824173566,0.8070813161999051,6.383796418773154,2.954961186333358,3.490430095157783,0,Drowsy
0.17935320866555182,0.16450074651984725,0.0821261432442665,0.2001863485602832,0.2706615071498384,0.26219505617779004,0.8092560491459043,14.106037017747186,2.5259459384724,17.1390412223004,8.48679659588662,5.005899169015892,1,Fatigued
0.23995305867196687,0.35166932797744876,0.16659775099309276,0.8069334704964792,0.5480805342078161,0.6638448597867892,0.15438317413646374,14.62472799419921,0.7484954850629257,4.592329526524039,2.636910376336391,1.4647890605341698,1,Yawning
0.35176428478761473,0.311928392606885,0.29772770017299927,0.19859825062320938,0.16229635134460613,0.27776184555774575,0.07439862541292612,13.943981573265344,0.0,2.4705392034862603,2.728533336494032,0.6503841909952663,0,Alert
0.21438697171891288,0.22571350767502976,0.1328287176985453,0.2355439580170007,0.21084217016945303,0.38967157644455774,0.2533669900558882,21.58805910205359,0.7116380111191505,7.114591373812168,3.3797443058419123,1.6465461950585285,0,Drowsy
0.17651908714766362,0.12206541106473609,0.07317986672411493,0.23179733836219651,0.25858250910660374,0.40929938693638174,0.5758089644390579,8.910688791514199,2.1964629321176643,17.826681897689603,11.796477345740074,6.367868163588005,1,Fatigued
0.27649122392574,0.2515169954028215,0.23398087947976498,0.610661386347175,0.5592308596129986,0.7082342476401312,0.12016956481043595,21.995822714117175,0.6906434291483148,5.553747295522614,3.1023443707972023,1.3522121870907997,3,Yawning
0.29929346050783995,0.3125034185630366,0.27925022103942315,0.23185874211849533,0.18963558982105688,0.26611008627285776,0.016302764363270147,19.559544544807643,0.0,1.1800076398279729,2.4898395951358863,0.9026810166205037,0,Alert
0.20920655956874498,0.24055200760399587,0.1595025991133058,0.20960206791717914,0.2159387316539993,0.41139360585868784,0.3912285429125808,32.31686711737986,0.6864929732034161,7.390173974236174,3.909540665798724,3.998554394246359,0,Drowsy
0.1142964271049663,0.1758629615004254,0.08527732041805891,0.2202660145669748,0.2511354278128353,0.41673960946341576,0.6144947233738582,5.152224714914908,3.25200620325486,17.352374472030384,13.460362842361034,8.69229269139717,3,Fatigued
0.3479675215155634,0.29590069543814124,0.13073772040131768,0.7293450462990877,0.6309272573704099,0.584884925631751,0.13316681005360592,23.54796697985642,0.3859994998925969,8.764698631868729,4.360705191292016,3.4729970132057453,2,Yawning
0.3265413908515895,0.31761552197138926,0.25779551574572795,0.19901556744113832,0.20992347698291164,0.27218480784288285,0.055003380844183276,18.846624597243284,0.0,1.3132215356635535,2.253182461687488,1.0401667890322528,0,Alert
0.15920687628234734,0.18674556666188633,0.117593912772898,0.2104262594607519,0.18001153825470895,0.35186408011760784,0.44099382691525424,27.883123602678914,0.7668467858325216,9.171376432924472,6.5712268037224355,1.6933459145443353,0,Drowsy
0.1403607058220352,0.15020008891495756,0.09562686878738895,0.19347146461216683,0.3173226090284316,0.3005288867919756,0.6319548914767102,9.704649826176023,3.950231784648188,11.319881567272162,13.273785362033843,7.029184241367568,2,Fatigued
0.24879232130246817,0.24368421158253323,0.22828997909316037,0.7214269954388046,0.5999306434431048,0.7377358239382998,0.15028131154188856,15.506109948193888,0.31203765213107587,6.055041090463231,3.679983494117114,1.1232633489022756,4,Yawning
0.26855352823361683,0.27776565868762293,0.3012165312780532,0.1788390139744489,0.19442789709744504,0.23548943686715784,0.022560205554096147,19.17419873243358,0.0,0.7667251763731784,2.7936630638870095,1.3639253339270845,0,Alert
0.2070381452318774,0.21800436781677346,0.13553962733385708,0.18221882169202797,0.24704206270484153,0.23181380617565034,0.43381791627326655,38.41232168451291,1.004438180673088,9.3960302301299,4.795890692228908,2.8162004012515722,0,Drowsy
0.07129006793789874,0.1467145083222482,0.07657129477043839,0.2569673505693261,0.20108018024920185,0.30351637197754594,0.6083152140882253,8.640110553484528,3.2022181500010753,20.61676866710285,15.574445913598852,4.38280721972091,3,Fatigued
0.16911433377717572,0.22233031192566677,0.17579745237112118,0.6350721058898505,0.47804305468215214,0.8099666057098904,0.23775432220287795,12.141790939131333,0.0046026098586410494,6.534137610049196,2.952249839653888,1.4900920657027314,2,Yawning
0.29182382791749306,0.2956075489762806,0.25271351237958795,0.1826309906885771,0.22592082223938684,0.25654114628474783,0.0732611091344894,14.875367310747404,0.0,0.820522379970777,1.0595248127388266,1.1570677699117933,0,Alert
0.2012228348520476,0.21030958721148763,0.1679038974783531,0.2205352763914735,0.17536451865305602,0.4262438622740092,0.39975518284789846,36.67046884361995,0.6259988401382816,4.860216350274063,4.598108709915923,1.6435596184351857,1,Drowsy
0.10853987292716,0.15504462959838597,0.11097835906836406,0.3143079618509266,0.16199688293902476,0.3497985427976011,0.7626970926458565,10.16301820876258,1.548538899691414,12.801976915567467,5.6914094390729435,9.301083260133588,1,Fatigued
0.3289296206602354,0.21346205048022554,0.23427287405774827,0.8021653352979752,0.6098761566221745,0.6993304487274757,0.07203072791592538,19.396945851147727,0.21865377841128053,7.310336573711128,1.8719739243374791,3.316598965628015,2,Yawning
0.2544369023642643,0.28436933105052964,0.26837284634860614,0.22172700759064196,0.15246736615468678,0.3050575900181576,0.0750390822177645,17.839782697229758,0.0,2.926191616104456,1.950292582605077,1.2675505858726983,0,Alert
0.18366796941263264,0.230956981137795,0.17691453069075058,0.16646677492718145,0.26598351654304314,0.3382355886604243,0.4598533764935157,32.060891385990956,1.0527236691051653,6.498284607114042,3.3715223522289013,2.2920030685985204,0,Drowsy
0.10991883725064241,0.15238672758052296,0.058180310095270846,0.23563612808333392,0.27911807129065297,0.41979274142989514,0.9471632768208453,11.288098017941078,3.5003448559598542,12.560893465110153,9.420313758847737,9.41916976664486,3,Fatigued
0.28801477878590737,0.258076224906461,0.18105163447461556,0.8041676006137644,0.592376988588625,0.782351961674253,0.24513042627825432,24.38056955146772,0.2602622614113132,5.951855996027272,1.438146419909485,1.742632861054138,1,Yawning
0.2839658796616616,0.3270959583008152,0.24036020840314018,0.18857772473974907,0.1697035848086376,0.25632565579949934,0.049747166919521545,14.28226183765548,0.0,1.2375181531096424,2.3928329792959304,0.49977926530523803,0,Alert
0.16111301891206287,0.2173757258591481,0.16524619658871978,0.27778754871050665,0.20524408627473503,0.29936725395972863,0.25716837208572096,22.060281582761014,0.8496655211488582,8.747451256404435,7.0609385335640615,2.253214529331288,0,Drowsy
0.1757677345836705,0.18036052583140932,0.06294710180728696,0.3004329054188217,0.26026462639692405,0.36464045777897114,0.5543581892101372,13.701130411088654,2.046545828147148,15.75069565290638,16.080521412384293,8.767384892196404,1,Fatigued
0.20848868609229504,0.29721537920512675,0.18665967942584977,0.788857886056421,0.6278806504051283,0.5641883048885622,0.21159234615275213,24.491389756559137,0.6983102799682526,6.675372454610966,3.182784302132461,1.8426608098289887,4,Yawning
0.3158881701532259,0.3362509838868045,0.2668826740965613,0.22494398108208055,0.24751152636918622,0.29315067405764234,0.0030679240740325844,10.325003857938492,0.0,0.7083733173021302,1.5939133128678566,0.506085189315026,0,Alert
0.2008763304713222,0.21668986416690686,0.10253940829528514,0.25667717815487356,0.18538101427330395,0.2575098046362429,0.40962071154509017,29.47412415378617,0.8141469220240596,8.736023857274763,6.612869937429302,1.2711092455374344,0,Drowsy
0.07935666334469837,0.14109473953828977,0.11571935973142557,0.20196441729835704,0.2823736120882485,0.39177856092120134,0.7705866738849461,6.8164101406746544,2.576892120902471,20.888983880528244,13.914530320182497,3.7690583447355905,2,Fatigued
0.2890369444659361,0.3147782984239211,0.2363555614547715,0.6222847400135836,0.5721349077297517,0.755048569719362,0.21556063665965047,24.980826468864706,0.4706599955699571,4.431807702814545,3.0147481427789353,3.133333402151724,2,Yawning
0.3295218498026427,0.3462127457842872,0.27973801331100234,0.1890561118924407,0.1444098553320353,0.2651471555443595,0.05034680918816459,18.305379959035708,0.0,1.4961756121471386,0.5703582026147864,0.3223709503077238,0,Alert
0.1627828372655114,0.21721848992778658,0.11732323287340854,0.18384063320385274,0.2194396229703995,0.42956831479058016,0.4391987257216807,21.22484213102987,1.1111186370013049,11.971188255195782,2.094439833492698,3.9029201966197995,1,Drowsy
0.19381892241248705,0.11309152230390929,0.06489932008179003,0.3348302034286964,0.23821605312019106,0.30764089007006534,0.7567042537187199,13.546832080928684,3.3308726741197447,9.348142070807569,7.7191148846194455,5.183213789504634,1,Fatigued
0.23569738356911704,0.25016423232982443,0.22864184552450734,0.5762721458072513,0.5578520514997171,0.6888043939731524,0.21385724725682065,21.9648090958576,0.12093735862586037,9.403122143451636,4.080361525619097,1.015907532798538,4,Yawning
0.2885132497173095,0.3285003493624493,0.21969197186275613,0.25387816876952196,0.13343734236075921,0.2738509335721075,0.02234648148242725,18.097156496697025,0.0,2.446354537715294,2.684892806868362,0.40192895751364444,0,Alert
0.18338195948473274,0.22458739590259502,0.16662868890141191,0.21357340606501113,0.1784686556735893,0.3096043844966943,0.24796059657113534,29.459675333042675,1.0101379391812433,11.97764115179441,6.724451770585411,3.6310358768285607,1,Drowsy
0.16986300123633982,0.14185055253615386,0.07789641166415154,0.21317764805181422,0.20670507718025594,0.32470635568093187,0.7015216461278289,11.72800278184479,2.4041947125813157,17.86011178099021,12.706553347211019,7.1097778894062325,2,Fatigued
0.21312316269132542,0.25456565707747014,0.16816180879190173,0.6223918387376891,0.6033738205034295,0.7585531370215951,0.2325453252176795,12.711929107835731,0.06391952076151482,4.715833400206405,2.0202378098778997,1.2846675257177533,4,Yawning
0.28980261467456037,0.3304946282359651,0.25010759015540535,0.20381446155597518,0.20740291021567753,0.3523273476158416,0.057998419679906814,19.474771757811567,0.0,0.7231071654470842,1.9452303019830628,1.0449272440461084,0,Alert
0.15969666176396,0.21141444486801442,0.08614420916084736,0.18385669454501635,0.2158957731556042,0.2847451971657216,0.2468145793195397,25.086694270120567,1.1135094185418808,11.748205052089752,7.691354002794562,1.5800670575301727,0,Drowsy
0.161612059529468,0.16654929602499025,0.10705604299361023,0.27794195281799144,0.2316063155996379,0.35095445718943347,0.5544217594788039,10.446390556178581,2.5881805971598535,15.671165907212625,10.205261583730481,9.42408066363865,2,Fatigued
0.2314463185099403,0.3017412070470883,0.21591036576849884,0.6948257327118251,0.45393295673885925,0.7294651248059296,0.23355157241604946,18.13943153204829,0.32627144534008806,5.473531000786467,2.6920678097552524,3.020973562547075,4,Yawning
0.3130615347193855,0.31499417612814845,0.2480290936632793,0.26348529805817533,0.22695002739831982,0.26181884110437037,0.07243145863432042,15.422589923811184,0.0,0.522657745466611,2.481327647266176,0.5705894926139792,0,Alert
0.25939845104871795,0.21372323911163468,0.14253023096594636,0.25397825020417325,0.1640248073438969,0.32142344702192055,0.2915581503319858,35.93084132059292,0.7592233964687496,5.308209668864963,2.5671725840029733,2.4187603505853383,0,Drowsy
0.12587425328946136,0.16909762051647423,0.07169102319468953,0.24433483002315984,0.3409348247065419,0.2779164836704066,0.5567110857062181,12.894891768236402,2.2385574606915135,15.692280274333093,11.963193708962718,9.945380071899034,1,Fatigued
0.2416417066482288,0.2888589300533647,0.2335387220836629,0.7371439507280616,0.45265956155029063,0.6352909077907889,0.18155925300514986,13.214299862882807,0.5884993201740072,3.3002073188758763,1.762361204483304,2.9924312717241017,1,Yawning
0.3089293611343136,0.28089524092221696,0.25340288395253363,0.1914208700342432,0.20554329836558807,0.33594160636618364,0.012548292189485775,15.657158183586041,0.0,0.6709062496822746,1.9510746590468961,0.642396265477376,0,Alert
0.23289023042323817,0.19895833305173286,0.22404231134657535,0.25042862533502297,0.2122534283979161,0.2954524642386959,0.27882921137427624,23.724432189222306,0.652510501760523,4.296868092306373,5.909298697720871,3.965461435101523,0,Drowsy
0.16700652092107204,0.1557060801097663,0.07639528589967018,0.1878743731434206,0.3037611389226906,0.40945769674355914,0.8283145225693708,12.289654270978811,3.1285745304900416,9.60187751199475,14.038973808829853,8.073478597420713,2,Fatigued
0.28638637428313884,0.27454699437365077,0.17604246780010405,0.6440350296730349,0.4886728748991264,0.7474401833003285,0.14707765985539425,13.422763252342493,0.7065484629605302,7.95705073231375,1.9645480708400158,3.66007207995036,1,Yawning
0.2865007372982481,0.3257051071914309,0.23701390845219678,0.24125663625736032,0.20965505570068313,0.24874569217532216,0.074048755868555,21.630951210533084,0.0,1.0898077183190313,2.5231330691266374,0.6596192599341724,0,Alert
0.20416474271424018,0.2138675042113573,0.13527458036629747,0.19109148526456862,0.25380030038290385,0.2878642338944868,0.32308571319594775,33.69176795306167,0.8819482044723523,11.805109752781071,7.626709740809689,2.283098544216156,1,Drowsy
0.08292216734686171,0.16385842794954084,0.06531729728588559,0.2501188538781951,0.24380352553328552,0.28929682232024634,0.7546123777904056,7.7150992673788865,3.567827129051356,11.17980180274834,9.688594614381419,6.888581942506815,1,Fatigued
0.1876231789275316,0.22639735914785467,0.12971464126527749,0.7409948373759336,0.48989037893372994,0.8167097593143737,0.21463919938804243,15.540594370734995,0.7941609298324098,5.2152373202934985,4.515304554620791,2.1920678623181717,2,Yawning
0.32068067510758835,0.3291881999371419,0.24706688732811416,0.15506113123918336,0.18956829315407092,0.3225673581171448,0.042863925245251615,17.78730323142799,0.0,1.369524123964792,1.2349465768951706,0.8178313733904372,0,Alert
0.1790340145867402,0.19153199054949838,0.13502114805581228,0.2051699606476941,0.22536795186814482,0.3165266974193713,0.376918647639764,35.74764850831611,0.43630180222425796,4.852293548866975,6.887221765175553,2.8706486482529074,1,Drowsy
0.15161781678629063,0.12816819177489522,0.08323528240481223,0.20051591818744108,0.25253257219060554,0.33981094797475847,0.6659003555115814,8.984406948623066,3.6016977778864523,15.450667903295503,8.09935927333394,6.83281024626008,2,Fatigued
0.2339381369209514,0.29339623585292385,0.1944736150854411,0.630599376407749,0.5382131505372574,0.7634618385055354,0.18436839436089353,12.04700620303038,0.08778995776995996,5.455952420379408,1.334409124097656,3.5377050023113386,1,Yawning
0.2972893629122514,0.3157862774831106,0.27066036589316067,0.14943630435082536,0.20419205027895262,0.17210084387668062,0.07612339480818141,15.042825558303687,0.0,2.7042049895356723,2.151861796651433,0.358105296327623,0,Alert
0.20417018860859562,0.24363639063501566,0.11788794390033809,0.18148795141098856,0.28303723334409325,0.3792263019980289,0.490452921208844,37.09440272821186,0.564671429596221,10.191936564537164,2.0497508489098735,1.389425383495432,0,Drowsy
0.11867131535208086,0.13730321751422153,0.06881301040391366,0.17511872314095872,0.2713909612210763,0.4080449810716814,0.8150095641534816,5.062855458685912,1.8553582834509736,11.796058334735136,8.535425998505044,4.0249857915423,2,Fatigued
0.25034767222220794,0.2540449247372519,0.1514462322330985,0.5637130941383817,0.618842834134838,0.7002232984139839,0.19952093357687567,12.059803937604473,0.23710521879577523,7.365645534497279,1.4810624879551981,1.2135948834565973,1,Yawning
0.36167882982113647,0.24978954967372966,0.2737876508595125,0.19362565700974144,0.17450614990931168,0.31204514335647815,0.04684457498558948,18.26426981117401,0.0,0.8503910542553257,1.396064355950372,1.3772127660850908,0,Alert
0.15703167542803956,0.21679927581513825,0.14153402499868653,0.17767005493888316,0.1604909772194088,0.34856258493233094,0.38912480852573555,21.373693724387774,0.5161117546129125,8.370190568090074,2.3708941630667235,3.642726294973302,0,Drowsy
0.12069873927226143,0.16636240499216787,0.09449994233873234,0.2596717358128273,0.2643167973258656,0.36200168697007884,0.8869915180227597,5.090318069406504,3.173574161075337,13.178789708142974,10.908500152365331,3.6582152369395873,3,Fatigued
0.2273526331249554,0.27456401156592347,0.15562769870008022,0.5375294687935759,0.5530256058483666,0.8509822312537338,0.19621327465969157,12.247096200333727,0.3715941357026525,9.30922365614509,1.8972556372231404,1.0945665559213387,1,Yawning
0.30493589633105644,0.3753444035250363,0.23960672250096496,0.1811824994563759,0.15193522225822229,0.29016754315949606,0.007688805255894718,20.42253000989875,0.0,0.7401317989738858,0.5329500943736283,0.8102168505402303,0,Alert
0.19058862006641591,0.24417217632544608,0.14377199092364307,0.20812760782864329,0.2615290301636085,0.3742696748699226,0.2633607474047148,35.913968182903986,0.7833345693985068,8.290822484723522,5.274980057925495,1.8604193112136032,1,Drowsy
0.1149431765500699,0.13910753221323405,0.07456000055383728,0.20889675825275225,0.2728862573062865,0.36603263930870333,0.8858421803962065,7.526742119575768,1.8352078554951174,11.282228654544433,17.622826474746887,6.846321357798436,3,Fatigued
0.2977852707645926,0.3009817567200744,0.18514264165480343,0.6940839749801824,0.4875554785363091,0.7457054668997426,0.1806291976188944,19.819067901991914,0.039066346903782904,5.237324758093293,2.580134529107011,1.7441808085388932,4,Yawning
0.35710886539964926,0.26080665705856687,0.29468296048368875,0.1757138813479049,0.20074590898259734,0.3274708761594136,0.03846939669089806,14.083437605180762,0.0,0.9427417357352095,2.848119307187772,0.6109036342833565,0,Alert
0.2191828412657765,0.22785681108638592,0.1644756053023555,0.23011708816852502,0.23247767977172773,0.26546231420888766,0.4316826838743838,25.43282261488348,0.992603041033572,10.227814632929896,6.987127736098669,1.9386487377877986,0,Drowsy
0.12641857894341285,0.1657019806270193,0.07306482025484269,0.3304462918709048,0.24914624385108272,0.22708588530897042,0.7209244167149946,14.805406486806937,2.7404160130410022,21.78892325927952,13.66865308784603,6.357390660521958,3,Fatigued
0.32718007370196767,0.2609851030312458,0.18040132190109853,0.6212435607356137,0.5184215658595056,0.6382228603260327,0.09499973540351424,16.58378282108179,0.5828340789295553,7.277064739179324,1.3247268215667716,2.913236998737153,3,Yawning
0.31763026380813797,0.2871754464487414,0.2503482798481645,0.22011904196872084,0.20613376668852215,0.2650650944282181,0.0006530169165772826,18.809945224436575,0.0,0.8277930896672032,1.0707126552985087,0.35609088415443846,0,Alert
0.22271980046317114,0.19716545968114746,0.15684700204619675,0.21079587945538644,0.2047616641623568,0.29477655401742586,0.3696007049129222,21.01200169809356,1.0408023181084742,7.516922005344431,6.195178840117127,1.523896610488058,1,Drowsy
0.12981124614849807,0.12265989443210235,0.10366522638847842,0.2147017954510601,0.22190152754259979,0.23323106834512808,0.8385142194391303,9.333512069306394,3.4830388400329726,19.248634056023302,10.336878481307307,6.527873479804539,3,Fatigued
0.2958255656465225,0.26889779083302257,0.1691283596399026,0.672063960066443,0.5294643841056148,0.7918915656028702,0.05445002509904504,13.7654923723995,0.5272917935198093,9.844680423967365,1.4458485583340672,2.385844144374286,2,Yawning
0.34037417024431665,0.30799324792431665,0.2705511706109371,0.12909707317470792,0.21769272897602343,0.33988894764685507,0.07632542759841096,17.22732976599724,0.0,2.7546554461752795,1.1126409731343574,0.9289786046132673,0,Alert
0.20788884199402582,0.21046532793847314,0.12751577725970112,0.2062991971546415,0.1799844724465835,0.34695433729400904,0.39174660369508696,39.44978177039101,1.157204796317966,5.848824197151984,3.025378089272894,2.6822178614876373,1,Drowsy
0.14947763499313782,0.1490537221600137,0.10118685086721499,0.22813014366171783,0.2584226351440617,0.2550954072299274,0.8875408232807895,14.206884411696954,2.714558417878252,18.874697736472292,5.038741700170302,4.772563152593728,2,Fatigued
0.3012058984719217,0.22170516459721423,0.2288750329962258,0.5956533532775713,0.5367458794686222,0.8637625297622756,0.2251442596138335,23.11261533939853,0.702446362233467,7.627259228597845,2.2191559986943195,2.443753847114716,2,Yawning
0.34322497720354467,0.3361129112368009,0.2244547240262071,0.21904043200262505,0.16079535976516557,0.3503308863150112,0.011633292007409191,18.275167483932798,0.0,0.8239554198248068,0.9766714525529331,1.2630091054018877,0,Alert
0.2356902559455507,0.23908400024551646,0.08564516172633209,0.16284488181884627,0.2529172045467849,0.3634914492700017,0.35306396070929313,39.38538488697053,1.1645596471350976,7.299435920102069,6.923733525698921,2.6298035247952463,0,Drowsy
0.04745260828035794,0.1669819172221473,0.11306623138277874,0.26493633881408934,0.26612305041348505,0.422292319531903,0.6295762460185571,8.971230256051191,1.6780600718393042,15.678453377277915,17.614412365423064,7.492114953137075,1,Fatigued
0.1907470168449474,0.25503063770832346,0.21147455371277402,0.7860210882501911,0.5534573657895758,0.7302757113939208,0.05436637527048463,24.917191845029844,0.1467070667949905,7.974951533084941,1.6202388856496537,2.6202802632931435,1,Yawning
0.3459812375524122,0.3019369227520414,0.28306301752896024,0.14633436093830632,0.21799626261800084,0.27566913125230624,0.07748576120393587,21.22140092198989,0.0,1.5295475057752015,2.4742691849221172,1.0504331667442781,0,Alert
0.20438249777347847,0.1836507821162599,0.15328945188520554,0.23108554579062507,0.12891465679121794,0.23640381133022015,0.46962111856937666,20.038746182737338,0.9909708301015421,8.949132132370123,7.529428839059397,2.370752050995214,1,Drowsy
0.11757984294584786,0.13150615538952937,0.11435160410088636,0.2719681421743315,0.35388038355830564,0.32194342799496634,0.7162566266591321,5.719819370564288,2.557008681122046,21.44066476951231,15.463511473889872,9.246639802153098,1,Fatigued
0.2296904033702177,0.23701966761641013,0.2417676700974925,0.7509881227016937,0.5360637958756744,0.8325974626506751,0.11539534430837672,19.759046723949048,0.6541090686668031,6.32740431615587,3.950770427326558,1.0574801185181273,4,Yawning
0.31404883170746284,0.31262633666320105,0.2724920103644811,0.305641231146499,0.23687932075723922,0.26550839584088193,0.014565408982241968,10.674698989890318,0.0,2.8697345567116876,0.5094454630086926,1.4698781184386074,0,Alert
0.173105916867494,0.2339252197661375,0.16739841854120854,0.24273408594170573,0.24379677153430296,0.28271897664139134,0.44131088750247205,24.98709260250691,0.43354108350238685,5.632978276464781,3.2038784533363667,1.1957213625264496,1,Drowsy
0.11802212729629423,0.15324383132921754,0.041968637693019374,0.12767983451174458,0.2338722207402421,0.37272888885385125,0.9088094588131161,14.742547445762636,2.1042354941260757,16.73866043661323,11.946629987703359,9.063176782544447,2,Fatigued
0.3291618902477052,0.31715903956162855,0.19257281631262865,0.709811091101056,0.5224464333678861,0.6134808697856002,0.12138298029430304,21.572496214961248,0.5134016617052397,8.312447265343863,4.280167164794756,3.768943398202443,3,Yawning
0.30579455233618086,0.2993164296093141,0.2779545262361824,0.17756645050998246,0.20132403346594624,0.2534992527148259,0.042935334284480965,17.544998238333548,0.0,2.5250130084748457,2.40480845430787,1.189310566832087,0,Alert
0.24964063799653854,0.20014976218869537,0.11727125251340662,0.21939226911297383,0.2378657081738632,0.3072578872635838,0.42739521155152443,28.01602461724046,0.6652044787402028,11.801141595088808,6.275761778667865,2.1364298643136004,1,Drowsy
0.205499396673816,0.13631404041192266,0.043688414204209707,0.20123162077067125,0.2091469543377055,0.3042813660976011,0.9484611616802584,5.046005457258844,3.0990955232587396,22.784671878034498,13.739557502321578,5.539136727518609,3,Fatigued
0.21723543099617842,0.3357022325829357,0.16026708777546117,0.724190662619955,0.5092816386341095,0.7375005673863135,0.16962028339800272,24.514862081658595,0.0367252121259086,7.617410171510965,4.100391854550638,1.6393252725328866,1,Yawning
0.29476236020640806,0.2818687151344053,0.25339642850459626,0.2416802797744107,0.19256955625710498,0.30605908986830044,0.053432121018788754,21.59979996018535,0.0,1.4756971599713806,2.1997124127623344,0.5847009543814232,0,Alert
0.21532036649498118,0.1778142582662513,0.138867746113742,0.23543826945034532,0.20229829979415828,0.2460067547245593,0.3929907435482549,30.360917688227833,0.4767668238905395,11.949584241017266,6.51592400726768,2.313082114674135,1,Drowsy
0.14339999746570545,0.11812653749821797,0.1381563166881618,0.27605327492145554,0.19593581782445751,0.33392508684846706,0.6713298561122394,7.469849177110318,3.503049228370855,17.27887916638931,8.850517192799447,6.423650320254523,2,Fatigued
0.28243232260643963,0.20772645704860215,0.15853330735389828,0.6036100615159551,0.5877652748250058,0.7494951709068216,0.17500264982320918,21.3236712386277,0.3449895931124857,3.139525169838037,3.5845214734688216,2.895772844284372,4,Yawning
0.361512479684295,0.3062893587843061,0.23939469069973046,0.17647937251723653,0.21120140704766927,0.2697150156082705,0.0163776325133895,20.550888010198122,0.0,1.6177474887194885,2.8360010808713163,0.7305197771961083,0,Alert
0.2059006258570975,0.18413998013646718,0.1935590229825156,0.2662273143264276,0.20299663378558253,0.31444373734705305,0.38801597688485356,38.66060308533943,1.1660469028045841,8.775082942888117,2.1193221077265907,1.318115442546437,1,Drowsy
0.08226026179834384,0.155227581320696,0.07281687624677374,0.22454659888818185,0.22407291510837124,0.3476479284381348,0.7280181133259461,14.884046921559463,3.1752669893056664,20.916364060406877,6.547070079337413,6.311706030430635,1,Fatigued
0.2991999385305123,0.25338434531438025,0.21818620633426883,0.6968312312052203,0.508803230896922,0.8797968925282087,0.05217850689806516,22.307919658020765,0.32677197332432445,7.694438663844018,1.420265924993675,3.6729059076929653,3,Yawning
0.34031112550570997,0.31681741582692563,0.22855448440550843,0.20395548863420734,0.24536704731996795,0.2785223525413001,0.055574593394824366,21.855428418478777,0.0,1.7757814585300995,1.5679369741825235,0.5727615962710835,0,Alert
0.23232961888716158,0.208662513919103,0.10625365083826262,0.19263165700703633,0.19923152591842846,0.31805385229099536,0.41554226443277753,27.43858911065708,0.5594917853977306,8.358828462688308,7.842555843458083,3.085393147055255,0,Drowsy
0.21530349443269675,0.1610868659338919,0.05695560992154154,0.23539393669577216,0.2786858076697943,0.42514852225891586,0.935146227912579,9.415163246877484,2.1694899329118984,9.019898107019456,14.530579826043502,7.320943824612956,1,Fatigued
0.3775275226862308,0.2500014216751583,0.17297153879365232,0.7355277397449406,0.5142898600554893,0.7266874910920885,0.17889047283294796,14.349623985009881,0.2059239107834926,9.21679558626264,2.307022701328061,2.6999401550625013,4,Yawning
0.2697900038239857,0.30379099987081915,0.2646265218868642,0.24201681588368107,0.265975193829875,0.2068579770692182,0.03008873033421354,11.53134285990334,0.0,2.41469953945945,2.819778975241039,1.435087910055824,0,Alert
0.17276857174437538,0.24456839332469374,0.2037168414321535,0.20828759082473797,0.2068529335589177,0.3764373077972337,0.47503436743433336,26.485443098612258,0.8246878202617633,11.69089440028491,7.629193492553661,3.087235268583248,0,Drowsy
0.13044448029791517,0.1687098879175689,0.07622816297787367,0.23605366621127222,0.22502398208004373,0.34026508760249025,0.6444110420771301,7.6566975585644155,3.9859224409169847,12.004293453982296,8.109423836201543,7.8075227785086945,2,Fatigued
0.23748891239892397,0.2620317827013534,0.17067182221629582,0.6234976860498946,0.5570779634938865,0.7281106430281136,0.16134393697520477,17.430978082961644,0.46029472558163614,8.146735341780474,1.4138854908271172,2.6598592479428276,1,Yawning
0.32901095546087533,0.3001426435465619,0.2413849129950024,0.2310612242895115,0.1639062622475364,0.2733149255904319,0.042657680184650514,11.977310641925419,0.0,1.5737291967446094,1.521781306848797,1.1359215376516982,0,Alert
0.21477450454233868,0.2005865371003564,0.12153838070712461,0.14358983274875797,0.23794523808971701,0.3849590626314592,0.2924076055405812,27.72405849091762,0.6446294511916881,8.758161338217256,3.9957471992410385,3.1770930843494227,0,Drowsy
0.11963187019990744,0.12918655054260195,0.08087251876692772,0.20176443826011092,0.30078696233687074,0.3876239504642471,0.6857845954731812,10.905314996031809,3.33536834915118,20.95459753147041,8.921344003850482,3.4739275112468753,3,Fatigued
0.2369075100250739,0.3105254076120209,0.19036324875250527,0.6576387968725437,0.5814434411467677,0.8628212672774607,0.15028063323271418,20.099098613118926,0.10999964332593928,5.2332957003711,2.4962540695402886,1.9434933081393664,3,Yawning
0.29169550763259566,0.3089477625328725,0.2739686556412595,0.1338385799895719,0.23328114708377856,0.23443271502945004,0.06575890621485769,15.045270151354442,0.0,2.750344878232509,0.6995973283760005,1.2921471134605846,0,Alert
0.18457777666098404,0.2289781074079344,0.10823649677224378,0.17626238297125768,0.23344416182220123,0.3410381598845857,0.2989167376483003,31.851806948889237,0.5111465835523636,7.750229906248177,7.992757105133229,1.4765174431187407,0,Drowsy
0.11365036714690299,0.1544442885726688,0.04960050869453439,0.26345297571480836,0.2808157739686315,0.3842018056252644,0.8728054542663535,8.698613582407344,2.9181741846938607,21.492818125235466,5.790533399246203,7.239370353206535,1,Fatigued
0.2504874447140632,0.2576742840259058,0.2403641364691221,0.6504799848598775,0.5334273771279805,0.8629237364393949,0.19491501155047752,19.392445270327066,0.27267348406245445,8.081120404466994,3.733996617865512,2.8572833265808057,1,Yawning
0.3359105820825091,0.287888636009645,0.24080122770903523,0.14076400147469256,0.19549012545601016,0.3510065684062622,0.04451635028766719,20.09615996496938,0.0,1.017220763643421,2.972963821318976,1.3701366193925122,0,Alert
0.21761871188611898,0.20361958677298142,0.17282729881528597,0.2679485407786019,0.2197697518143464,0.3124948600059133,0.2600805818535269,26.481629183380146,1.1830525071970732,4.684015662609413,6.334918822722756,1.5188345256126197,1,Drowsy
0.11986752901894196,0.13403628212206067,0.06535435179139595,0.21233661706566195,0.3260465616570308,0.4583769377829559,0.6408979311552245,12.118972503066855,3.332285747923763,8.356659912176866,10.144850148390116,9.230984488411348,2,Fatigued
0.3309249734627988,0.25250131192217173,0.23858461255810962,0.7433001543738201,0.5196203370737235,0.7999967177227929,0.06327612145587021,16.94344342197317,0.6840783284985219,3.5462006499989758,3.3038151952118007,3.10324884742418,1,Yawning
0.26195679842566394,0.29669611263070905,0.277271787118402,0.17392200884577821,0.19876753282177148,0.28512561692048044,0.003131641088721322,10.438789334909302,0.0,2.3980335380267954,1.8809245540228174,1.2186704546425295,0,Alert
0.21699396452328604,0.2154907237516656,0.1469438474749632,0.23238918012348034,0.16201797572293186,0.3075040757580236,0.352108036233392,30.041432146396474,0.8882204391114701,5.488780542263233,5.933719282669933,2.3698027726174473,1,Drowsy
0.14838117900219386,0.14830452860855767,0.06821321483823342,0.32478243064153606,0.29225542261680104,0.33683226451874676,0.7262163550889751,10.162736227790912,2.22888072979906,22.261552176050074,11.78971124394316,6.8677515687259945,1,Fatigued
0.20929438813412787,0.296676510481436,0.1777835605193464,0.754209511249223,0.5508449715881066,0.7552315856347963,0.21888222978853267,12.94660110451949,0.2786395339089506,8.162409603163049,3.6202360693623308,1.5827293643012732,2,Yawning
0.3132805672632743,0.3008162104048914,0.2768332234330835,0.20914861017218891,0.18547934442358704,0.23333863803939886,0.0687636311027423,15.69155802988138,0.0,0.6493082224298605,0.7769597789888214,1.2574909430519865,0,Alert
0.2166888672109894,0.21721332629859982,0.14956721875361562,0.2013302398912091,0.1840318845830112,0.35473210590743265,0.4921713156666833,31.407096383024623,1.1255023803177082,10.872745073655892,3.99875276313567,2.60787058596044,0,Drowsy
0.12749866331230275,0.13395609089193786,0.09953819866833012,0.25053278450157557,0.21582288928142027,0.31766078069749343,0.8589106502807773,7.550864311192933,1.9799606689016211,14.425817259676997,10.102526159512834,9.118707441115962,1,Fatigued
0.21800989185816372,0.30597492804954096,0.143891875433565,0.655789184971427,0.4903440335551771,0.8809383976750412,0.07656522088844307,13.654451394849646,0.2578565427369404,8.231275200453371,1.1020173445260015,1.7733240795486465,4,Yawning
0.3277573571873377,0.30961693819197317,0.22207996210164221,0.1613165650880184,0.20017355344479962,0.2836044171692435,0.030019312551219885,14.630329760099222,0.0,0.9873987400837763,1.7805576436188473,0.7705115366184077,0,Alert
0.17779291968515115,0.20000379315955186,0.14271980399342524,0.14116796735627168,0.2218617479411619,0.3524123271683704,0.21903479109801138,33.86175517539146,0.44944229606322783,9.910993816370983,6.499776330320161,2.953236927247758,0,Drowsy
0.08313284176744062,0.1378212659030842,0.11645448487589502,0.23652559385817962,0.2302640815648502,0.35049253618437215,0.5813298224432064,12.213284230897013,2.4998783371887465,21.341189131593996,13.443368883376817,7.070610840253152,2,Fatigued
0.238024664642002,0.24781468286117844,0.17280133220271898,0.7202663019076454,0.5441950356801788,0.7157262615999971,0.24588832839425906,13.434448961254104,0.08137475523170323,8.258165575569368,2.248646775974261,3.1518448516771507,3,Yawning
0.3170890997120925,0.31665460982181076,0.2426554878318429,0.21429111655053623,0.220350671297169,0.2722116439905952,0.04935436840556373,17.2409264383123,0.0,2.7828164368925865,1.899584312249094,0.9769102231240729,0,Alert
0.16331641655988272,0.1806505802539483,0.10609016902842501,0.26673445957165937,0.16872225427270768,0.3428779853756789,0.2498375713863336,29.08804917877403,0.5739568099312857,11.187954440652327,3.8216777949621976,2.7922062866179633,0,Drowsy
0.10019699202600654,0.1355112047979345,0.08578902145701317,0.16883316025593065,0.24522975436073,0.38246305904369976,0.671329248095064,11.38569778067454,3.0621057439944686,18.14772730740412,7.072540689547926,7.441967595414959,3,Fatigued
0.30431690190067695,0.26844866101611986,0.21003945474322963,0.5394683012474153,0.5426850544226649,0.6935922011416997,0.07517957728143271,12.623659219003697,0.7732461547421199,8.110661748248928,3.876230884054643,1.2716490684512562,1,Yawning
0.30701757132052593,0.3271381411636866,0.24848433141313983,0.18129129827130233,0.24717135899133924,0.25043585000389856,0.003403478794392072,11.548640638112873,0.0,0.7652836502590985,1.963125382628647,0.5157240456906462,0,Alert
0.2097351296711244,0.18665206039864776,0.11762364480691434,0.2664488909261665,0.19366910459450318,0.3285399451966901,0.480557309137271,26.737923706295454,1.198004554538801,11.828702046798256,6.672940696014869,1.0602012862209,0,Drowsy
0.1337322837477297,0.14632266702183466,0.09207955384568439,0.1984322349132446,0.2886896367012986,0.3372451856005563,0.8734221651217045,14.59662561382447,2.1275946261910277,11.897065767124547,5.4096036787517905,5.872912667985702,3,Fatigued
0.17376437043094495,0.2779855299341242,0.16823741078627494,0.843821503246943,0.5375577275838259,0.6931727810664724,0.248814427609865,12.630654310341734,0.5573335295207413,8.88832093549873,3.594903613901515,2.70924469348987,1,Yawning
0.33951913143250184,0.2917451232370531,0.2493757740263733,0.24477831018861018,0.2131037994823292,0.23994712598391726,0.05615748825947825,16.043294246740334,0.0,0.8623526691000389,2.6112168608065303,1.0388457467864716,0,Alert
0.20381365835206983,0.21967721200401685,0.16794031051045355,0.26262776580814157,0.21457694937973762,0.3222779388733552,0.3067720046256909,22.001566274229607,0.6402072881057421,4.54851845540878,7.52018897990799,2.3539897469678577,1,Drowsy
0.12544126313326506,0.15677549647799216,0.07929904775355973,0.2969754542601915,0.25916107485318485,0.2927753129893385,0.8236481082823515,7.869245137566901,1.5687333290689252,11.397403404454577,10.197108119760529,4.17294037741908,2,Fatigued
0.22757849755549242,0.2885367301968794,0.20535439497734492,0.6746185715304512,0.5558231417746253,0.6822326952505023,0.1544013984028998,21.434201623049958,0.20914830108280205,9.543408555585334,2.6423315265147798,1.8571588217026145,4,Yawning
0.28946621531756506,0.3353747291425955,0.2719308332840895,0.2662445957152143,0.19678385863705555,0.29726434091506393,0.07209731714086322,19.847710567579472,0.0,2.0941607114736422,2.1362861668552933,0.3100449149883339,0,Alert
0.14336413288332955,0.22405006038126715,0.1986398763038747,0.17022255809005218,0.21725856218716172,0.36402406504570567,0.49631886659193236,31.856241307029997,0.5284431541137395,5.520074358650018,6.296666213535506,1.1511933827301453,0,Drowsy
0.13347864251440011,0.16309281454911154,0.07876256044367973,0.310030303066888,0.24580446356525917,0.42484465475830324,0.5518150853643943,13.996990070308282,1.8714152995897815,15.659430942232104,11.19676627503342,3.330653915827997,1,Fatigued
0.18101832863954476,0.2922035196504336,0.25342224713191625,0.6499815078969637,0.5730336819906645,0.6628809910502245,0.15111888033816911,15.965931287231538,0.5820277251923286,6.858318516788036,2.9094461078427813,3.0030079443136,1,Yawning
0.2898027212922542,0.30447290065081395,0.24047016035651422,0.20599602094082767,0.22391194914411544,0.21078897904717936,0.021778555361525117,20.386113263273764,0.0,1.2083504771833762,1.4172128790937224,0.990903851153043,0,Alert
0.20639954371013539,0.2149918619471716,0.162332770720013,0.19866349587038482,0.2216749208026433,0.35668338892895163,0.4249785857577624,31.40359403974457,0.8759963536919779,4.81200663982223,2.0134742508659316,1.1445591234246617,1,Drowsy
0.13520784449334175,0.1410337344991255,0.06438239178190684,0.18526099049905245,0.2638605525908775,0.3105268489587578,0.8094408490549116,11.11835054599181,3.1699315241731902,12.025128443866357,10.780377386229702,7.432776050842924,1,Fatigued
0.28584199651606024,0.29337467540226,0.1331131484900801,0.7883872188866963,0.4614128841251578,0.7175280729903227,0.1045143338836829,14.8642065057132,0.4330015702084353,9.079771799992084,4.094447868792681,3.386531379836317,1,Yawning
0.32446119391658945,0.32448188405012185,0.2505833924699244,0.22165517490540956,0.1886032637393725,0.28463443035368,0.005515248982337608,18.562324392455167,0.0,0.5610502566098283,1.949412522251273,1.292526627977889,0,Alert
0.18575018938527507,0.20749420257383783,0.15086408337647378,0.22720915296658584,0.23791726272255645,0.40266950582303307,0.269008648963718,20.30751248088994,0.9557376867832426,5.848209406754344,7.148976063094145,2.399092356497834,0,Drowsy
0.1639696407934181,0.13015596220962614,0.07165317258995198,0.19378808912179696,0.2471809269546853,0.409836369386874,0.5603488423570524,7.176253125495331,2.5961728382373206,17.988880749545253,11.451592452116124,9.4110623248789,3,Fatigued
0.2886867989845316,0.253069187259479,0.1400856530088213,0.6368711471438682,0.5020660661144122,0.8322783207352088,0.21128007202626597,18.941411495173018,0.6351418201879632,4.931159158019073,3.0321092622152834,2.692071380806546,3,Yawning
0.3468540252710653,0.2957003508373274,0.2573097863412136,0.1565295862079655,0.185055947054495,0.25962281097386564,0.007975202925923037,15.184529836335185,0.0,0.6888373018716736,2.7745283908891523,0.7822704180435407,0,Alert
0.21977045358183322,0.21583591670580893,0.14518193433256146,0.21236550324341627,0.21371959778068642,0.23260679238904908,0.39397479472829966,38.07087185070428,1.1287950407437934,4.73681901713476,4.18733293292635,3.3795256200526502,1,Drowsy
0.12101818470003271,0.1381551124475197,0.06922379282205765,0.29923478989405017,0.22721039142929983,0.281952340251294,0.772124622914823,5.295841836380139,3.0691045036004327,14.716712801251418,5.126436376705527,7.717225792624666,1,Fatigued
0.27189921374508663,0.2882041217526793,0.2378527006625088,0.7276844967236884,0.4919804458087118,0.8039742992666938,0.10511791361456874,19.367650529884756,0.3574004821526156,8.145820318915698,2.5147067658652817,3.5784415655791677,1,Yawning
0.3609133444141939,0.3010304953802217,0.26044379877213375,0.2545322320375311,0.22307205192018367,0.272528847836856,0.018468284234833855,13.083640932629734,0.0,1.4040507850335926,2.648664444926414,1.4204247434769988,0,Alert
0.21389415439925122,0.20287397364535875,0.157240789811228,0.19316342489260915,0.2624773192147803,0.3700532421285382,0.2653449557855623,37.8541262819017,0.9342516582559451,10.91524499473491,7.738886583387362,1.3769229313287892,1,Drowsy
0.09852771475636363,0.15589528583950749,0.08814238600868317,0.3011319625964484,0.24499510633830265,0.3744786526951136,0.6833857713836625,12.53340220747769,2.1780930783903396,18.70734624346787,5.319560979394332,7.400079575809215,1,Fatigued
0.21835260859302824,0.28982544401635296,0.19830599375870125,0.7216133670983478,0.5431661884767275,0.8425322567639831,0.1821635166919679,12.313830102590337,0.19989195417549344,6.053884960298125,3.5225241886166527,1.5145635641595354,2,Yawning
0.3622835845413759,0.30597968582283547,0.2885300828468412,0.2310718112733044,0.19143609959326152,0.33647032540571475,0.04161329472194339,21.83706533897069,0.0,2.9201284895521638,1.5370428118971478,1.0907333814684437,0,Alert
0.17888018562882194,0.20057794873973653,0.12929706061428023,0.280016309207812,0.23631499500229092,0.2860747913112287,0.47455110793820704,38.66547000915474,0.8770669667700957,7.837129031798988,2.8511995169708335,3.3783694127683095,0,Drowsy
0.15284748556382133,0.15845247435134346,0.06880148324973516,0.18199030655422702,0.21291658306193348,0.2590005242769647,0.7264022403724655,11.188063073304235,3.748756900328866,13.615916202421761,16.04979896148971,3.6543524464863886,1,Fatigued
0.2535288802261558,0.2515787363084329,0.18026267744038085,0.5022543435440127,0.560537437158945,0.751720588942808,0.20124678843720345,12.466579935350234,0.5701698625652102,8.76962223888231,4.582522955537545,2.272018308707204,3,Yawning
0.328602795927606,0.2937328012710222,0.29368892678821673,0.2005185576588704,0.16738797461195248,0.2793590003834553,0.045592755735139136,15.90560790876808,0.0,1.7948043341036044,2.6972561341146757,1.3632881607181269,0,Alert
0.1406982776995832,0.168505283557549,0.22219046406264548,0.30495961761271406,0.22432035120008278,0.3417071012004659,0.2832370984663832,30.6307359390798,0.9017788663263863,9.118173768111717,5.511525357429096,1.5332084638646122,0,Drowsy
0.1567902845733497,0.1506339073416486,0.09342364630167627,0.16945369972723848,0.2736984021645713,0.35039016470656176,0.7173918311429325,13.548238132665675,2.90976012651466,20.045230181628455,16.52961021055423,9.978344902933566,3,Fatigued
0.2891018949516248,0.2655308500570692,0.1685268947705985,0.6621194351762792,0.5488314120819193,0.5956414189899134,0.08703033746866662,18.065302166862406,0.66907455662867,9.108325791376291,1.1970429388429285,1.4827100741577204,3,Yawning
0.32341914229945606,0.31120501971127285,0.28507716639028824,0.1678535550464749,0.19607300256138022,0.28638170920419326,0.07940217442096031,19.712639980468364,0.0,0.843910645281349,1.2772117512870942,1.0124610498645468,0,Alert
0.19503572138652686,0.21417444615020922,0.11233210296898054,0.25718867429125614,0.23798502357949444,0.3699060670347236,0.3568727104005822,32.997319248180006,1.1011561964270538,7.09140687877187,6.615501080936172,1.4767163046264895,0,Drowsy
0.18783847540726248,0.15000143734117727,0.09900483303434193,0.2227148047186462,0.23767939622424278,0.32279812074374936,0.7543967399919671,11.070322382630962,2.190179780914658,15.267159506759201,11.298990752782736,7.808369850782492,3,Fatigued
0.2609676598214605,0.2808172245696445,0.1896452337857001,0.568872583667951,0.5478574019485367,0.7605926030914227,0.2414032866269667,22.361277519766116,0.35368506223439794,6.793097223703085,3.429756309129182,2.997298254190917,1,Yawning
0.2622662208394518,0.3237216087719994,0.2665079632198067,0.17237248576627054,0.21242346401875267,0.24473650347945067,0.051837144392432734,19.722981333088203,0.0,0.848886511408911,2.4587003712720272,1.4990594837301081,0,Alert
0.21336930513470298,0.22242512188407057,0.1136559478078207,0.29282321073059864,0.24779560553039334,0.36763246718462206,0.38944948480618646,35.92556756595657,0.7590111107414677,4.970021697059125,5.354406365655424,1.7951305861340279,0,Drowsy
0.1288499958343457,0.1412753734010138,0.08158681525531698,0.2568999060347968,0.25093533734282225,0.20256396844940525,0.8549197281927663,7.231929597201837,2.6043062280423235,20.533567734302444,10.140102211882654,3.223975654648875,2,Fatigued
0.26139716535019114,0.23955112760313957,0.2191425816160153,0.681712425723038,0.472271244074569,0.8257068450291771,0.0981598619876277,13.667226673385844,0.6052117792392476,7.83529659327637,3.439508509232424,1.122521328849965,1,Yawning
0.27926099784059477,0.2944779971801187,0.2628659661255898,0.20972760970709967,0.23724615649465458,0.23866480359828446,0.07726270003492484,10.888575587366967,0.0,1.1612610109271482,1.0014463729875036,1.3307181127377332,0,Alert
0.18338927808757796,0.19148961703144213,0.2057018377712589,0.251729895249932,0.20853041964073107,0.3835675128579406,0.36027341679616787,39.309241500884106,0.637889389314725,5.9847536893225985,6.263595148050509,3.3134088136014155,1,Drowsy
0.13022508923445064,0.1452717073944273,0.10136226577005777,0.28558999732053725,0.3186796352948266,0.32377806246023216,0.7652957792988535,11.298011077219316,2.991759932969903,19.31898698894507,7.595198432751227,4.8809463402569015,3,Fatigued
0.2999991999796354,0.25419289274503315,0.13930456525430124,0.6649847093986011,0.520817171504458,0.7979688717492694,0.2130987446481884,17.88873390193593,0.3707959098138255,4.909037269007696,4.600696083597409,1.2663558270824022,4,Yawning
0.33546510387938566,0.31792543127172174,0.2749624006450375,0.20054622655349832,0.2385815031159028,0.3026792105306841,0.04342945119825708,13.109441251257074,0.0,1.3868879278243944,2.73501353682829,0.2727323305782068,0,Alert
0.14752021151511008,0.23509931457256625,0.16704765347666664,0.20937448282750898,0.22896265935964566,0.3734721637778011,0.2818756542213002,29.50912692324048,0.7266347150313728,6.828944233619962,2.6167134713437785,2.629341660145961,1,Drowsy
0.12819210158248417,0.1397956065225646,0.11758270462862805,0.22161417353093943,0.28284620688446677,0.32043970498585417,0.6871456231783449,8.425178883414874,2.0569016691466175,19.625772963247442,5.995633956421777,5.541385601193372,3,Fatigued
0.25067396547585324,0.22971352333753783,0.1296162819453227,0.6822849706931728,0.4703508237717359,0.8471683812926573,0.12344916764992403,22.174116343574397,0.44157337713992173,9.67222395835817,2.437204805060553,3.4835214879832104,4,Yawning
0.25159094212785327,0.3223399356191815,0.27414336629817526,0.17700396587798242,0.19905934137871922,0.24095176389572828,0.05075178075976676,11.24416348445235,0.0,1.7990177386808655,1.943803219781108,1.1652448786595744,0,Alert
0.17676195956344065,0.19012349422285457,0.14921611837693619,0.2217682469952181,0.2449633065166338,0.34734842365636,0.22689238047090177,26.008403748612643,0.44618902372078484,6.972375960025402,7.887737959520312,1.3158191866190154,0,Drowsy
0.12023927480307857,0.1421251895403824,0.06071069613174067,0.21998721843565838,0.2245835594909305,0.379435871407745,0.8787609756245148,9.383093861372386,3.081094536784023,9.28693631468932,12.586546484142401,5.029967822213113,3,Fatigued
0.24923556789878798,0.23987044846850977,0.2678741629484913,0.8389920706021732,0.5890186718497806,0.8186767074111224,0.06636378091294762,13.656401744420194,0.7140670211116963,8.38390231135246,4.984641184866696,1.7619623476150652,2,Yawning
0.3275626132302134,0.31220037430085085,0.22165694116245374,0.2838394916187517,0.20787142888580193,0.2676136128538163,0.029903591203272965,18.414950913816256,0.0,0.9938672010176426,0.6046580073303727,0.5971076882864008,0,Alert
0.21968238188919662,0.20232024823803374,0.14309811166377906,0.26444415597293314,0.19669087804110108,0.3335487949903765,0.41018667941583414,20.23924525917487,0.9460294202954163,10.756313942875035,4.815306317876697,3.487242970330113,1,Drowsy
0.1492970625565768,0.15779730316131435,0.08956600784509379,0.2416800853676778,0.25534577539878567,0.3428327359246199,0.5652803179956719,14.268722028146584,1.952881518262428,23.51207475722893,5.730956591500995,9.637536132465229,1,Fatigued
0.22648854036886695,0.32125253343243954,0.22987532274664957,0.7320918649044256,0.6455965903404614,0.7190330373324497,0.2179874561039355,24.070189710819502,0.46596426599151547,8.449351383419177,2.9782594808385885,1.1249890012898862,3,Yawning
0.2655364488869796,0.29125910629616475,0.26206432519531836,0.1715119590059749,0.08430874012278211,0.3229709318968049,0.04596034620011182,13.44467927342987,0.0,2.1573731835740277,1.756005549267958,0.6351665070445229,0,Alert
0.21638869150726947,0.22566512368090816,0.1723909455042967,0.20678218141601085,0.2221612430795839,0.3610619384840194,0.26448573504707623,38.31584313093974,0.5515836960764138,4.387385811338153,3.9649220532387854,3.1808990333831195,0,Drowsy
0.14241960480877394,0.12507858871921845,0.06964916639746403,0.2153904492190285,0.2757417956388887,0.3569986761383384,0.8654771402559318,14.050891105198504,2.9574505057412876,14.968802527796322,14.485337752045265,4.829548197278557,1,Fatigued
0.20791576444160892,0.23976618870439134,0.222529677595797,0.8339964636082188,0.48762167583545724,0.9334564610571228,0.2374389854237307,13.264924034372712,0.6316743505117742,5.552658540040065,3.7815590036958864,3.7921762829430357,2,Yawning
0.2672261838775925,0.26766036478303384,0.266034953634831,0.12922554394653427,0.22848486965842202,0.33764742267223685,0.07533141901899156,19.54730709783368,0.0,1.8926921049360756,1.0367067291837688,0.7861365008229118,0,Alert
0.22604163962683332,0.21993403224484784,0.14323939438655128,0.23883012966191147,0.20887767339117477,0.32103462914271297,0.221629720745054,23.122099952748005,0.4438079449517025,7.206905910439412,4.021271270833233,2.912062473605179,1,Drowsy
0.10544735915577029,0.16897884103094724,0.08178418464882034,0.31404417956480335,0.17290429579710853,0.31813509187972444,0.8865478140996261,6.997513975329501,3.303103187482148,15.578458067476108,17.980435092914508,7.279793141188408,2,Fatigued
0.19588025749157162,0.27294118793860256,0.22267109875262178,0.6362593481590357,0.4637707726113275,0.6479115461035017,0.1774927257755246,24.49971848614865,0.7809676846371464,7.950443025268896,4.018425462545414,2.690206527919083,2,Yawning
0.3406384717993356,0.3146200321674321,0.267205009128238,0.14977160160817074,0.2055714516349249,0.29348269363010326,0.03974741130971934,19.199069342330823,0.0,0.8265226188569054,1.275499099035428,0.23496530514991418,0,Alert
0.23389126820648212,0.22072441583347222,0.14421324582030817,0.2334422756420653,0.23522590770834798,0.3348933627055167,0.48091340865743787,29.825950997394116,0.48782991176661944,7.731338478977258,5.336443177233739,2.894634314186632,1,Drowsy
0.11448486169131601,0.15294918480795092,0.08079981294928215,0.14248205035531863,0.18033113246185478,0.29282837019164876,0.8823340581872384,14.348325742719089,3.684281712264722,16.881332321849996,16.49413427751528,9.446030956270807,1,Fatigued
0.23872496828390924,0.2613988103458904,0.22680669048521854,0.6774883250347181,0.6645265764026642,0.8055060330284814,0.07257676369836952,13.865755633849332,0.371578609567738,9.65885359288608,2.4431385663661156,3.632452123952601,2,Yawning
0.3378704417458305,0.3362265928303183,0.24986394697953979,0.16284353054345965,0.23601996322430085,0.28411276964468274,0.0763888060748375,10.2470396000469,0.0,1.3813956386775215,2.170359811456157,0.8860482632154671,0,Alert
0.256911600298094,0.19600604387370274,0.16133089162671999,0.18443881156309844,0.2171230276852479,0.27898837630028994,0.4028704868572114,25.33514256480963,0.45907713414021023,11.656172878395543,7.482938172771576,3.7791097348351985,0,Drowsy
0.10312934464912683,0.16513105801404965,0.05597574362213474,0.19811291628255712,0.2353817073124324,0.31679412524148676,0.7992459360651099,13.825528634851013,3.9742242904786753,21.737522968874767,11.092846743266723,8.065930981769215,2,Fatigued
0.28444187491328743,0.24488631278660916,0.2018350592030691,0.6799355713066475,0.5002551722296121,0.7222608607043899,0.1511791610290412,13.615113160225162,0.39396136388965186,4.889587183227663,2.9641888497123468,3.8489086108658976,2,Yawning
0.2991370481712413,0.3087013754345739,0.28198344594700636,0.17805012890559527,0.19922750888751264,0.33763965973992116,0.03780623479100283,16.954089309212527,0.0,1.04849177640894,1.8151090622273887,0.21436026807364292,0,Alert
0.13764440753328433,0.20380295550619004,0.17345390755498447,0.2763779793240867,0.241565902586221,0.25322673532759404,0.22171200290525137,22.152848436669277,0.9176280196536697,10.046139207594338,3.9292982480762726,2.4690191965496857,0,Drowsy
0.15166172168106218,0.17592939494020515,0.06254607935517105,0.29088838875195205,0.2009436583442024,0.2517825087075639,0.6254371993980017,11.91044544936248,2.3233737851946215,13.546015810413003,8.501744608532817,6.169794632909977,3,Fatigued
0.28563306736379884,0.26675695973809394,0.29147190489975405,0.6810071146596177,0.4927028013510987,0.7758161333850383,0.12805937647544208,21.190206647984372,0.777592078864581,4.176124168079183,2.641767561356465,1.2852813994081882,4,Yawning
0.3048118260338404,0.3118627532548905,0.24445561845864092,0.19239022026406521,0.22930705197273327,0.20296112868562605,0.07030977506852923,13.395252795933963,0.0,2.0585366312056865,0.911629805862014,0.6601530140248913,0,Alert
0.15122847192210825,0.21599808918180624,0.10806462900756139,0.20507977959791074,0.1908550046958386,0.2996265061973528,0.4385921099033343,21.615181798845764,0.551524383845684,9.529333838246032,7.415100274523473,3.893774829302805,0,Drowsy
0.06968028024157369,0.13301877407747517,0.07136451344134033,0.3471742193926306,0.23596811325393457,0.36898774992855715,0.8461137361051341,7.5729256758304455,2.771882731565367,17.39368578233327,9.27842065381552,6.302463702388404,1,Fatigued
0.22500569802224601,0.24075728161482218,0.2110641548270368,0.631628694774758,0.46275575496357546,0.7573060853462265,0.09553366010988602,12.117319211973381,0.7827355192853169,8.79612729878652,2.5766798021128925,3.838269552382275,2,Yawning
0.29425294111393,0.3214321742161423,0.2845703521282983,0.1504157275447791,0.15505154572026042,0.37359985287729797,0.07197928727837954,12.63652555258062,0.0,2.3535497271574997,0.8976596015454583,1.0004539835267887,0,Alert
0.19633443926693606,0.2315138685605972,0.16436114216125056,0.24273900846997432,0.23248830492856692,0.2831938852804834,0.47595230719660286,31.527412197110884,0.5488977956230048,5.015540252711544,3.5584119828004876,1.3105398070500476,1,Drowsy
0.1169053442405642,0.13400398485128973,0.08881915559045947,0.20296879479555957,0.3255098937121267,0.3837027240086262,0.933437405486118,13.99802717911644,2.601706917966505,24.016789042380584,10.619456372372936,7.6894310082944255,3,Fatigued
0.31215496583725516,0.2601438833373438,0.24340755664537447,0.649233404502383,0.4971315214673343,0.6695429615661983,0.18557390680349078,14.765272834373352,0.18332334962034302,5.136837003121903,3.7157150786415034,3.6681642772696956,1,Yawning
0.2846975410123492,0.31066815640749945,0.237289196535805,0.18308751458824832,0.23734287564009518,0.30885831851147594,0.019787456524710693,18.554645788632953,0.0,1.6170473446416993,1.2089500759726752,0.880422169292755,0,Alert
0.16027060698865206,0.1981941718323943,0.1622808123214818,0.2456459213761316,0.20549073494698541,0.381618491886995,0.2508585354228119,36.808225630149565,0.6634111011889707,9.984534418016157,6.904703366264688,3.3044574928082735,0,Drowsy
0.14044858743000455,0.15566647185071333,0.06126960308389018,0.2689792110881869,0.18039669297693528,0.3107489404543803,0.7746691835355778,9.208985224757193,3.1291649892188924,16.22448496192673,14.064030825723519,8.973962886564,2,Fatigued
0.30045168418831825,0.29410180681611214,0.16540075240373142,0.6945262471461708,0.58457169991127,0.7573569153806815,0.1184120288777347,20.31594564293257,0.7675181859401987,8.585931968643228,3.7532309187881716,3.9134466363049425,2,Yawning
0.34269813364605417,0.33059200772379754,0.23559429631720766,0.1754824798906206,0.19568820914575874,0.312557542980953,0.052296488384136856,10.399945539715072,0.0,1.5351679164420906,2.5431470275347,0.7038488005209296,0,Alert
0.16064115363901638,0.21932939381872613,0.16184714321917598,0.21431395305592724,0.24679203480960318,0.32738259202687253,0.47060578984686297,38.882956008489586,1.1163133280640842,4.026249032082405,7.604089349489581,1.4123783172561293,0,Drowsy
0.09977150510348957,0.16841371943777325,0.11270758666885208,0.275793180088531,0.23296149149720619,0.39672955366639284,0.9086004751895811,5.007488092148712,2.3786880287694663,9.935978176916691,16.47988010065263,9.495873338035098,1,Fatigued
0.2549340993892265,0.3552547068275153,0.27737810461484913,0.6803434698523584,0.5421472501831303,0.7856822887730266,0.08453158922980859,14.405167597988875,0.01628723046792535,6.887873472835059,4.716468875481803,3.1392306861368438,4,Yawning
0.28757727262028693,0.3212082926441741,0.22539409040208497,0.1299556557651072,0.21900718232245153,0.29951144070043595,0.007582009711309681,16.755630818850435,0.0,2.404371242322213,2.4654764851628963,0.3923915817595316,0,Alert
0.2345240587117376,0.21164176500981086,0.11787252672327647,0.148497880234227,0.20727229381308165,0.3603820290442746,0.20043509497733816,24.683182901127164,0.4716005127164052,4.739079255969953,6.157014404855548,1.6419290069171946,0,Drowsy
0.15123852695849177,0.12847547385773542,0.04455226431999838,0.13961387174322282,0.1821613795471776,0.4194389650399452,0.717427662235512,5.119912440282553,1.8060647779581482,17.687655692435072,7.806645403835365,4.012038228574625,2,Fatigued
0.22127252997115626,0.32515310698584987,0.13025221971771053,0.7367680817121184,0.43542503396818594,0.6867734894641225,0.1715053724350677,21.124691470296657,0.1609610774755253,4.298018689833121,4.832602991039526,2.768992919153708,3,Yawning
0.2917912909595462,0.2827933755882662,0.24153453767367386,0.1471148705579871,0.23478681650320718,0.3260995646580036,0.026418448026866798,20.62554876104604,0.0,1.1652802904998083,1.489461954934734,1.150788311568103,0,Alert
0.21846830396699038,0.21830327880903128,0.09831358404359017,0.26828945155579387,0.22302817613934586,0.29335822009564766,0.31792195953944347,27.28189717088034,0.6114914277486607,4.047983144935701,3.0941601018237614,2.422705893455815,1,Drowsy
0.13959296540445584,0.14634600456156224,0.08637001705996346,0.3181374392526506,0.22087413109174886,0.33171926224437615,0.9095036903919899,13.92666015822917,1.776738989239229,21.552683323640434,10.806385901028865,5.267768529813781,3,Fatigued
0.20292477326698566,0.28749243050555084,0.22102034882938046,0.7239800076178267,0.55603532964452,0.9291777543999251,0.24145191123380666,24.644995062392283,0.5133579650737609,5.516919005469138,4.268660733863776,1.267766401644769,3,Yawning
0.3007094525117115,0.2996758773728707,0.263093341401489,0.17380614588180907,0.19747473953580397,0.28283744152311147,0.05359312150371489,17.717891236708205,0.0,2.7567923370279983,0.7848640342012809,0.6100778059064671,0,Alert
0.19445345050703944,0.1936619749634486,0.14175316084650763,0.22341754740879638,0.2278512185042902,0.4083121204835927,0.46504572270065686,28.988835964826567,0.5197485336805105,10.700681784966234,3.677829968310361,1.1609006230733443,0,Drowsy
0.13843980639845122,0.14753466167638601,0.06366450719575655,0.27477302917396695,0.31543243568995327,0.26429955454702875,0.6616784933992502,12.583603222909327,1.9920058647350412,21.377502867383747,7.99783956335545,3.6853855797890045,2,Fatigued
0.24244880452820888,0.30581001591577117,0.2020731345858226,0.6433572087718185,0.6184322117618443,0.8184133259025084,0.1303849908618568,13.261255209401208,0.4674611475707091,5.306835196667272,4.787549929099412,2.508136324183983,4,Yawning
0.3036950905733198,0.30262846186519726,0.3002344315088549,0.16708385636094103,0.22783458368348178,0.2800765174408398,0.0751884767115091,11.962251414369508,0.0,2.6322823006619624,1.7043055100332525,0.7893283127125996,0,Alert
0.19600943252676928,0.21186316524694515,0.15029345839118283,0.25072378784732485,0.1928299499302295,0.3220044931055111,0.24995715887926595,26.472364851086198,0.4828423537077677,10.522734609102159,3.781207106196611,3.9276585640595956,1,Drowsy
0.09916241645048947,0.16780058555009342,0.014707283429449935,0.2592085054112149,0.2604151818752909,0.3771042157934114,0.6633771290966902,13.211514539062364,1.9487535132275036,20.967099427140823,8.23419906941769,5.085518101893071,3,Fatigued
0.1942692386171889,0.259060738376486,0.1805334877070522,0.6171135040953595,0.5020071600691992,0.6053501636846701,0.18108142464291732,15.551119729042952,0.040781410774940775,5.612950281009037,4.422518464636303,2.4950545325556512,3,Yawning
0.31043337306119945,0.26421289756924027,0.26005801249761534,0.2030845441160362,0.22456186508058723,0.3369068332900841,0.054826388676585736,16.846805071089435,0.0,0.6104419406041396,0.8739098387295647,1.398926651435779,0,Alert
0.18243741017488407,0.24778728233885236,0.11831363813752453,0.21523886912678777,0.2309177993226438,0.34528597240531017,0.4372204511872144,34.89717465451111,0.6206035915024664,10.8707657573547,2.0133953188646525,1.711828835151258,0,Drowsy
0.09738909015996175,0.15426181149737941,0.06466117475233875,0.21370236301028528,0.2503384069727628,0.3304110425732266,0.7483010514641419,11.312101368487813,2.32812811747999,17.4128164631446,8.348397422808063,5.156253924497644,3,Fatigued
0.27403041432440556,0.23861251410356948,0.24681262902406065,0.5519934823188284,0.49645161489017015,0.7605103867934692,0.20978263355717064,24.650992810888287,0.14498263134701608,9.265916788708239,3.227237768447002,3.807801313735982,2,Yawning
0.3211456289604938,0.30595512565833977,0.25621007349198643,0.13755275285908422,0.16714475245593624,0.2318423861103538,0.047466352200755985,21.014354209050758,0.0,0.5249994886395083,1.482799480462953,1.304708132270891,0,Alert
0.2479421973812136,0.1969963769614723,0.11016474947948152,0.24592110843455667,0.28392437174852,0.23886237423179446,0.41463888057322695,36.447792631501706,1.0079465689355946,4.226491739081841,6.023827049609992,2.4919463915670192,1,Drowsy
0.17384907064642233,0.13092250255535504,0.07209393168881362,0.25936115339591054,0.2871148033136828,0.32638073129530026,0.6323728601249382,13.657076055250357,2.744397347754753,14.224608866193702,13.61169070757237,5.389728053866703,3,Fatigued
0.3555032651576999,0.2731929549464204,0.23164312705792292,0.6000247622562355,0.4794958869257223,0.6462499273881432,0.17736343521871512,15.117814988262921,0.17955097859665328,5.584140598172542,4.112254500236935,1.6740461471894479,1,Yawning
0.33804244388624044,0.3144926463171215,0.27453029837469567,0.2142826149784154,0.16296063747554407,0.24455046266546152,0.06810179095216838,14.729374914225527,0.0,2.2742058076432783,0.8693714460352857,1.1825895629896772,0,Alert
0.1492127686266579,0.21716743956161724,0.19787983958966895,0.21784635707752206,0.175197248203581,0.33110290292633915,0.42589432219285905,26.06921969266402,0.6214887452372518,7.7697467919945815,6.056898070534189,3.786537927628763,1,Drowsy
0.11509225779484296,0.12506949839566803,0.10279689035808606,0.24975211673395467,0.2600940089564226,0.35205968647858693,0.8696208551951552,14.530918729786219,3.328730545940858,22.91961036916301,15.803049300912043,4.776869372187896,3,Fatigued
0.25620917311979474,0.22029100632783818,0.2620992149514029,0.6996628013904953,0.4802140488969368,0.5845981343841273,0.15699198318676622,17.127032296641328,0.7316384632809249,8.958763766439766,2.8198947803115133,1.0005845870119514,1,Yawning
0.3051909995035794,0.2968532896859746,0.2545000970911284,0.24768130394137158,0.20395896669805716,0.3223806796149067,0.0449367388997286,10.082355527051838,0.0,2.9524864522077796,2.515737904768729,0.24774816740801753,0,Alert
0.21284269127742925,0.20136783584559947,0.13726162657530835,0.2885879750459433,0.22629972895770994,0.30097473418753234,0.31905954620836596,31.40457262293349,0.6347123809133025,5.937248076117932,3.94578175187843,3.441484070241139,1,Drowsy
0.18022058282311712,0.15432713069182574,0.09943452619521007,0.22506673047101508,0.19439211208975526,0.27143636327400333,0.8891176892112066,5.112011153882352,3.102779441174199,10.232311415035355,15.701803459243642,8.450012861705385,2,Fatigued
0.20627295336504248,0.2672751986936727,0.18026763859503642,0.7769428584921402,0.5993187848848477,0.7905063257818554,0.24259713126877075,13.115588923621145,0.006709185472349866,6.8389748706571325,2.0569638475000005,2.4073053692307287,3,Yawning
0.30496398814056663,0.31517282338404656,0.2651255925458288,0.1692308560611166,0.19268276772623302,0.24891627386123322,0.03388619084653764,16.570456804590798,0.0,2.979148864369906,1.052454308332952,0.6884832920589856,0,Alert
0.20869232080742106,0.19019649922859097,0.13583166947404,0.2905988741650578,0.23953569308726153,0.25154336688091516,0.3617473170106549,23.423714468074355,0.7245455204017042,7.4815767330815595,7.895706522628597,3.5478574964665652,1,Drowsy
0.12116655152640915,0.15284309942525928,0.07878394036318002,0.2783835684920558,0.2313418467723107,0.2863796104965113,0.791256498048591,10.729461250839096,2.9369841169657573,12.349267813579473,13.225131842475458,9.35190383644364,3,Fatigued
0.30674260168035306,0.27146733294052416,0.2282715534877583,0.720821150794026,0.5374029680930656,0.8268403084061433,0.11920525680534944,12.749103961894104,0.7443932975011475,3.4607611255670077,3.9645420614818816,2.1343249133967617,3,Yawning
0.25576842394862076,0.33576978166145927,0.2643768538777146,0.23817525321672672,0.18637310658578607,0.2836855276076447,0.06239899215662099,21.03906480196724,0.0,2.9030509832548432,2.334148117251313,1.3138731120913723,0,Alert
0.17473216286997786,0.25498448944401836,0.1114836856467725,0.24938066982873697,0.2283263254679726,0.29931989949122373,0.4874560378957607,31.54958664656047,0.7860338967982883,8.275233850177475,4.870785106308995,2.3266008435317147,1,Drowsy
0.12872550523393506,0.12113643461732856,0.056037953624111514,0.15134045439101185,0.2344695402419787,0.31047783765173637,0.8863794079219285,6.449957655644605,2.886553522821529,19.53458885605465,7.983927494238087,6.586311786887081,2,Fatigued
0.2606080084017165,0.2958609665874975,0.2399458814261981,0.8022550186172471,0.4834267576712986,0.6729900204237569,0.11831399390021827,14.839950516099998,0.6059068403942365,9.75201007898561,4.4710869673523135,1.6538212122651417,3,Yawning
0.2834966768271445,0.31116488721318764,0.2861667673410866,0.19403384044131025,0.1689558450966387,0.21645423325613378,0.02450061411247235,11.622889427494671,0.0,1.1270996493042862,2.205706011505276,0.7017070711811131,0,Alert
0.2180120284787332,0.2538427142050438,0.09184378646368813,0.23252574902150752,0.20696173272837018,0.32098265009242705,0.32952312269747785,31.452456463798303,0.5455964970832874,6.052468049991611,3.3171861188937166,1.2116738657962727,0,Drowsy
0.1310289602251783,0.14972082827787364,0.08118611665685428,0.2059840601406106,0.20024620193708143,0.32758815893544524,0.8462381947548812,5.550068310439346,2.2959845964636307,17.55725083214155,10.231404403631279,4.814037390614401,3,Fatigued
0.2575652649031919,0.27723802125796604,0.2160865822629118,0.694422781839219,0.536022699193088,0.7454336077443282,0.055581960879096774,23.596302974244157,0.5780128856770095,3.746804689586059,1.2183611082047863,3.4144760908464384,1,Yawning
0.3110143508869407,0.287903230084543,0.23519481465519376,0.2083017549742559,0.25684535136658077,0.24215228789361998,0.022720845745180806,13.97930745867938,0.0,0.8050711926625203,1.5331016108143904,0.9590144701207832,0,Alert
0.20811451328329741,0.19192722059938075,0.18908812713755732,0.18245686990032994,0.24006751517584157,0.2295911648924069,0.3838408544779404,33.81014798292289,1.0055511868298392,5.090813679199264,7.791456453201665,3.5309362469612857,0,Drowsy
0.17609967486219932,0.13876975957111015,0.07713667332728935,0.187778190159611,0.21263826219839618,0.2943869100628292,0.809152069404921,8.58522178802846,2.8934288942950555,15.010863864522069,7.196600321757654,3.518139931791259,1,Fatigued
0.2910309059142016,0.2745776292577688,0.22037949705317844,0.791866016856809,0.540273648384555,0.7177140649483853,0.06246669963168816,14.181606198850812,0.3285487329939272,6.604193218030865,1.8685667531714194,3.1977321377739667,3,Yawning
0.33337569164232717,0.29427738727634783,0.25226973909572176,0.2263536793748593,0.1927824614461782,0.26420189007749717,0.008320679124713576,13.869065993361446,0.0,1.8454964458045642,2.934202385995516,0.719181330656766,0,Alert
0.1828854594307677,0.20041333912070236,0.12648816677553654,0.2008380010585136,0.2201765133355112,0.3264501379006892,0.3632815682902477,27.151277573992097,0.9522042875296963,7.7716507270463815,3.9743677097872987,1.7954152111241286,0,Drowsy
0.13476146790250806,0.16603583268261665,0.08526499747926106,0.23780188612479647,0.28495225686967246,0.3653912943799048,0.9354237907587515,11.850405090224067,2.3190761542329517,13.246317882609276,5.926606302394084,5.994404714042696,2,Fatigued
0.29524105658943356,0.2685892101456964,0.20397331687446418,0.6972298242498595,0.5724343516863093,0.7947602726135884,0.19067890292844358,21.30227451267143,0.5768349402863696,5.655933083030839,2.6942496642103366,1.8822134775191328,4,Yawning
0.35327734516757325,0.3412577963935635,0.25716681604595587,0.2095054561204298,0.20244965674318324,0.21553206232251224,0.060069045322789213,15.36688849874211,0.0,2.0847284747310058,1.631311810556797,0.9935033346330593,0,Alert
0.1868484267594239,0.21884287358417934,0.16992615778898973,0.24712319757540394,0.16260667183058003,0.2913798177234336,0.20406329717732064,35.94210044668187,0.6623509272287904,6.858475755264402,4.016036978592874,2.4962179924370145,1,Drowsy
0.16774583323581332,0.16290894362109135,0.08566773655487918,0.1787682137556957,0.2862996444130033,0.4260000862961297,0.5969159510572724,8.443824624800381,2.312593803705841,17.732956834147444,14.94808267528079,6.994132563191496,3,Fatigued
0.2901786331574048,0.2247959506549413,0.19145478766058457,0.6056973304013267,0.5840852452367005,0.8238522680404036,0.05120853937161338,17.239420349053134,0.033542013571606424,7.714499025729284,4.875793967013285,2.9657837869022776,2,Yawning
0.30863582294608644,0.3253647110877273,0.28890403456885705,0.23848436455540903,0.15212775909613876,0.2265485947264715,0.05404552153789357,14.520574182942863,0.0,1.9525237988754427,1.7879820270286444,0.881798781171276,0,Alert
0.21595804009205394,0.22717140842522662,0.1533115045749211,0.19363877189407602,0.2558698982160883,0.3878078950421395,0.3442233878576011,21.249278396319728,1.1611878140080558,10.815397557795295,4.920848224471148,1.4757429028924252,1,Drowsy
0.12525309590467343,0.16277737747357762,0.029009213105266385,0.1980450888714476,0.26223988206285775,0.33146812216561067,0.6828955463586465,10.785964696795464,2.1000839609358257,21.555381371093066,15.064582573879425,5.074184969129307,1,Fatigued
0.24382534858146365,0.2298375077669223,0.1680334868796685,0.5942000183914335,0.45580838196510376,0.6782459686364257,0.19492420773174618,18.392448259144608,0.015461718201632557,4.586677619536124,3.838632978538123,1.9027915698603575,3,Yawning
0.2862474052848829,0.31679141853605436,0.2638961979595525,0.20163811638704876,0.22355880821105145,0.26121458046924007,0.07980571042932284,17.06264906464893,0.0,1.2735027510700885,2.1838281497478906,1.2983026681492045,0,Alert
0.194510988783005,0.1846728269030718,0.10515959387848259,0.18122880081044812,0.2129898012482523,0.3738089366802458,0.30172290254117384,32.070210828520274,0.575521263709905,5.839147924544632,5.121732385229028,2.2278181859385526,0,Drowsy
0.09081421608319218,0.11709349004011367,0.0742863955177797,0.21865630595791724,0.22797507260766736,0.332242259089483,0.5536066110607425,12.937807694727624,2.669828044849202,21.670848655332883,12.963155319584462,8.819363637363566,1,Fatigued
0.24046689292798895,0.2545976722663068,0.20485892448689041,0.6334782177025037,0.4288114674897955,0.844825174127899,0.17633951856462143,24.315781731641053,0.13620390617771694,3.8428763680151894,1.1335622833159027,2.0914999235204306,4,Yawning
0.31883718774195224,0.29943963756889336,0.2709653469766787,0.23511137069271645,0.15492453748488993,0.21995432622814748,0.04692540040600102,14.765176436254318,0.0,2.707957493414577,0.774826545736126,1.0309045523645783,0,Alert
0.20362303132623555,0.1879943645730552,0.11590280365338887,0.24070781108791056,0.19729535771691942,0.34144557575223144,0.3861661236887417,30.11106058645771,0.6384599630474093,4.89238984684242,6.415124837605499,2.145415400131018,1,Drowsy
0.09798134759791881,0.1375061873557846,0.06921191771121905,0.15627099840847725,0.22954003913450383,0.4198034937634949,0.845926533755284,11.71515243696386,2.0332172948723275,13.764191464022089,11.670593316470953,7.464909259214088,3,Fatigued
0.25392130023841597,0.28804747006862336,0.24279571523404525,0.5519476851443696,0.5766892928185552,0.7421253783200712,0.16367699503838773,22.027710061050357,0.6889449858376264,9.221924109278692,3.0738469987192287,2.1902276752932432,3,Yawning
0.3502676057891083,0.3033966387498634,0.24135827172885288,0.16521555860387252,0.21965300814867594,0.22387446367644004,0.065199951187648,15.427132120902886,0.0,1.4481222266027058,2.9339488855041234,0.3517802468151304,0,Alert
0.12287435314900634,0.20248943480395887,0.1317972254116207,0.20103835438249104,0.25619477855413747,0.34065270158930694,0.3564663357208969,31.990196588437886,0.9606835822473319,11.26409301971372,2.5505113269550748,1.9928451842071806,0,Drowsy
0.09158443460794854,0.14233180274649473,0.06399432650076858,0.2564226411246486,0.21887139119672178,0.3912072768787554,0.7596635592994919,10.959473043293954,2.406224975993717,19.28585421872819,8.25282046559769,3.242372016436168,1,Fatigued
0.24983137398847738,0.2505016711407693,0.2128184648604633,0.5941165245180889,0.5396032811023944,0.7493599961378975,0.24514211325678165,16.544600448564026,0.20656351426964,4.557100690558719,1.6352635846942714,3.9974112286495296,3,Yawning
0.2794533828543843,0.2913751518534676,0.23427543822338015,0.14554943697521824,0.22662726097740163,0.23140593786259372,0.0038177586960199505,13.98752566967061,0.0,1.2005140170901734,2.378545051374675,0.3904481072254189,0,Alert
0.16414604413113784,0.1996547093910511,0.16917216636225524,0.18821509963097421,0.18258163209934122,0.315639036863176,0.21399046359337212,24.5983244034055,1.1564822228208167,10.762533985504266,4.641042295544052,2.445985665837949,0,Drowsy
0.14191799006864494,0.1657219264020875,0.06106780179576905,0.22493340692983088,0.29907014919395714,0.30670266852623806,0.7143053759563023,10.022669388521994,3.5911909515410243,9.41821381758961,11.894359534227167,4.502341922698557,3,Fatigued
0.2518370186884457,0.2718703055986806,0.13639689039502367,0.73511294574376,0.4977470367479804,0.7829449378982384,0.19716232076323575,20.393316356918717,0.776993466304281,9.378647542807036,2.1332114527988093,1.081949718176311,1,Yawning
0.3293003898130366,0.27855914224564726,0.2855082753989481,0.16096085163777835,0.23428746785709234,0.28577913165917546,0.026760509039880552,13.557291907304988,0.0,0.5829935214125264,2.879293251595883,0.8519397903135888,0,Alert
0.22445923429296807,0.21009719375087216,0.1105014168547088,0.17078546237605327,0.2545037606441876,0.351527806675144,0.40979321762974735,35.77436565044556,0.8600864314324776,10.90258786169283,5.3006403804149835,1.6880218817536272,0,Drowsy
0.1484884873698162,0.1600158670245408,0.08631862015658648,0.22014100612827361,0.22455431905045864,0.3467423769486857,0.5740353410973139,11.779079397348445,2.4300311028649246,22.757964744799168,14.545550740386265,3.1517600816687326,1,Fatigued
0.30030841618373294,0.27863808802738566,0.18100316675936606,0.5507791458347547,0.52230840997477,0.8227647067585724,0.22424442884767898,16.720495882548395,0.2907157629786739,5.163230403538011,3.1877723345502744,1.3872062166961598,4,Yawning
0.28741727509428683,0.326210615255791,0.25491958867658654,0.22397051301603194,0.19222172076863742,0.3425605607284726,0.05891739099600018,11.869396575272395,0.0,1.173766145966207,0.7496445611800641,1.324687175869144,0,Alert
0.23138985847088828,0.18808015131164393,0.1589577923688548,0.1876973674109147,0.21867525715626196,0.2437672971754361,0.3260104119989846,38.37146959769219,0.6877926956020185,11.495869718687699,4.756575910355187,3.8930586899204975,1,Drowsy
0.16487128653411223,0.12213923605673689,0.07016056690853728,0.33824166279663176,0.24938489247385964,0.3205671885731465,0.5800671658701471,5.99212959700702,1.9899934219372222,12.766388562398685,16.00387210417363,7.72445243973148,2,Fatigued
0.3029453926499399,0.28018684551525525,0.157454709858955,0.749325342868356,0.5398332400827114,0.5723448721261453,0.20815003321307873,14.160618754697614,0.08684418803169339,4.074088715305512,1.8728941423679326,1.1785055614330875,3,Yawning
0.3236718284348814,0.3133780578485823,0.2627373923588357,0.21557503199499442,0.19287197352789123,0.4322686946447838,0.048267250360178135,21.526617793657124,0.0,2.7129817298878844,0.7722700836262206,0.5457745088114112,0,Alert
0.21129101111597326,0.21773165178341858,0.16851883619379537,0.18295751342603947,0.21062515365576218,0.42152728616121016,0.2604364858037088,37.772863617881725,0.9422809474454678,5.351943399026998,6.228814069045165,3.2243011587309396,1,Drowsy
0.13395386480797525,0.1707927922940904,0.11629570165621192,0.28447531964127293,0.21628925373252395,0.24429221763609246,0.8466423048825196,14.854869685389854,1.5857638501613256,8.725024465091646,10.565072265778067,7.617352843667294,1,Fatigued
0.2618133407064746,0.2664962972630106,0.1682636539586873,0.6613068641755703,0.44902937828895717,0.7916634398760029,0.1819147883743637,20.556271873679275,0.5640059792966022,9.947255551444314,2.5467908397896215,2.3959464234553027,3,Yawning
0.25492300890970715,0.27357455004973347,0.26116106219820134,0.14852187671013367,0.20623273861312263,0.2503962521423658,0.01932723526831098,18.698296549232442,0.0,2.018403795641432,2.3660125218786145,1.1746646913044747,0,Alert
0.2204216726420783,0.2056389390054084,0.18856653022395267,0.24217300785517432,0.29421431361130745,0.40768817920103495,0.4552816523699349,36.14970870580028,0.9590868799243563,8.835714352930452,5.703290615471361,2.088734033870155,1,Drowsy
0.04905954400383786,0.14391859010980385,0.09256801592094943,0.25190987594754943,0.2713162797961288,0.3140974650937669,0.7573119049796772,9.530345683557318,3.2765636309517645,18.23272419431852,17.61928270747735,7.087822566017868,3,Fatigued
0.2525590791033399,0.26722542759257145,0.18894852655578015,0.6620482783682802,0.5034444807275846,0.860563428799939,0.23500885424060414,12.303910381996918,0.5223393479553424,9.793813601858417,1.7033548792400746,2.3272966908567456,4,Yawning
0.355740302285427,0.3098954680507436,0.26675212444945945,0.19862766573710164,0.1840446913156632,0.26919780407422755,0.03440094409232779,16.500508298487027,0.0,1.3727343292061538,1.1057029002948975,1.0736762988011357,0,Alert
0.24430590015091008,0.18237246447535685,0.16125314598242854,0.2502992925780089,0.2521949445279389,0.22146012423534048,0.3348974673328227,37.41610505419321,1.1030067838399993,6.749932663104294,2.5504246872723844,1.5027474499720586,0,Drowsy
0.1444807365404392,0.14771166120544965,0.07487831499111898,0.2334866519441535,0.2636596096963614,0.37879987702000845,0.7468347595390543,5.7385034017786465,3.1353351874333444,11.096447566077675,16.041960126031697,4.918161836795338,3,Fatigued
0.21938982906614873,0.275113411512389,0.24441989116366308,0.578427818711896,0.5212025938548985,0.6811872976590878,0.19060129656706243,20.46046815284884,0.07283173536779045,7.040879454446268,1.5890178476745578,1.7568141361434781,1,Yawning
0.2689612258422162,0.30916664626874146,0.29146164415042103,0.1924306788597084,0.18933352950929658,0.3227748215703274,0.049384137051494845,10.00024621553074,0.0,1.8758812091786308,2.9380907634812248,0.6059445353095749,0,Alert
0.24311624417660058,0.22038669495003774,0.09899260487226036,0.293080700457302,0.2162662248967617,0.26043826374394596,0.2884352627535775,33.91840577522595,0.7535302141715813,10.799038116858572,3.1599346213590582,2.2531603661607207,1,Drowsy
0.13276363846218914,0.11379154236539277,0.11065066181218552,0.17204667515556088,0.219407213504105,0.4303027942258374,0.614725656199123,9.337627437925612,3.4297191125073616,21.27296696672285,7.997004298221873,4.224759479235226,3,Fatigued
0.31430022892092657,0.2375199311928794,0.2533839747561089,0.609577175301657,0.581568013642879,0.8311055389457056,0.14302094525659376,15.841726714682439,0.0995226899641847,6.455562795379686,3.8783958134795897,2.644729634512145,1,Yawning
0.32654736600195566,0.32801151791130573,0.26301978050416996,0.16999299864066278,0.18786375089153856,0.327082117476289,0.01584005873762033,17.051527566897647,0.0,2.5657665682521946,0.6221748967676639,0.9760365823089565,0,Alert
0.23565797541603306,0.24324825195644512,0.177895673690541,0.2777036648578149,0.209238812777015,0.2949915451313048,0.3856982015867031,20.353863222735416,0.9077956149785955,9.323092990280255,3.435048559169951,2.794398489259419,1,Drowsy
0.0722715006628488,0.14955813496376688,0.07785318066804975,0.26845994246389077,0.2345630894234259,0.41034228156211716,0.896731548840525,6.309265594948597,3.092136066921273,19.537959752265493,13.530219064723557,6.129193326275406,2,Fatigued
0.29566313826780466,0.21720144221783613,0.15715127107957164,0.5501834743404905,0.5624272766242524,0.764883816972097,0.1639457338678234,20.40103179176799,0.44573853324395246,8.499116588370441,3.204001943045777,1.3332308936523416,2,Yawning
0.3473973986537009,0.26833630654198604,0.27539089045028686,0.21728072229778067,0.2064654554244897,0.19589319028241486,0.06418959063672282,14.77271698607306,0.0,1.1748958122526454,1.4313627810384513,1.1146896335995025,0,Alert
0.21622534618306277,0.19610915961971223,0.09685386008824638,0.23921819546447212,0.21014242276402123,0.39942642173483767,0.4047194826629061,33.24514490329284,0.488514746598453,10.719864198893978,6.088849438269914,3.341760137909994,1,Drowsy
0.08762250452367817,0.15606032584949925,0.093530975208059,0.2109560430911351,0.3168814775842619,0.3510572786586112,0.7311021805099662,7.377180260207923,3.926007001707267,17.616008577381756,6.702764748982862,5.842630295287347,2,Fatigued
0.27769901367679983,0.23628950960489764,0.1274700814097709,0.7528582047687078,0.7040006593749376,0.7893965228262898,0.2278975609071643,12.723299001830393,0.6586990934598085,9.861094724966632,3.92710023243453,3.2120409467823707,4,Yawning
0.307258493280103,0.31553424249388917,0.2580604000021106,0.1981796530651896,0.1776901070495121,0.29126674279371095,0.0676565490921637,17.759100205483115,0.0,0.5720385026340142,2.2869434135865574,1.3206454314340494,0,Alert
0.19514512210956933,0.21111077481783333,0.1530039102258058,0.2466957775223134,0.17443014510228394,0.2661305518050532,0.34394605442223203,37.342035018757414,0.6016474814956461,4.807710489929609,7.187818237766299,1.078869546642169,0,Drowsy
0.0706932904384388,0.15917458887874134,0.10394507968478935,0.20238265238203648,0.23439173925233842,0.3338078042206857,0.6112150361634167,14.446756331972313,1.7252356579204462,20.88912136313636,13.195532403099214,7.4296308046967985,1,Fatigued
0.32384357168776967,0.25366415649195917,0.160047389272419,0.5806277319366713,0.6455863732901755,0.6669514410831172,0.07128674373994032,18.35573690250201,0.35414229963531324,4.512281571315058,2.201079343407209,3.901355063484947,3,Yawning
0.3277865449158182,0.31494391347747364,0.2588088839948089,0.2234086386185045,0.16374737502163436,0.23490179982437318,0.002858328166515882,13.355657124716053,0.0,1.3876149179843598,0.592247098621834,1.3473862603045645,0,Alert
0.1861958033463874,0.2228823623464947,0.1571143411824531,0.2433080737735824,0.2575296948237188,0.2676329696420041,0.28695735140904033,21.405524717754,0.8038382671431828,7.506616327032474,2.8289174871162737,2.471660010970253,0,Drowsy
0.12393099969738655,0.19843910961070485,0.08920477886455835,0.32478062666390434,0.22982253089257346,0.4318921624313043,0.7464134479467206,11.699713489009396,2.053109861030122,14.560802127831435,13.122936172152201,3.202133884860155,2,Fatigued
0.23852176347729484,0.26307517256197,0.15595390898471567,0.695352540445993,0.6402874350140956,0.7758990931781958,0.19368324104526013,21.642347076265217,0.22333907404278214,3.516162658089696,1.5958545541938007,3.866519455236822,2,Yawning
0.2544502910895983,0.2990662435652557,0.25730769133873543,0.25015727188701925,0.1969819497453144,0.2721372386313323,0.01828968464235561,20.649746617735403,0.0,2.1185952515974997,1.9009406647051879,0.8586440141823166,0,Alert
0.23745762437649512,0.2247075110990897,0.16097565135958739,0.22347035543316984,0.23513960321602337,0.329879769113,0.32134390859238643,37.19184782494771,1.1273394389917448,11.233123778658204,6.98507769745029,2.219797484923751,0,Drowsy
0.11763147242598782,0.12481282946909829,0.0500511019960386,0.23778422977870883,0.2507428603357013,0.38032161085134447,0.6635031072369979,6.349564392975942,2.219668321056269,18.590751498132434,15.743312298033715,6.522177799386123,1,Fatigued
0.30309665995408697,0.30645977911429373,0.1096251646467321,0.6320580417387884,0.4888497627218858,0.7619670628456549,0.14094251221662157,17.919780158051253,0.43066921035541217,7.442799300570416,4.8292734639414485,2.9565073812752707,1,Yawning
0.3040715779489152,0.29754988441270613,0.263037028359659,0.19213699143150648,0.18139729576210184,0.270937683297739,0.02123841636317434,18.193697032838912,0.0,2.3640881804308886,0.7996628246238033,1.2121363719141136,0,Alert
0.24393832053450243,0.1888630149156175,0.17217149482751593,0.24505812331219753,0.18200790525483002,0.3236952589840052,0.49098936124780707,25.116690770221958,0.7360858810153785,5.573617214187499,2.8075348029077793,2.802788801811131,0,Drowsy
0.12879267175923442,0.15167963154989508,0.0814727778588048,0.20077790406293766,0.2572682314128592,0.33611551990080457,0.730532485303794,13.984633484785533,2.2477027131364187,14.585163924962972,17.31254944721205,4.409201156521448,3,Fatigued
0.31366261927923605,0.2536336148221928,0.19286737276396482,0.5957732103476429,0.5039072985314418,0.8814830559527209,0.06170634785507534,21.16645939735947,0.40255866214798647,3.079160806760704,3.450623580913492,3.7596430675863592,1,Yawning
0.27315836462883253,0.31129358661874795,0.24627515833596714,0.22584289937248203,0.24520825647527214,0.20250208108025564,0.0467554331783768,10.828385398087256,0.0,2.592011229257607,1.6985768998446553,1.4860389096332605,0,Alert
0.16621615904989792,0.20708295570572094,0.16673528479684813,0.2491723058341438,0.20648200490035395,0.3600369513570573,0.35320519523459815,37.150111467207964,1.0917889892895194,4.205470744449127,6.025500704320949,2.8050620487123457,0,Drowsy
0.11811717886146776,0.13362591793145367,0.09229106744483431,0.2325726858929781,0.23642242038557792,0.1998315514439138,0.6482333473095466,5.001251387565755,3.748336141832838,9.389150869617183,17.535234933470978,3.915908728701822,3,Fatigued
0.20982130054867837,0.20747663373128344,0.2848265872732448,0.6725716583872057,0.6036852745914885,0.8086351389703011,0.18432123822029434,22.445232458969667,0.0977193663124809,8.857723663384878,2.5491163486378405,2.5863300272919405,2,Yawning
0.25687676732226833,0.33017504143368087,0.24088962463161526,0.19053917938377055,0.21792983003833988,0.3384361370457814,0.0291373635798624,12.058899325157633,0.0,1.9836293479264009,2.4464931987684433,0.6061164690273534,0,Alert
0.1947371465445591,0.20163259447860593,0.1625202546350585,0.21328732462620942,0.2568901097916927,0.2993649879150021,0.35402065559768636,20.785640776868203,1.156964707771871,4.661872507476175,5.586101015202537,3.6330032888005475,0,Drowsy
0.11961574514207762,0.11201089496743838,0.07996492690236517,0.20255856871495553,0.20662865278283343,0.2941059422134808,0.8787609006591452,14.869235760523383,2.6596600731540443,13.470101817626439,17.108826290074393,6.503139125264216,1,Fatigued
0.26938280079746135,0.28803248214323296,0.2404898363061162,0.6281242677302463,0.4806954627423917,0.7469968958902207,0.22690041624529855,16.402605301074143,0.5590873844239154,5.034159123497252,3.0002850026952,3.4487581345912464,1,Yawning
0.34655858034494474,0.3440740127676758,0.25194263111063886,0.20517397886677952,0.1814815037817058,0.22947839505240275,0.024816805673405353,13.667375768769947,0.0,2.013041792837728,2.5140200170923745,1.41779860887698,0,Alert
0.19535215389057936,0.20396899915930028,0.11726498150681373,0.1679072835078956,0.1631694641373585,0.25533367205902874,0.48564416281435996,28.742581121687714,0.8412740568678863,9.989066243887253,6.350508781919129,2.7488937000837064,0,Drowsy
0.09907554167649801,0.14322513976457177,0.0939653107298419,0.24219070964158804,0.2980283969653769,0.39594683236881645,0.6630607274023489,10.889818435891957,1.8586931107446008,14.876213468362181,5.432124224825931,4.516396613078763,1,Fatigued
0.3034089909427111,0.25934932469811506,0.24422699951589102,0.6474429242079092,0.557854359409322,0.9219853616642069,0.09737833865226611,23.98802920697398,0.043360647073626614,7.822391123891707,3.4849595712374755,2.3231245667695806,4,Yawning
0.2846814153468951,0.31467436807756766,0.2428270074198654,0.17640333366636826,0.22950354170865042,0.2854591929515257,0.05084978462381729,17.970256234075126,0.0,2.7723287405332564,2.3735630699277634,1.3257425872992425,0,Alert
0.23139965816332866,0.2052096816834407,0.1125938316315402,0.2346271026443841,0.2525139272873289,0.30047142974809704,0.422373367107589,39.107514556138355,0.8473398389972048,9.981933212863957,3.6517003114557482,3.0387336786859214,0,Drowsy
0.06147372072141198,0.15736653997309288,0.04100237515314867,0.2625057920457599,0.3434879297135507,0.43162076930303583,0.5857792993699383,11.611351469183496,3.0862037397975293,21.080943668785885,6.178560417569223,5.0808098283258145,2,Fatigued
0.3057460324326832,0.28638722275839923,0.17542275477997185,0.7555387664388491,0.5628133793560789,0.7535734346900067,0.11326183766330358,14.153002398575225,0.5898183757210522,4.946583651527492,4.844147712267029,3.9642079367505128,4,Yawning
0.300230209582192,0.2959491674089675,0.26969154385588456,0.24168513234457775,0.21419023864902217,0.2583153685326847,0.04033758928795222,16.15257548941956,0.0,1.4052804524521831,2.6615409120550586,0.6138254950125305,0,Alert
0.19160020793576546,0.19847899078478784,0.1680764021863272,0.27115945662642615,0.21706957910616348,0.31607502972515306,0.3982597275205239,33.52753671309824,0.6929197097684565,10.742411068232638,7.869231222799501,1.616935670348186,0,Drowsy
0.07470134985185457,0.15480848837389619,0.06900295943787843,0.2705540215446978,0.2387465084029144,0.3392442478597714,0.575643199066578,7.90092569187749,3.1093692291667456,13.00995400248162,8.195311955176024,4.088469641492377,1,Fatigued
0.30170986531365374,0.2713334375632652,0.1687609882862285,0.6099832639377003,0.5608969128876653,0.7330798394519834,0.13235545811247146,16.52262123145617,0.785078973669725,9.487623565078497,4.887950728499046,1.4268969902760786,4,Yawning
0.37086141500550673,0.2846854640318005,0.2631964598421758,0.2224390206884465,0.15645049844798065,0.3373682274261737,0.010665372502484073,15.363251839070106,0.0,1.9966907976687849,2.31008399163951,1.27391280606406,0,Alert
0.17453150836074938,0.1939860237690048,0.19534831586604334,0.292998104931072,0.23289746921269314,0.25068978370791817,0.3037636549923185,32.786298377572656,0.6328357709377613,8.738334336572612,6.609860247421539,3.940476327105814,0,Drowsy
0.18201649415135823,0.17554748077026444,0.041804046606821466,0.19990312624681422,0.2591053756403954,0.2708162806310597,0.9318246981392951,8.59790954092403,3.7078922216551353,10.529197318403245,17.16963827146341,5.453403987286536,2,Fatigued
0.2147031300189869,0.2800207568967527,0.20881188208781576,0.562233608519235,0.5996260131142525,0.7476768675313609,0.16048795217085968,19.54021951003296,0.2556040269726502,9.710862912380628,3.4494952629569386,1.0149411507737742,1,Yawning
0.31872186246891215,0.2999243910211042,0.20820495610684792,0.2447707869593919,0.21663950175468047,0.22731122900139433,0.06777723253046544,14.573291643341403,0.0,1.1469036815838927,1.7968410894724858,1.0090098281028939,0,Alert
0.2299933873855257,0.20575911375266018,0.12380174255841976,0.22109058030537898,0.21201687834261349,0.2453373534484201,0.40931765570508005,24.395044875851777,1.1810059517739369,6.548466065504668,5.194881241163531,1.0568991541931236,0,Drowsy
0.10984425979682973,0.12162210772249965,0.08824064973499311,0.24038458550602904,0.27972702943273675,0.4373607072559148,0.7597599889763438,12.006744145945571,3.160039726320867,23.348295168436696,12.043858969740095,5.950518117333429,3,Fatigued
0.2560351792337351,0.28450484105892876,0.2312158237834074,0.5979624124481392,0.6600294837399985,0.7899600637575123,0.10527616422125373,19.408661509213925,0.5721987408046183,8.864034701947638,2.8099994032799236,3.243571656756882,4,Yawning
0.2929265491825543,0.3288865282774001,0.2939415623098021,0.1748750740846444,0.1967407385409932,0.18700581283663406,0.051721037416409876,15.253100819011372,0.0,2.4825990179072246,0.7906970972112874,1.1334734627166225,0,Alert
0.2304364561399289,0.1972276822681337,0.11322159502877432,0.2218700395322737,0.24450299256370955,0.32818265559541776,0.24717032133137118,26.426138987216632,0.7513269367661921,6.20042450672523,7.662676848418166,2.132500794425397,1,Drowsy
0.08724902479288982,0.1210641869234027,0.06384009661770255,0.29064452870186863,0.22658571717816026,0.3182237570718624,0.70493789265431,5.522047095950983,2.696700635500437,20.580127717137234,11.678686878246001,3.503267383601549,2,Fatigued
0.30580555174483504,0.2699324958475489,0.15136758206997275,0.5937998742223026,0.4859217743320935,0.6525014067963424,0.13692888786213941,20.083487071722885,0.7183833279773432,4.388149837874865,1.3376135907378504,2.217256371862698,1,Yawning
0.3286706739462662,0.2896456727900956,0.27096455439502026,0.23309856340085341,0.22002919626540018,0.2893450149461664,0.004671390433943747,12.00979703171489,0.0,1.5360171391763304,1.4311291087596694,0.7434670838519293,0,Alert
0.18623699511001424,0.20231554770336524,0.16362660220415146,0.22067656868706417,0.2052901466697218,0.31420006369197073,0.41185020286685736,25.8220981105435,0.5960760058439136,6.5940640055836965,6.342893143447258,3.456458160610912,0,Drowsy
0.15932011971226193,0.12370659642701719,0.06446315559398214,0.19371842467576178,0.2583040475508912,0.27798540087048523,0.8150691478626667,6.4846549048326025,3.3528649615368944,12.250773096396692,8.67799253249435,8.801658371905358,2,Fatigued
0.2775535320773787,0.325213635637737,0.20303259070629298,0.6605688829739155,0.49140565127114055,0.7796306110404027,0.11979754539933858,19.61668661976352,0.11102641128538392,8.969063644843295,1.1099441851508152,1.3085122449080648,1,Yawning
0.3109589227374816,0.3135060010809105,0.25264397062975175,0.24989284353630206,0.18187291142709422,0.3354983290740126,0.04720040695684663,19.337617788235747,0.0,0.7911847832405965,1.3919646284241205,0.908418033668926,0,Alert
0.16262911331148852,0.18832778556006394,0.11193018622494388,0.18998058183969052,0.22494190579110995,0.3938125924247542,0.42743302636508185,28.746767473256593,0.4330255319108159,9.453959887014385,4.66477095517236,3.6221304866357396,0,Drowsy
0.1360738845525776,0.15369547136572512,0.06081649140813332,0.24338909785857635,0.2503484064223251,0.3319607641205766,0.9216760546117321,6.994756851106567,1.5278439411804325,13.626199387563226,5.396492065422457,8.795824412546267,2,Fatigued
0.17284348769344995,0.22944953893272224,0.24891720098472137,0.7123709502380994,0.6578590889203819,0.7475089544264552,0.24395584166235162,16.52927037944032,0.4034110821679564,6.601758290844046,4.967979265296554,1.6992974391766391,1,Yawning
0.23742612585772732,0.31163285468842317,0.26724593607293107,0.18469219435668788,0.17447828028360216,0.28636661041285555,0.05191187183976607,15.10084894586092,0.0,2.5284655589699896,2.7972864924899907,0.9806055571291199,0,Alert
0.2468959445977111,0.21737771003100362,0.21761847711269633,0.216418075379586,0.2288069840168369,0.289067618470302,0.4468546716567332,37.00980377165127,0.9133155976729762,10.665707345366428,6.203985234339742,1.2621307477203723,0,Drowsy
0.13608378419856665,0.10157174723372878,0.08067106118293726,0.27359808322831125,0.21135603664619299,0.40205122968619533,0.6112633749035328,13.108362538262528,2.1185628634364786,22.81269700040881,7.20804838399552,8.96110578710575,2,Fatigued
0.25109911678967756,0.2668140188467745,0.24546139423099073,0.7875284555003564,0.5784750291816367,0.8486327499249504,0.08137832499478329,23.091111096652575,0.5018022304149606,8.653267893245028,4.096428481504163,1.8935934616752652,4,Yawning
0.3162726983298533,0.31619995726702976,0.30815985109889543,0.22705642099104575,0.1723805476923463,0.2926558600430392,0.015444331001400835,16.280424686441933,0.0,0.7880707819273545,2.912448240115278,0.8592654620687481,0,Alert
0.16793460777923558,0.20251477501733514,0.08915163237729873,0.19135845079458486,0.24677903683404676,0.2649287532423652,0.22739675054672684,38.26338018653545,0.8726011612484615,9.254976003012896,6.690706164013211,2.8177459859952507,0,Drowsy
0.14951832688318406,0.16967853818412448,0.0600871518551168,0.2497303799230512,0.2553276154150931,0.32599183620184635,0.8713251648828881,11.144589259733628,2.597100331790384,8.442555047001296,9.253300252871071,5.944477602957225,1,Fatigued
0.24486290497060514,0.25724740691190645,0.1692469173843092,0.7040228653133941,0.540338838864611,0.6734035649604846,0.12583430038998014,24.86620748916664,0.7734911653749627,4.327772651489379,4.786662180313851,3.0767857120358983,1,Yawning
0.2891099816591209,0.32757124195346626,0.2520127301736549,0.19246575094096396,0.18470910593312342,0.2692833527458905,0.03995589754605143,18.50016495397909,0.0,2.377952903747896,0.6488230806204477,0.6419426677096627,0,Alert
0.18261927519964402,0.2037971000997864,0.09799264313746472,0.1816157075115264,0.24580361175954898,0.33509062430379344,0.33645251626196476,34.93330345533637,0.5168082936885394,11.159731029150917,2.9155684292905537,1.576303541798168,1,Drowsy
0.17599733653846314,0.15830744325828927,0.05104197380783462,0.1484448298287443,0.24376558582229166,0.48807946456207085,0.5574513171110871,6.135831862721998,2.954000038813507,21.492262664863723,14.920340890589427,8.180395915055515,2,Fatigued
0.24368772109811188,0.22830002551259226,0.22574229708092622,0.6654653711193441,0.5351990280612983,0.6049952685745383,0.0874467679230659,18.776461101311767,0.6859233355708729,5.128276233233949,4.243168288651313,3.733934746526878,1,Yawning
0.32764947092714825,0.28881821206839775,0.2613468603968878,0.24568426389195036,0.213374345160244,0.2841856928739464,0.05288116856261904,21.067308599203837,0.0,1.9150236453276843,2.6084468444398192,0.36141113073429176,0,Alert
0.1378319199380612,0.20727733991543154,0.15552798444249577,0.2312711683294569,0.1817842605683746,0.3465118855224628,0.4792630602587341,30.55714676275965,0.9759564425086041,11.124046803481416,7.938991592593416,2.5181918473050215,0,Drowsy
0.1401014809290419,0.12491524930645208,0.11478558885545156,0.18829675019294195,0.24158790580726341,0.38749778436761506,0.8649514414360397,12.530409963159372,3.804477760809663,11.638303743046105,15.755250620204231,9.338642649532808,2,Fatigued
0.26636098165555994,0.28428824017133797,0.1804614764373219,0.7924876281601512,0.5578083116775555,0.7775499177689942,0.1120313617235535,17.255397514042297,0.49420441130526094,4.638946151586065,4.015657617361168,1.6740745488089295,4,Yawning
0.33112153689901164,0.2747494577730997,0.24999568272812486,0.14908026671074914,0.18875648449884827,0.2988724695802458,0.06481915703194142,13.394459894168875,0.0,0.5862242991986342,0.7748364251421156,1.1696434089170247,0,Alert
0.22457413442210056,0.18471264687689828,0.10954347682661372,0.272228356128613,0.1462157580636558,0.2879495728230753,0.4842046989063602,26.39897724703175,0.5466584337799686,6.924742743004626,6.017094245612073,3.0920880710843957,0,Drowsy
0.1821615345088619,0.12232494457589155,0.07300065731790883,0.2245085758156784,0.22720599338549458,0.4315820253906721,0.9446971250904841,10.242979444524515,3.614132276894224,24.6593825382644,8.65495209961052,8.606171985087563,1,Fatigued
0.21451958517467284,0.22935634447988354,0.1964615821659056,0.8037157612571942,0.6450371300002884,0.6445777729656309,0.17133879269248575,18.250816735467033,0.7555099181810584,3.1620244174873915,3.848529937890353,2.229519604898638,2,Yawning
0.31609906590226905,0.3102724301320541,0.2896643518620585,0.1019753037722359,0.2144584151759541,0.26869668483852854,0.03549696936580619,19.775368643528605,0.0,0.6993356877377067,2.4706165712370316,0.8373160849269174,0,Alert
0.21835248748795813,0.1951162213175614,0.10297043860836555,0.21669217924437495,0.22085368527344465,0.2351240160433291,0.20589145919590218,28.482511761987475,0.9424491229229921,8.142036682287031,5.588597246452993,1.9798543510349493,0,Drowsy
0.1023216449359955,0.16762040368111303,0.11229536633687492,0.23970228112125774,0.2092826741361181,0.35265929112000716,0.6804446051370484,5.8748668962701505,3.972197798137534,11.893440505247412,13.266705452404343,4.990415713614562,3,Fatigued
0.2668588564026315,0.24104180343534493,0.16733508084584195,0.6661460006169236,0.661595343251219,0.7075704234036735,0.07778288464870667,12.285317271105825,0.7123871658790912,7.021819476843153,1.0799510222840274,3.977018442783961,3,Yawning
0.3536702457237507,0.29597343799723674,0.26501144978149743,0.16698917819215192,0.13945219540012918,0.2254223776459496,0.018583015040667297,10.365112338432533,0.0,2.619222985911614,1.3160252150860647,1.0854183516488012,0,Alert
0.2027305539041489,0.22253686122364114,0.09480589521103272,0.19325378555426606,0.22570489583426528,0.3426660249875766,0.39958441797696787,28.52316650290554,1.0760389702939444,9.709377496075897,3.6990996306860966,2.798735980075144,1,Drowsy
0.14702737990554385,0.13042679641449814,0.07680942306987507,0.21442336724757577,0.26264049227692915,0.3025937767549698,0.9034613355319645,5.787862092034749,3.462594639666,23.22727899327574,17.661612815982718,7.055703756615623,2,Fatigued
0.21871083456230914,0.22444993202194935,0.19157383296138286,0.8743409567072841,0.5305598086543744,0.7586441914617569,0.07117631007622274,24.695013492547893,0.7963084017489909,8.226611719975729,2.0255886007241193,3.86014520320165,4,Yawning
0.25725351990386375,0.3018458912753955,0.2577876184290237,0.2705814049631265,0.17239125048007595,0.3115551832449685,0.011023469971077803,15.993131163974112,0.0,2.50691321884076,1.1969568646828261,0.5593610952110502,0,Alert
0.19247347461252892,0.21475715868056014,0.15451940485898574,0.2249663441538886,0.19474379947248732,0.29880293502196087,0.4847721913061419,39.718831324441624,0.5879944164320303,9.35759235863002,7.04979039228271,1.7010408532434296,1,Drowsy
0.11480230082286531,0.1459622797533623,0.07572767788902061,0.2688139641269416,0.2940214260622478,0.4185814061749076,0.8991621870155676,14.93058037116004,1.7716654463099666,18.728986372317337,9.37371932871362,8.681608989420853,3,Fatigued
0.2616442593632048,0.24363046407818148,0.21435377530375205,0.5330211828168232,0.6578702360692601,0.8870431426466978,0.22044175706217733,17.06671639075759,0.41308333013319676,3.07649879277424,4.158202406319067,1.7784631221275586,3,Yawning
0.29998190673843594,0.2987575106080138,0.2923647762658728,0.18888954440719236,0.22749841964465528,0.33438521502225516,0.07041964478418755,19.631756899685506,0.0,2.955285602019076,2.722896302332889,0.4543533561964571,0,Alert
0.1963269643289284,0.1973286694070938,0.18621657151542836,0.2705988357613717,0.2398063962715225,0.298674734017058,0.2987739390936281,38.382292127662865,0.7772811210425772,4.083125328334688,2.972247867168477,1.3069577699649928,1,Drowsy
0.10243020059331256,0.1364335256121854,0.039015365609309446,0.3465914233899514,0.2839327426781477,0.31089890457051017,0.5875894977633531,14.748966887556422,1.7913601945382969,21.142203813662277,9.786992459090815,9.05683560392264,3,Fatigued
0.26132956473684915,0.26344551092647756,0.19154231249434353,0.7035627578298816,0.5712443407144163,0.7770866328404323,0.10155197257962778,24.451964302810076,0.3332789805694222,3.988792612259157,3.3668578033086667,3.989844112135799,1,Yawning
0.24693083825965179,0.31279126305642674,0.23505620015774142,0.19327031185877921,0.18463685304954305,0.2717396776520047,0.0711768218780679,12.385029726022939,0.0,2.3922503385718468,1.373879470508365,0.8167165146217312,0,Alert
0.23067186510425539,0.18827200226796761,0.12551987384174065,0.2511238786059276,0.24345529939730715,0.26445956881222277,0.25854591817031625,32.79679531219544,0.47554246375490844,8.961097279685497,5.080440404062599,1.341717146728925,0,Drowsy
0.12881840905236477,0.17525982676125393,0.0397785497947219,0.28947700800743087,0.2338758174480579,0.28382670564636525,0.6415828312124675,13.376830467772105,3.9669713451862245,23.114634303088696,11.867565457033194,7.396922216274311,1,Fatigued
0.19736574461382486,0.27943658387572157,0.17324983525913942,0.567508604641368,0.5251679365015776,0.6776017606479352,0.1868709202496625,22.800988640772477,0.2660658323946891,4.635131807780548,4.330570313340537,3.6721120821577635,1,Yawning
0.28797899105079294,0.2780722932352829,0.2704848874150844,0.24647623657132417,0.16881462971297914,0.25102215255745614,0.07661715589684719,11.053316332379042,0.0,0.5108377715233532,2.1823372557158756,0.998816755207274,0,Alert
0.22681677304053643,0.2283394042556362,0.1184774195119572,0.24948115888222733,0.2844048320451845,0.2923503920634449,0.3618095806534226,23.177950248692493,0.8714184244992365,11.092229195471806,4.511103339590586,3.0067984733062105,0,Drowsy
0.08899182524253672,0.15011442562198243,0.0847482389802188,0.18979452963969407,0.31761017173927647,0.3538107956768275,0.6720829050479965,9.023679950243622,1.5534026846278934,18.37243176628399,10.500865777504211,9.438352436694135,1,Fatigued
0.29141362809670934,0.2882888181881862,0.23274029486737965,0.5566793924066666,0.5151644796773085,0.8043803481162373,0.13198289007475184,17.309208689882396,0.6183493864786569,4.686525439752449,4.875034218783711,2.531391437906387,2,Yawning
0.3135674519912368,0.32056646913042125,0.2687090791560557,0.205284469324325,0.2060349676493455,0.38142694565113877,0.038212030191863526,10.74256253495439,0.0,1.6360871664369612,1.2188989127267473,0.5569340803916071,0,Alert
0.17960192165724756,0.18745734832636313,0.09936201016782074,0.17838479396624357,0.22970181565197062,0.32250450742853987,0.49735940309575705,27.118794200346052,0.7561500365917956,11.672494215877325,5.651757195792119,1.6387872485118176,1,Drowsy
0.11320883165523077,0.14566041884869563,0.08070453019781189,0.2506800224246315,0.29977270434637104,0.346025542326659,0.9407836827247958,14.551300000847746,3.48266221197174,14.411962028334901,5.857473390512787,3.688638844103568,2,Fatigued
0.18979120102396185,0.2862183361188586,0.17348784113442867,0.5413526707875317,0.5836303738084941,0.7299345785914634,0.058390914258125794,15.04941207831357,0.6468422369819371,8.837706872654698,1.4462203158568046,3.92129035003815,2,Yawning
0.3485691975601047,0.33725245119498637,0.2565182492624481,0.1651844572940112,0.14413331990303446,0.2890084194102691,0.07047796894667725,20.05203929813466,0.0,1.734052280856325,1.3500780066102873,1.2420049536073376,0,Alert
0.1493672390341321,0.2084671588232748,0.17187609619594885,0.27257741341317465,0.1572242971124969,0.34987558105173855,0.4551368734957191,34.19405506600107,0.6172208992253269,8.01350929850808,2.9376272529455796,1.9863288733057216,0,Drowsy
0.14391997387149555,0.168617697433703,0.08935702338640031,0.24737345177914577,0.2846456405172374,0.3265935509714191,0.9186014908369176,9.915392442651969,3.322756446508251,14.409337563405405,7.065427184540253,7.105527170306977,3,Fatigued
0.3281299043155632,0.2978753150495795,0.2339510653867471,0.5967983081071434,0.5558230591493668,0.7627413618052643,0.06684656056454436,18.098640861170274,0.3482110684312596,5.355523184127845,2.965280559612013,2.318901320199636,1,Yawning
0.32266742496275064,0.3086772089590705,0.2952008753026972,0.2026067336433281,0.23104004305258807,0.31147818256378795,0.036596372391042825,12.111075151963385,0.0,1.6621811097984316,2.11971812293323,0.9911697125867183,0,Alert
0.2298386725782499,0.19472302674532083,0.10293910173880128,0.20598815551823993,0.2942921869415579,0.26115593397842224,0.3358299827834227,38.37892150944218,0.6277594360796035,9.290657285597367,2.6737683284593863,2.17685637299208,1,Drowsy
0.12269148178159303,0.17893040230845306,0.10193250559108706,0.275031537621775,0.23416135316955375,0.3454154871062314,0.7123389071994193,6.446731621025153,2.1931027994062546,24.096373423060264,16.01207371189274,7.147246841973622,3,Fatigued
0.1621001943060136,0.26706102803709736,0.19440485277577152,0.7190929229808383,0.5186113752135084,0.6883170948687182,0.0977933067177193,18.483636634322963,0.23320409916365917,6.612428205304533,3.6771736997871556,3.3318963571397733,1,Yawning
0.2830049556929895,0.32017273062710555,0.2855904837767268,0.18538785716383246,0.1313362284936005,0.2733540242259975,0.00873886913589998,10.621039709087057,0.0,1.4979478585590182,0.749813450459331,0.3346126245593776,0,Alert
0.2020377692995834,0.16000081378792366,0.15718742144875167,0.18111179171088143,0.1947806028181623,0.31162520632938123,0.39111023736881456,27.138896373902774,0.441857181661013,11.583852637337538,5.427181742634017,2.433161107091912,0,Drowsy
0.12051170370427249,0.14419393462529617,0.041888532940549394,0.2928082021905018,0.2369229697688338,0.5260163423702764,0.7908792318790194,5.321117907365654,1.5820917015753084,20.26711790442465,7.510654169695358,7.565389235344394,1,Fatigued
0.25133987424976956,0.2849459318158339,0.19280500449322946,0.5586275033039994,0.5179241898694253,0.7978083599163996,0.11238175255726475,17.708039822391257,0.21745988013235282,6.2292499610198,1.0383865779781067,1.636563918253982,3,Yawning
0.2973681175125697,0.3076670150622189,0.2678822994882922,0.1891579932185649,0.20897004608649047,0.3308059368786579,0.03730579711697016,17.76571215196131,0.0,1.6656203196082537,2.110762101797851,0.5996253295582052,0,Alert
0.2149917881895395,0.22675492451110302,0.16904068120028784,0.20009019430875313,0.18073468473991006,0.3174541134830391,0.22331373860105802,33.99211495274441,1.0920966433664083,10.459535908756349,5.933906181332912,1.4241251668143042,1,Drowsy
0.12902823184013082,0.1495371324616857,0.06184298471204302,0.22152869507205702,0.16336770013673363,0.4495381120671963,0.7349697352403621,10.428634773412075,3.9551303648565037,21.47480632881885,13.18312943477706,5.545939301355353,2,Fatigued
0.2737284681827013,0.2528976766424457,0.14169163908675445,0.5878716303178744,0.547610991575518,0.8299833028048189,0.22991541148262196,23.526300635228594,0.06414503337164357,9.61754084903475,1.3078195344302297,3.890518345741638,2,Yawning
0.30405918341207794,0.31573369639748683,0.23450979581390147,0.2796059109527311,0.17444582005451992,0.269843961490365,0.01073866644759538,20.043861537371754,0.0,2.3743835808139053,1.4558528257277512,1.27703255580652,0,Alert
0.20625926053394422,0.19597947532506027,0.18102190441429594,0.19162603016692636,0.25535585608026123,0.3074343914879754,0.3592285850465069,35.29714098210082,0.4628572658333374,8.720207772870904,5.301705064816032,2.8299301652054805,1,Drowsy
0.18713155240990453,0.19975840814469786,0.05864065442766146,0.1448492797982452,0.1919736868835934,0.3462884215964943,0.6958946895761436,13.161084426094453,1.955995298953681,20.407505198219962,13.47062580348648,3.401084426978614,1,Fatigued
0.22896542777758966,0.301048144894918,0.20002286662583108,0.7071903185051928,0.5172087303574853,0.7515595218621485,0.24130534991545322,14.265034731497433,0.4306724790483541,5.769722269711121,2.662338802978423,2.929900498108325,4,Yawning
0.3093226169330917,0.3113588966897301,0.2260434143875439,0.20595983567301676,0.16713871228881197,0.3376332239529951,0.038527693875062205,16.813754510207545,0.0,2.2156058247681916,0.6501291532243831,0.9213714219225719,0,Alert
0.16802819794076557,0.20599381388284183,0.1490663289273572,0.21080627272926242,0.23592759283128895,0.41278647403446656,0.48194475294417455,38.160114220448314,0.8636495302818896,5.111639370548029,4.758890142015801,3.1754931007870173,1,Drowsy
0.11366376457134855,0.16228295388075464,0.0632608792060234,0.3061881031417645,0.2080345519657414,0.3711649765175308,0.8322346320258059,14.721077279007796,1.6090009132967906,9.59509131984044,6.60727797539418,6.013947334589108,1,Fatigued
0.28960592534331614,0.3021906853448897,0.1744187916590882,0.74602954308256,0.5385330206888604,0.8427553602028794,0.10238169693488836,12.1379007186036,0.6970912278556751,6.747406944681207,4.901528335007971,3.1440441687017784,4,Yawning
0.33976824188319615,0.28544021633438815,0.2511137561832617,0.21893969741680108,0.13997283654635415,0.3181339302094425,0.04046223000368495,17.449094101400725,0.0,2.7339995467050278,0.9807316695682018,0.3131085631728785,0,Alert
0.15964302643700512,0.2423285111498008,0.08611506022494257,0.24121224728998408,0.23665515306935986,0.258016478032376,0.27327646690715207,29.881720864623222,0.7860609469768058,7.628461037725898,6.776514177617449,1.6498390043985518,1,Drowsy
0.12446356696007689,0.1675286870031149,0.07313771465523737,0.27493511966017836,0.17392482934945452,0.3780248767870399,0.9439198228677357,5.717799833362802,2.617388216951628,18.55679863217054,13.002959280384776,8.171308728353907,3,Fatigued
0.23400529900660122,0.2915086447976832,0.1448246691551486,0.5588669018736547,0.5436711304058546,0.7924156848883825,0.09437384214093539,20.22047754309276,0.34181353186018265,4.750560441810238,3.8605418978328045,1.5757758599431853,1,Yawning
0.35122169653479945,0.2898497828873351,0.2868491977881342,0.24683985972817069,0.1636913265730886,0.30522661639550697,0.011487271862651917,21.743539074784703,0.0,0.613237822106253,1.6693412175706759,0.7526044122844204,0,Alert
0.23655347180357417,0.1979028698534372,0.15192765118553597,0.2296290643782712,0.2572205849543003,0.21898088648508762,0.4676921142026362,39.87696125710769,1.1754354898922839,9.742750970149874,2.8593653468610776,1.06955803537908,0,Drowsy
0.0856795863898985,0.1311141605842494,0.039857888919468225,0.20728270946324354,0.20363784646664715,0.39167469586229486,0.8134736336295525,14.269875331045009,2.1997839242402746,19.507140482010016,6.866294580245919,3.849687594680814,1,Fatigued
0.25242228889895285,0.2618951968016348,0.1744774796273548,0.7836156941520616,0.5507567700611345,0.6484622775717424,0.18042841232227724,12.58274728399548,0.23329751149395578,8.6659577638723,3.080978266440777,1.10613764551996,1,Yawning
0.3472141326457418,0.2912537479619967,0.262963189274756,0.1876108106813097,0.2042314348117777,0.2520648220968929,0.047804262871623496,13.625878653085834,0.0,0.6978068176918288,2.873336936781093,0.8962506252215972,0,Alert
0.25563456056107514,0.2357188543741576,0.13199727984835763,0.2361203120952724,0.2267716941295511,0.2897116721096343,0.49309269327700506,21.144841326131917,0.7408974544298927,8.238276202750285,3.5127137846209404,3.948616447458904,0,Drowsy
0.14755506232627563,0.14725549646882927,0.08578909897718273,0.28664508305547953,0.2001480394181866,0.36589015979107886,0.8389596995566271,11.002068575926714,2.7673302584899617,19.785876833473907,10.772621956893918,6.667017636858003,1,Fatigued
0.23985212789091812,0.2168149835708739,0.17695480870847302,0.7635151709390804,0.5261522471570387,0.6624858912356977,0.06384373348187762,21.33213396030412,0.11819672701935824,4.995881349425913,4.524324022215568,2.621492973870313,1,Yawning
0.3623315385452797,0.2935783998057144,0.22551840602750095,0.21505243318933417,0.16533121632453512,0.30287073051888036,0.05551906274073324,10.037330531478913,0.0,1.8719312844044242,1.5026690688903526,0.5940349059425315,0,Alert
0.266155619004773,0.21476754809682327,0.13473211596011145,0.29251560879763705,0.20811294069792494,0.315428981901544,0.30772907091771445,36.96754277345233,0.707219665581032,7.692679992497172,3.631006544149429,1.8223982764401003,1,Drowsy
0.11476508258575809,0.13004865198987914,0.09431327326507696,0.21495013965874415,0.24585220059972437,0.2666111090085876,0.7785524391277249,9.250118471625372,2.1017198293261483,24.325002944979236,10.374190149497291,8.091169968756654,3,Fatigued
0.3338628660117759,0.23091547157240436,0.17071531977766094,0.9048494339396991,0.5902422075303164,0.5393485564782371,0.08235714689634951,13.413252610600773,0.23170998300147075,7.966533543897273,3.3531515353419854,2.440369052857038,1,Yawning
0.34136150956062417,0.3126095336521685,0.2819985769548638,0.21929288998575344,0.20134589113257087,0.27509281610491865,0.01869669107436968,13.034067519588522,0.0,2.3014413227233526,2.483582397062352,0.6832561176801184,0,Alert
0.19171526353378446,0.23847979277535192,0.14058098034188354,0.21883249698492824,0.24928887329577618,0.4226327168208863,0.38419364220157204,38.60381254844302,0.9244296251504529,9.179808933278688,6.556825278237366,3.59986211691948,0,Drowsy
0.14956004367558245,0.1759063352320987,0.11361640334588344,0.3158957143111506,0.23712085585130444,0.40413709999231556,0.5772196220019856,7.0952940162251545,1.5201827370446073,21.204146927182883,15.602792679450069,9.985582913988953,1,Fatigued
0.2232073436790148,0.26627830384991,0.24816589525571664,0.6809405416446482,0.6791978709557414,0.8332703400279622,0.05611267425195328,23.173694741508978,0.30800284224020685,9.823968764246947,1.48186147812104,3.834015654355713,4,Yawning
0.2782581484812845,0.29912120466056813,0.29907313495953447,0.21126783655309414,0.2637932548257916,0.27519206625650255,0.029193641151998753,10.33507116686368,0.0,2.935160310562873,2.5485337613499883,0.2954444713100165,0,Alert
0.26260393413305744,0.1942898362641677,0.14982826875025707,0.16801082519538157,0.17651888701432275,0.32835850064674865,0.24236309278323598,35.17924579237275,0.658069156919707,5.952324270737947,6.427270116835932,3.208206076068946,1,Drowsy
0.09980879127029745,0.11760630363164373,0.11316073268357166,0.22327283503823406,0.2594702115470701,0.3557815058778394,0.6831058396958136,10.415040824827427,3.5333213273342428,14.341483088892563,11.048889607941824,7.794821868796587,1,Fatigued
0.29710042718304186,0.19656790518568878,0.2830665114061637,0.6167495020489804,0.6155543133186708,0.5980185685314423,0.10406565395307679,14.248595389353296,0.23686169403804921,4.726995901567917,2.7932297529573376,3.2400284958630587,2,Yawning
0.303939498440749,0.2869823931344774,0.2510985780172908,0.14966813886624522,0.13454803309096575,0.272942363305881,0.07495751603470888,16.750363570676583,0.0,2.6072316848672417,2.4018213676389504,1.0595162020481095,0,Alert
0.19604848751687762,0.20998353622272195,0.09279370329829306,0.2695815098093697,0.21562907800835338,0.2697134724826009,0.4206659966849914,39.23355589397408,0.6992839128976656,8.341786389639815,7.10746630018151,2.0019982598500445,1,Drowsy
0.15949589113763504,0.14529098651841046,0.08948236394954587,0.26412375382876324,0.22921285823125795,0.26267628771824725,0.6771807966588558,14.704110038389198,3.691860753239175,12.24870223654258,9.0757646905321,6.702364663044771,3,Fatigued
0.3202128690407794,0.2680849953382112,0.20878062464650743,0.6957736675187574,0.6136806623051699,0.7660979944816769,0.15200604176065094,19.891778731084006,0.6069758418173162,5.9780470489735595,1.294325948555099,2.0504990705730926,1,Yawning
0.3258364562047373,0.29039227080934205,0.2820571136245072,0.18009350428813292,0.1387611615666787,0.2845043357694911,0.025909653380059235,13.923126909058935,0.0,2.4714480422982574,2.2777889970666836,0.6149783395504929,0,Alert
0.17563662529031399,0.209624763629033,0.12375548258265884,0.25030801473797626,0.22679876773777327,0.36556373526641345,0.3703460486648127,23.25437484628443,0.4556282876720132,8.420932647854613,4.807934739531344,1.359049100731788,1,Drowsy
0.16033542480363722,0.15998649228454953,0.07016106643160397,0.17599635463265706,0.275303633043169,0.3699002660515157,0.8141877849475134,13.39021958334206,2.6848737896232437,20.194163540985755,17.739750482876126,4.074419899908304,2,Fatigued
0.20657384708057436,0.2455698023696444,0.2309760376060819,0.8142811916541521,0.5044849172096599,0.7179382029638401,0.11347512754664135,16.956007051890047,0.30452275449685606,5.500816736338133,1.1948900248925476,2.392099323704551,1,Yawning
0.33203587655273464,0.3431008444293746,0.2430465610156993,0.1441177990741211,0.20060009659482392,0.2788537735585895,0.02590958143230494,18.013382788362488,0.0,1.3939869429965337,1.6608261034906566,0.9215032140893136,0,Alert
0.1824183990651201,0.222248954504332,0.11019650473901876,0.20912500672362186,0.22527631785757404,0.28435894925778826,0.2567273133076708,21.195986838521975,1.1176783449651242,8.274515358283168,2.8077692444179077,1.160278382342649,1,Drowsy
0.13073137292250941,0.13747042223265335,0.09251274717323867,0.2924703735307697,0.29175756812433795,0.3521652611184021,0.6411151899836772,13.307962849842788,2.19090869897044,14.162267800412952,6.669592621586402,3.712283294535532,3,Fatigued
0.30091537666275947,0.3045383906588251,0.1785547534397471,0.720755917392856,0.4979348761187543,0.7225894285591848,0.15820782943372086,15.803417703003117,0.5511485128068502,3.0024105758917874,1.238731993838317,2.29768090155803,2,Yawning
0.27030612659537684,0.3030689955635878,0.28617819612893974,0.1693955690093642,0.1538026022815438,0.26132448368748373,0.03419293113658655,15.457680252191917,0.0,1.2409430119426206,2.989212722982597,1.1979138245552545,0,Alert
0.22439600650661504,0.2188204563364305,0.17293446449245076,0.24511476450609676,0.22033668291019876,0.18796887074386456,0.21409891499085482,25.612927828176314,0.6944099273866529,9.003761803354639,4.785267708763421,2.8235147872698985,1,Drowsy
0.13190043782935337,0.12535312815338456,0.0703265480029277,0.11791757062547198,0.240154637393284,0.2650464357760136,0.6100159057163508,12.440430806908699,2.984765650563995,9.334970757060315,16.564988083076738,7.314657232309468,1,Fatigued
0.23198704376929688,0.28530546473295904,0.1707868098823724,0.8202052176486243,0.5461454692933193,0.8119592979026548,0.056180563493518944,18.24869747119666,0.6363989950879945,7.529590316207949,4.8652607864586965,3.5298174701942373,4,Yawning
0.29101008903111125,0.328872001055892,0.28970801047140843,0.19859872403388604,0.1163813322393266,0.27203802869566185,0.0009258565191567048,16.816474030441075,0.0,0.811857695342716,2.4116206019775657,0.5350590409595255,0,Alert
0.23423984788690672,0.23719193250967308,0.09669371487507339,0.24890841995941565,0.239409698346619,0.29924646958561285,0.2038421997891281,23.63045266907916,0.888136734113588,10.536370035225358,4.150073052037152,2.9603303758324,1,Drowsy
0.11145806035139688,0.16119095109619447,0.08629820781677063,0.25381360492208377,0.20232872886995296,0.3904000036548057,0.6588154626326249,6.66934728695362,1.9601593430034991,8.62036904008138,16.145096055577465,6.6995160119948505,1,Fatigued
0.2552448494744073,0.20221340062033227,0.2307596614537967,0.5157476392121996,0.5901752614538908,0.646575256805747,0.22075260082497067,14.912871609897762,0.406301772684498,7.54082849184922,3.2585045248536644,2.096948338576678,1,Yawning
0.3326197519021332,0.3384957065797726,0.2583597271664477,0.18946351868301675,0.216878528980805,0.1975720807414183,0.020626222347740947,13.205868582133121,0.0,2.0521520001918985,2.8614188582853917,1.058232834727704,0,Alert
0.1880208533431602,0.2420309785561161,0.09628585411298626,0.20489763622173962,0.13263285111227083,0.3372813587094215,0.3036350023538986,28.854903186768375,0.7070678165783119,11.519170864716294,7.881509944855011,3.519702797535262,1,Drowsy
0.13763602903110844,0.13699533827541427,0.11349603355871461,0.29721025793289657,0.283318273161627,0.3976469560744127,0.6328707709945641,11.223035132347999,2.950121648340933,24.042220438659054,8.020780415115432,3.41106054062032,2,Fatigued
0.2875071343790513,0.27075700693565263,0.09350905532708018,0.6104972841855535,0.4255790970592075,0.6909290363388109,0.08333501676853079,22.946815450291574,0.31126832620663586,6.7037589973220095,1.0795476658537457,1.180761618141997,2,Yawning
0.3321384672325534,0.28251815005816827,0.25766913188080637,0.1811919821036697,0.17052944063451736,0.25001944912959606,0.05157787917029593,11.562735356302436,0.0,2.651776308242471,2.162089765921837,1.1239557322944755,0,Alert
0.19195310193980641,0.26997468211004927,0.1772931073354488,0.1820288197317706,0.24238522161100146,0.32329315331598785,0.27158778461378164,26.205053725009815,0.652872357935975,10.447987636453657,2.5942419910529138,2.366947362966939,0,Drowsy
0.13280404875719187,0.17716389645774325,0.0788406761013046,0.28417030919882863,0.2211424720093941,0.28430270040349803,0.9123470023724345,14.93738288324387,2.5546349174737086,10.836391275092183,8.722280643043792,6.8730743975977475,3,Fatigued
0.23663761078262038,0.26383581697101255,0.2161058567390653,0.8087238228402025,0.44851775063078325,0.7957427112199138,0.21297925805059476,12.042522029306252,0.26688094333135365,7.616482433212074,4.631690149667683,1.7038478707756992,3,Yawning
0.27589961821252107,0.3140973350687976,0.24371224556531162,0.2172034373178774,0.15153699334284942,0.24571865674058685,0.055200796214956604,19.38834827927983,0.0,0.9207914548897838,2.5299918564973543,0.20937827279292517,0,Alert
0.2478588622123554,0.26712380374992056,0.09978882377134729,0.24550398523283973,0.21930974544921722,0.3075351693486224,0.22142186337747638,37.843877736137365,0.5389330605513387,7.401863739989285,4.604002341442302,2.658593943514614,1,Drowsy
0.1287548021778972,0.14462605153934346,0.04826129471709722,0.2723843359255401,0.27410715825328424,0.28098017399169906,0.790681713862228,6.671468749931097,3.7112524081628973,19.559593192738188,9.713491239197108,7.78537282993805,3,Fatigued
0.21883551893693626,0.2570285166636536,0.27137624772484586,0.6918161610986474,0.5042642691057467,0.7211094399762674,0.2159088323623954,15.2864242638126,0.41025196328528524,7.839402046424701,2.268300801576883,2.945909612117255,3,Yawning
0.35026105992927187,0.3095437261190415,0.27007341546924346,0.2303232004118936,0.22491515565900475,0.24185901096653448,0.019723135830155333,12.57529830078042,0.0,1.867819885576331,2.1971361095851565,0.2689672956851848,0,Alert
0.20900473929341143,0.23066354282737958,0.1747332179054356,0.21045500811126996,0.23677965624471034,0.4003967966798513,0.295927136584629,23.959901233136325,0.7349384314172125,6.294580607681692,4.035551526406765,2.5468931659360976,1,Drowsy
0.10467589928332177,0.1778093895344898,0.0739419912065139,0.3315766527531572,0.2296150382395726,0.2827018244717952,0.6030954524126391,6.144828189065359,1.5576482711440267,12.808523116480082,9.301372195145284,7.896105990569448,3,Fatigued
0.3211732261476681,0.28358824779413455,0.12646921062410443,0.6887665800350687,0.5678200776558838,0.8364284641018915,0.16587661675828141,20.568718649935683,0.6848025326630788,8.12334288039675,1.844496776862981,2.4004706332219587,3,Yawning
0.30021113005522176,0.3532678447359463,0.2694337613002624,0.17318713936972613,0.2260076719702615,0.18261502522355677,0.07738128530904867,15.834760972302263,0.0,2.5584321638966068,2.4239438083531106,1.0615809689679387,0,Alert
0.19183200283854518,0.21869882434284002,0.12689926990065165,0.2658473225257141,0.2191826943301912,0.3885309947890898,0.45731277588297076,37.89687075385973,0.8781151005472924,8.06101565464996,6.699680859994006,1.80095860953752,1,Drowsy
0.16894489454331713,0.1463393103001262,0.09527045335809646,0.28799377306424445,0.19370220190536175,0.40293545057648456,0.8643486656266359,14.568687598478888,3.7537238246067397,9.954187782052324,9.804181468746673,5.550259300383198,3,Fatigued
0.3020148186309856,0.1880447655530329,0.2000853093519179,0.7044872632172222,0.4907016086750824,0.6452092933674909,0.12299681363612819,24.729350914958538,0.2886044031777189,3.7608251645286632,4.113315578540607,2.098189874746158,1,Yawning
0.2831001205659064,0.2790665466450023,0.24962220260362575,0.24175744681690867,0.17381120217497176,0.2657429320708882,0.01155003983863426,19.10489069139023,0.0,0.8623038808453414,1.1510539213365916,0.4657178467607037,0,Alert
0.18144636828861757,0.20580595787408892,0.19317309629887708,0.16492844700171372,0.25886522746352375,0.35688933781449583,0.3562070262632153,30.20672090883372,0.9050430218625687,9.624387165359021,4.08014226217551,1.9911114198064452,1,Drowsy
0.17920062135852985,0.13076300682769365,0.05555564607186056,0.21524185901318738,0.28671724777774626,0.3785417540451334,0.9446609419099011,11.147747518198258,3.7719816081250337,14.10733074524591,14.10614166653342,3.3906382640779245,1,Fatigued
0.30815154626659835,0.28993498453645683,0.22112021152788214,0.8688803949600288,0.5213173497469643,0.6877619814210317,0.17292512167588903,14.407384695314867,0.7270512345810514,5.877170804657749,4.399851513167374,1.7477096335864502,4,Yawning
0.38764987930998623,0.2900533084751661,0.2562194381777691,0.19145427041447605,0.196885577085278,0.336993191486859,0.01161573041840339,18.2416218359839,0.0,2.851720915814443,1.9311286856186798,0.3283100074367,0,Alert
0.2203621913105713,0.2140495206764913,0.11869978705868958,0.22306650733345387,0.2710789813869065,0.26810266309474445,0.31546560528117895,39.99182793480466,0.724302890938996,8.369889011580401,3.3523521957420765,1.4564146129065751,1,Drowsy
0.1420496130202134,0.11827961488343369,0.11308568508930467,0.32947017821532626,0.24480002972459844,0.33799510042347436,0.9137712795956026,10.105189477299,3.297073216929657,23.538263364621372,13.354095814324207,7.720280071017358,3,Fatigued
0.22039073074497129,0.25489879292546624,0.07737683639106656,0.6818571247933651,0.543092628398622,0.7560708406177193,0.20795065376635619,13.379070707420844,0.16596722246324955,6.611174828307697,2.852698400089698,3.9665769242021445,3,Yawning
0.3738101361667899,0.3126017387252348,0.2471897155128804,0.2167949849116707,0.2097182834215481,0.32552388376441793,0.07505276484851674,20.391479223338422,0.0,0.6871800936720586,0.8432563541971523,0.9815222071888727,0,Alert
0.1616560436016322,0.21141255657396682,0.1454465633313156,0.1779373085140597,0.23714669713116285,0.3507522300988013,0.20479914411222233,20.95281886825476,0.8398712969205828,11.955405511153423,4.05389720582811,2.033124449216032,1,Drowsy
0.12325734754345477,0.19576950015142675,0.08064842257193058,0.2731415045846316,0.2652974715875487,0.28436481245100653,0.7693869312833654,13.038294972201466,1.942278993983109,12.435973245456381,16.981178396170385,9.510182792724073,1,Fatigued
0.21388535193811523,0.2582388039390863,0.17885113468652739,0.7269691517656787,0.5596066534383759,0.8105049032551527,0.2049484233025763,17.180403631837258,0.7933730335271041,4.5928599929640335,2.057374650552699,1.1542973321124188,2,Yawning
0.3178050798628686,0.3336005387791546,0.25834842476936987,0.22208721802265569,0.19674312781172232,0.22755304189377532,0.03492354463692185,16.206128577262195,0.0,2.5198680846923747,2.13895996984194,0.44085792561918724,0,Alert
0.21813095947608413,0.24084129716463373,0.1933484249493591,0.25124894121888003,0.17456109937924497,0.4340180326746076,0.3921140848442288,34.4745413910115,0.5806135542649524,7.9763991539049,4.749034779590742,1.1197098118338649,0,Drowsy
0.1621812622230232,0.15758650728061227,0.0744400575650961,0.32619424382113826,0.22924369295139962,0.38346720343316976,0.8515933640900666,9.740090217476624,3.746589386681939,21.55635796811392,16.719105596992236,4.499734942594514,1,Fatigued
0.2517102655838865,0.2905628828522459,0.24851322783094337,0.6937925327277362,0.5715319728748467,0.7971720732867978,0.05484296110638601,16.09439484318102,0.10314902791474437,4.083310209381038,2.163628749531568,1.2242213715656578,3,Yawning
0.28074535752891583,0.3212383521895002,0.23000923302052984,0.14255136785712427,0.21448035224287806,0.2665545304300234,0.054307658838330095,13.359271726765591,0.0,1.1053019015725933,0.5448836774980976,0.6505569299300611,0,Alert
0.14660530474029698,0.2142870441655399,0.11803583294087787,0.28652125512847393,0.23229426398948785,0.31142771282716125,0.27884026318644173,27.965152401933125,0.7058326308166175,5.9295867653699865,3.3048604388625002,1.9071400564402108,0,Drowsy
0.11302447663502879,0.13099368613794382,0.058372651768578906,0.2488258153894539,0.23072163202226023,0.29622739827337913,0.8552007110634834,13.88583116890738,2.34010640649172,10.795437591078624,14.5811515682423,8.407904310712237,3,Fatigued
0.27713624370392864,0.24787864347623845,0.23212932224939062,0.6671821223155664,0.4746010500523635,0.5785343489776031,0.07535931963734684,16.17217820618144,0.3206723763138274,3.1225612806449563,2.750297873771316,2.0089556538019187,4,Yawning
0.3107392469991384,0.30795531580233976,0.2508107921924958,0.18866096033782756,0.1784055934702019,0.29606902550904646,0.03549926236237885,17.58598197807909,0.0,1.8862368903874716,2.9440727457568574,1.2214653970592793,0,Alert
0.18066239188499078,0.2344786469773225,0.11417623388743917,0.19872154170423048,0.26301070695512363,0.3140080481556978,0.30219850746138616,38.12457874303743,0.835864330663828,7.723395309935018,6.722215053171658,1.3043304911253537,1,Drowsy
0.12419805583163261,0.1858791436143244,0.07984745442165081,0.19916266771300067,0.2888664633311553,0.27314055469521203,0.6229102336662846,8.939123247513528,3.915297885001333,9.510745786915141,12.830344053235084,3.6345376033397505,3,Fatigued
0.22816979691754363,0.2476600529275526,0.16638992941525343,0.6341913379515915,0.6014015122195143,0.8936835366612947,0.17968837859668568,16.468421409766087,0.6157867220592355,3.907261186679153,3.2845468378454408,1.8263589167394216,3,Yawning
0.2986588559889136,0.29105746928741577,0.2874396980181423,0.22097451214987282,0.18778153549832818,0.2631564574810899,0.0023085093210784536,16.149400466001538,0.0,2.136468892181793,1.642273955211547,0.7062834525140753,0,Alert
0.24437928308265428,0.20520918010651543,0.10481235139262715,0.25018194899127916,0.20083997942426057,0.3217528431775391,0.3138766011017904,23.4808495815427,0.41784030881652323,6.856715982127727,6.356674504366614,3.7630656020752125,1,Drowsy
0.12442193751586189,0.14092202437746276,0.10210596505749732,0.2134730840853659,0.27557883785806997,0.4163561277174625,0.5587454210365516,14.106957964263788,2.038888167289354,18.69404387977552,5.803647559148449,3.5706826431043814,3,Fatigued
0.33925915083457825,0.3002909016076051,0.19695770684292535,0.6669448516191264,0.5274165397137099,0.6371146115327656,0.21845482052662318,15.313037708177655,0.7977096122906737,5.486832691969698,2.5457946339344923,1.366318612692383,1,Yawning
0.32406663623861504,0.327843772935199,0.2509597856364023,0.23069535920394457,0.23904119688372633,0.2737728825865229,0.05150550553476268,14.319062793944015,0.0,1.77998906427325,2.9902452359081892,1.1644023940380466,0,Alert
0.23419014687008158,0.2179605782784442,0.15853294779049318,0.21681719727601456,0.16204145819422616,0.34902551064274845,0.2258059932714897,27.513904384944468,0.8549107016292563,9.625985109865955,7.25070015746644,3.8318825059714445,0,Drowsy
0.1457940269384405,0.14907723268419118,0.08868556321322414,0.17054490100404285,0.2753218528985196,0.38258243265035335,0.7127884121712028,11.869219076574815,2.2580036784607067,15.403093570150943,16.64315270564419,9.64935326531668,2,Fatigued
0.3055674525340309,0.2565833661160845,0.14939657607607065,0.7582372010399938,0.5448854242516324,0.7981424482638935,0.1358729640778354,20.815033632482105,0.6140548498449517,6.3289111668759555,1.8560036068468966,3.3199259281768647,1,Yawning
0.3309969451260843,0.2794682535171449,0.27247880243015704,0.15740395961343812,0.18818269319509925,0.3143871272042017,0.012547918644882588,12.072508308949597,0.0,2.714738485086412,2.1360785153670303,1.443250146567117,0,Alert
0.21865112516695145,0.22394441570040735,0.17996984821524215,0.21997020739773934,0.25620937414027617,0.30387975479922363,0.4273223875061368,33.568772511921026,0.6637729487707653,9.045693098468481,5.040725748650475,2.384628600777729,0,Drowsy
0.1698499541915306,0.15694820955390204,0.06589152571995098,0.24493575261605016,0.225244758281358,0.3597439943911753,0.8769875580065754,5.430341833066944,1.843493452525927,12.676829038895566,13.2337422993904,9.83451369741914,3,Fatigued
0.21907978961231783,0.27706222180991885,0.2574360620819089,0.7094388634536928,0.6116285527185171,0.6443465817186644,0.11309060056895784,17.8633329455095,0.01607269003543683,7.854486043132881,4.533120526048052,3.9305789434388645,3,Yawning
0.3208338230991844,0.29903073872181085,0.2769160237804067,0.20811045076305054,0.2189509504026422,0.2508734039944681,0.05477373293753518,13.190146405717027,0.0,2.1684465988520625,2.810933451441624,1.3939667839672545,0,Alert
0.21079076312951142,0.22697321904344445,0.11130499130977942,0.1968096049310391,0.19590423114618832,0.3586311492984017,0.20727588081297654,27.945413036839785,0.7860856644738712,5.353841847201015,2.2642900169752984,1.5673764492942066,1,Drowsy
0.13051931274206185,0.18118522223453537,0.06975738529904638,0.18081797774336833,0.21718340925031926,0.25360596011025494,0.7619873230850801,11.250702913772493,3.612804862291906,23.470175458026045,11.013556703717782,3.6207000614937774,2,Fatigued
0.28248296024979935,0.29004715824718386,0.23695728976071603,0.6363612371317192,0.5380756266738526,0.7365726690789692,0.058991266697897476,24.211034719072487,0.24640871816421894,9.42332516124534,2.090454246077319,3.7226978780090487,4,Yawning
0.28885640590243244,0.3204957679417876,0.23775750113545324,0.18029555127577085,0.13684887931251255,0.22605692023585502,0.003845027517819508,19.965975341232998,0.0,2.635466239486063,2.4687681100124887,1.3018885842006496,0,Alert
0.2538050752859491,0.24315718067792952,0.12846494818403853,0.2567596995333404,0.21473551693017434,0.23642397115662112,0.27213195070234975,36.54181704056397,1.1666343720635814,4.4401848288047026,3.40022978878201,1.5686863714459305,0,Drowsy
0.13904705585759095,0.15656601764760184,0.09343200430446869,0.22358240390470363,0.23973063416950513,0.3923814057437172,0.6918284189037835,9.14229015605856,2.335516104578164,11.61111351441718,13.039830113287563,6.938178203717261,2,Fatigued
0.23926500147188765,0.23843196369987926,0.27617725332594695,0.6329319080582549,0.514948989806476,0.8660933027906472,0.14560891890940966,21.821116413872407,0.28216626424667607,8.493363478875809,4.86950426239588,3.641441870024141,1,Yawning
0.36424672027447447,0.313571771976673,0.2644362229666192,0.21286885488063195,0.19572533444820328,0.313923486352037,0.07233762041016453,17.45880681378049,0.0,2.675121915204234,0.5984413260945884,1.055208096487597,0,Alert
0.19103936604751248,0.21638039036130352,0.17039310281688697,0.24017596786301817,0.19856583980842155,0.2400536317028945,0.3708553155497658,30.38335377769124,0.43135151442970854,4.7893767846833075,2.602799475826168,1.786803716497525,1,Drowsy
0.122387246182636,0.15124468670930274,0.06673558284566534,0.18539937045404678,0.2415535509248165,0.32613533025008556,0.8023473556337932,7.275222518130329,2.858706818320946,24.985157115677453,16.529950740715158,3.410625821203429,3,Fatigued
0.3846539213207208,0.2866491458730041,0.20585080041447348,0.6488763943954432,0.6026002321160187,0.7206713524197679,0.2419354468138512,24.262473454885196,0.7053801925595362,9.263907387229107,2.156032177363806,1.4544096707810747,3,Yawning
0.33006658275097156,0.3469738741459579,0.291542069148232,0.15157647268050262,0.25578683568143157,0.24690495736188844,0.018735245985790946,21.20483486401062,0.0,1.1854352213486792,1.1505365182557463,0.6089801247237587,0,Alert
0.18884993154018476,0.20942086976635088,0.12767073783305322,0.2234341977202701,0.155421650347465,0.42018703076680547,0.27276411744092305,26.595360343416534,0.9645278489957357,4.076780158971171,3.899882828154558,3.040891762494602,0,Drowsy
0.10544229300252951,0.12844798225070564,0.07949025925888778,0.30080359595601897,0.22296887350742078,0.4166865347828395,0.7093479923308434,6.6713836177825625,3.790864633987416,23.24532279821436,17.794821189342056,5.817129890187981,2,Fatigued
0.22726705659527602,0.2753728440325327,0.22987448386479983,0.6427716311404694,0.5018142497658712,0.7109825849499221,0.1598844265696498,18.750315280415244,0.3596956707430701,9.626576264300642,2.120597483802075,1.8799726877858987,1,Yawning
0.31091514443501284,0.299243418630934,0.242812277378585,0.1567977009879304,0.22352286789117495,0.2775837547113546,0.05685338452703012,21.242147155413956,0.0,2.149927511396694,0.5177693677196491,0.5452607565519809,0,Alert
0.20774352847911262,0.22460304228124434,0.11162413381903902,0.16412692764388315,0.1851603517003758,0.2793920816560407,0.33303971472703336,32.84596246738742,0.6490055383093568,4.6375993865140455,6.2511951613589805,2.377049667343806,0,Drowsy
0.13497407911752388,0.17862255940993024,0.06448897578121883,0.2949182644893288,0.22890571462992623,0.2098121993454625,0.7528779611885232,7.061855769704111,3.1766049754711774,19.77317965924985,6.849912018490166,6.730366779388069,3,Fatigued
0.27014272912551385,0.26971885324437705,0.16425647500406335,0.6627034465773339,0.5192782291444432,0.7957596509914148,0.19265711458048845,14.326691675296637,0.013501912686351503,4.11859022652318,2.5079547863032876,1.3198547413893948,4,Yawning
0.3563961457689071,0.31704953750211673,0.26426809193431455,0.27860954905867685,0.20900881090807458,0.3457526900227993,0.03083650441523604,15.22965799009178,0.0,2.5962533488597037,1.9081838953088672,0.6904849926110104,0,Alert
0.1994196468736932,0.18330809345223534,0.1319761361835675,0.21980352775937778,0.21196614569687952,0.2947246425195342,0.22764885250949332,37.879244509908034,1.0834812534404246,11.766892071014054,6.238793686062859,2.936393638636048,1,Drowsy
0.18553462186057346,0.1604867457115209,0.10228436140558629,0.2600942331563773,0.2524557400431229,0.41988398252679887,0.8030030597319089,14.2187592049783,3.8246662099124236,19.292246326218088,5.100805616251126,3.730878503277587,3,Fatigued
0.20866227737224052,0.2514471434270061,0.24513122921427866,0.5559395318342324,0.6337721088822131,0.7259820148572661,0.05613971491971037,23.03763160620983,0.3071037062000064,3.8276480026181625,3.2699909151924085,3.857081684273228,4,Yawning
0.32775227963143244,0.31671071308193877,0.2541175545974928,0.19153225641716415,0.23477295745585022,0.29659659422864815,0.04656348627844586,21.555969849506873,0.0,2.4889111534794734,2.2519795022731524,0.2783344781332537,0,Alert
0.2062012674803257,0.20430670899129458,0.16030703713083075,0.1927973747498005,0.25997936556087803,0.3513102780816123,0.20311975663645687,26.52417226547488,0.5714764480509392,11.990243245989788,6.02589339431141,2.2170143586392315,0,Drowsy
0.1658748331475282,0.13779018960843104,0.11655112598483054,0.23290754093774169,0.1921106755961301,0.3609518943446592,0.575823436069321,8.661866512034038,3.831972057364621,17.005495353966403,15.428496879019322,7.03167149454182,2,Fatigued
0.2504479985811983,0.26311093811992514,0.27074644958316774,0.6813591424307228,0.5018015650744537,0.8088545727434068,0.07001990256945066,16.997992860299263,0.7345380345952595,6.817570768685676,2.2803990673270973,1.970913005017365,2,Yawning
0.31973588659890606,0.2970067255041646,0.2510353980473173,0.1899127929705255,0.13332077206402182,0.1976713389874745,0.07718191353830162,17.91826765779458,0.0,0.9216488956177245,1.6203970699896684,1.206455893229669,0,Alert
0.14748638899766514,0.19591121201161074,0.13002786352343335,0.15900906372531937,0.23571583184527647,0.3567333937617114,0.45490021854572876,38.41526582314742,1.024613474440416,6.094160081159826,3.712674094323016,2.057463044869295,0,Drowsy
0.1588558849195327,0.12028689001015803,0.05067776840251893,0.2781152232790153,0.18256293371693183,0.33375479050665807,0.570231474066695,10.169704674268786,2.367477835630095,17.22900134906481,17.304595192115872,4.003592181867248,2,Fatigued
0.2571636757167697,0.24586372155917754,0.22619919175655354,0.8142548303119128,0.4169873393598667,0.7437999048969828,0.1119948343063002,16.89172027636474,0.48930796320725706,4.174277691058753,4.085448332218503,2.725759720279331,3,Yawning
0.2908448655516926,0.30942565572536673,0.2596990799192042,0.18091435937085487,0.17554798889511025,0.28359508631367664,0.07377925229801431,18.618601941889878,0.0,2.5032058962168544,1.9600581280408789,1.062607299000869,0,Alert
0.24718813261668662,0.1903244008933642,0.1017325821103722,0.18237509318166872,0.21529465350716964,0.3891257059523262,0.3331279263058402,34.95075575957698,0.5184307440367547,7.7303674091593635,2.21500212660649,3.011220464534408,1,Drowsy
0.1029409558486494,0.14631674920915608,0.10697855012238167,0.2274911685376543,0.2162350556013774,0.24435684120508122,0.934383474024857,5.317080758915623,2.978804419738389,20.638413560219696,14.89147164240532,8.01156617418831,2,Fatigued
0.2621619255927934,0.24905368571273254,0.19330782312664083,0.6893299632009009,0.5095584071638041,0.880389532380086,0.2380792865148344,21.965775230469127,0.774288753285262,9.50520681683227,2.9251744119172285,3.264126935930698,4,Yawning
0.30931270348515316,0.33830851592038436,0.27277072155578214,0.21513297442448007,0.2014777663044813,0.2602335892392503,0.07915045011683804,15.95469297426957,0.0,2.6607592065042307,0.9647496310420735,0.9855732173202312,0,Alert
0.19419200088239974,0.23094187313813655,0.1146515034692419,0.21892634685436327,0.21880168675083422,0.29077919273896347,0.45304259949234016,38.626485442294296,0.9269224027690205,10.611188794676938,6.409124975950432,3.104457480701228,0,Drowsy
0.1027786043323672,0.1352534389796043,0.10334053381267558,0.3148780403773522,0.2541422712662854,0.27256326573422046,0.6105265847264183,13.838358069313271,1.970361719632213,16.87577570120233,11.656172194994333,7.227619410907554,2,Fatigued
0.28851892108513955,0.3193325429216963,0.16153341088736298,0.615298250436876,0.5980225959627176,0.8020743198184367,0.1694228352333384,20.475788234395523,0.27916861168511425,3.278302797310176,2.014543374565012,2.752909681391278,2,Yawning
0.27413942323901097,0.32243904484957864,0.2525522562915471,0.14130910407231545,0.20443117462289026,0.2466744887924176,0.0318193485518315,13.523401367887283,0.0,1.2895484491282638,1.0182082646226842,0.7349569359185153,0,Alert
0.21932871779307384,0.1906795540581436,0.15504407822609778,0.25699523571449007,0.20351927704971853,0.2841273463779061,0.2734434580297673,26.216965418543204,0.8605047186184747,4.225380890440837,4.2936355702398545,1.7391553836777893,0,Drowsy
0.12545706476202112,0.1570191265721965,0.08360281521414832,0.2685353218570991,0.2579876983247753,0.30056763414203086,0.7501629797693457,12.07725008144484,3.412473831670496,21.662308594026374,15.854741725044295,8.930571650847506,2,Fatigued
0.26338023223027157,0.23311940285357657,0.1653871069580879,0.75458226838611,0.5613459734060111,0.7045484075795668,0.21986374637600936,24.390727170997657,0.6137368084132151,4.397550080542507,4.910644739214922,3.758307628086528,2,Yawning
0.29562779667438494,0.31685645828239367,0.2579007440308907,0.2619982741411853,0.1893174198301679,0.29785540299519786,0.053812636259379154,19.433430092990207,0.0,1.006230663130819,2.5457181939245537,1.44538115122443,0,Alert
0.23872857806008135,0.22052144998015263,0.21148954451288368,0.25165919754365573,0.2204806044218933,0.30395009660483074,0.37266912494721205,33.40095091530773,0.535512487066151,5.93099409908074,6.536027790153576,1.5029164600820968,1,Drowsy
0.1295338552379044,0.18526304229299959,0.09209065888201913,0.2946250402127989,0.20325222556319755,0.41575616885645444,0.6553103302732946,11.008748920952613,2.000205350995211,21.86200596574436,11.7979621966651,4.5889295264343275,3,Fatigued
0.29131386803555265,0.23699852469449567,0.17926993948112063,0.6591264812731749,0.6644288860037545,0.6497914880630407,0.06795549164221566,18.739281880876256,0.41189138595640795,7.400516684295922,1.978582554121855,1.061924449737599,4,Yawning
0.28436600481198904,0.30903201898742844,0.23214134724822766,0.17618038372772588,0.19859197022493183,0.21795531765603482,0.013670962860543324,18.075083567916543,0.0,1.4208808937209372,1.3077737310081476,0.7996712491333942,0,Alert
0.16593723378274028,0.21270086705927418,0.15957064787205766,0.23415709422907222,0.1953298109755767,0.29143852300323714,0.4281516271157191,23.67083447531299,0.43300412829036533,8.953945763062231,3.4385084978321014,1.515431226785679,1,Drowsy
0.14489927780731157,0.15834839956493948,0.0814979998925685,0.2713463467947226,0.2882807941399854,0.3066583883323512,0.6154166345686227,5.682316700040566,3.4633271628069227,24.16141308706848,10.751810284562879,4.127934174136829,3,Fatigued
0.2552433739409363,0.230440322723464,0.19224579374810866,0.7225790189481214,0.5957506367615599,0.8749552589749425,0.19307894932315317,23.760587969324284,0.11719914649424804,4.831127172056469,4.983123568672568,1.4688518755288809,3,Yawning
0.2507920980514024,0.32238552379876184,0.2585698285707006,0.20294873896943857,0.18390113907179317,0.25504551805196185,0.047815751827694965,13.771902694630171,0.0,2.972953598697276,0.987782588232911,1.2472931268204004,0,Alert
0.1920514858839122,0.19538643845404827,0.16193827305377703,0.19629102145152136,0.19121872383964886,0.29104291143419564,0.4079119554269788,25.151530714158806,0.7884374959827325,5.05226737851236,6.347588066259036,2.2205086151616182,1,Drowsy
0.12302914369431085,0.15861158969253047,0.06046351748249372,0.24964450059425405,0.21436183414594412,0.2577030234721618,0.7448195506732057,5.000674976465744,3.721639405951171,8.13047176250091,15.057899318927525,6.294052386494597,3,Fatigued
0.2368498469611203,0.2683723639562907,0.1685516998956124,0.5774557189589025,0.5107264571730487,0.7318434064893573,0.13991411032345263,20.99533724685137,0.03893761443889865,8.256469206612614,4.820420811853834,1.0280144691148116,4,Yawning
0.2545318636788623,0.32767943685357054,0.28316516561556054,0.23383100254337463,0.15184024155938847,0.3042860416311723,0.04068862394698035,13.02316965618764,0.0,2.757282088384795,2.4159643752063933,0.8409076778072362,0,Alert
0.20154723772857996,0.22026864822998657,0.12013847133205106,0.2087753695506266,0.25369570022323157,0.3268163716022842,0.4600156184469346,32.09134133365497,0.7147506905873702,9.202370464725439,6.572842127354237,2.2348743531823785,0,Drowsy
0.060840912869756375,0.17336233766971332,0.06654717445197222,0.3200205704618658,0.24481951958533,0.421981928329831,0.5760833757647215,7.5940629024688135,2.6544320902146152,9.75863705808355,12.424055507217766,3.8439771317838103,2,Fatigued
0.2770393248714015,0.2423822716659123,0.25346220687008936,0.7225702857260188,0.5087063043016643,0.75644766592238,0.19116925080882985,16.981009264858482,0.2562280009752879,9.941714846736144,3.361599063838911,3.132157219808234,4,Yawning
0.2860266837159532,0.2999122442141991,0.2667218760717107,0.2424827496440922,0.19928833833949394,0.3306541902841784,0.041565043209658835,17.39373556161237,0.0,1.427298859826755,1.7414602370777588,0.9109896677879863,0,Alert
0.1904543853701667,0.212545686655874,0.11442174494853727,0.14219801081330427,0.2272861878610599,0.32047801268756515,0.31556982641362596,24.85506193039521,0.8602019268677832,5.721207620856039,7.643260590751308,1.7777629061367075,1,Drowsy
0.07610623836489985,0.16018278951343082,0.038137837053606065,0.23097807323246503,0.26191079104078346,0.28293452310102124,0.8193743605996741,13.2923169274975,3.686879457884312,19.975852374254565,13.937475127067657,3.3967296573553076,1,Fatigued
0.30114342934097765,0.25841937090675404,0.20273114960230898,0.6190040819969703,0.6020164407150634,0.7901053696112033,0.1666860643950993,14.422160132508385,0.7716290065745793,3.6625605728142654,4.075998447187833,1.2596776715299258,3,Yawning
0.2893799066823618,0.3250497310762382,0.281984566907807,0.2366919398643725,0.19252526205301754,0.26291217069019995,0.009828975726569525,12.036331701931715,0.0,1.335286279639936,1.5349768668050021,1.3748414934767934,0,Alert
0.20604309631751858,0.21327553742385708,0.14164179275330066,0.22371218184225714,0.21083748339906935,0.39091984342574315,0.3531350704028732,38.649708535332685,0.7026047292421196,4.335576584513658,6.576526312848637,2.7194725351525553,1,Drowsy
0.10513297542485542,0.12395248502709749,0.07961954973403988,0.13821867866625975,0.14375557289801066,0.38747800064986193,0.6827081355111427,10.044093282900555,1.58403851157165,18.96842992053745,12.87777271974738,4.954538598076047,1,Fatigued
0.26594027265193987,0.24821894253051052,0.2477131736055188,0.8773372817239631,0.5512800134752366,0.7762742302539039,0.1943581459939382,13.467937533836782,0.23917663134845074,4.928126304495802,3.3039020234320335,1.9924396850712218,1,Yawning
0.3271747264135641,0.3047605629028735,0.29401549575081853,0.15060820995125923,0.14822244655491054,0.20765277725565712,0.043730961503592125,14.27112051544987,0.0,2.481842485673089,2.0840968385380974,1.0966824900006293,0,Alert
0.16738498202851043,0.22150170620879267,0.11897471043391211,0.24152153455699665,0.22138107430337997,0.28352549446192965,0.3660571862487042,23.779311494631973,0.6787031554337272,11.566154365429576,3.7100193925249396,1.466704182296106,1,Drowsy
0.05178849673445815,0.12322520464660452,0.08834635316734205,0.18012472974700028,0.21149311480146982,0.3772363600957618,0.8528498290323205,12.001616357954912,1.9933572020690582,19.032109627004356,10.117731831725793,7.767964267461008,1,Fatigued
0.20691158902373985,0.21968716324583507,0.21001410433804218,0.5861040951397014,0.46910010968316773,0.7662214081298705,0.15834608586678828,24.65032447420412,0.5715268766830318,6.366877917083463,4.664335942325501,2.7259430695159175,2,Yawning
0.31794848781727797,0.31065432066903853,0.2895644182230698,0.15972162894149947,0.24470011130914832,0.33320578021530345,0.05895839716285257,11.669299359795449,0.0,1.8741101099956774,1.7728241759860577,0.6452887258177029,0,Alert
0.2240794622678811,0.1555148846963389,0.10477626708328522,0.17933894842720205,0.21437168823080946,0.3251609655839382,0.2938889235511346,33.0742229226759,0.5670183746648341,8.578181082284658,3.8129848498912944,3.5299038200506314,0,Drowsy
0.12899767239706222,0.15699459364152732,0.10427195124604498,0.25180486471075375,0.25914123323633587,0.3278909051853979,0.7867680561509078,12.255001353845254,1.6996350566586131,21.02519061870786,9.04022975945756,8.636625937948894,3,Fatigued
0.2723501194001013,0.28128021548434645,0.255014371924859,0.5966173243505221,0.579547632432514,0.7106464821092461,0.18146780436980214,17.704781933071846,0.6916138524373625,3.974641509106311,4.383142529745212,1.0716592195668033,2,Yawning
0.29476338776919214,0.3372209119531985,0.26198369387719117,0.23551816980824053,0.18107437134499899,0.29126832015997994,0.05053445607143148,20.54894785914588,0.0,0.9457080705399702,2.344314836587115,0.23302098669305094,0,Alert
0.176369681107271,0.20415365708461825,0.1350259994569097,0.22223682643692874,0.16711879029875187,0.3132364729647868,0.34200171618586306,20.36551029476714,0.4412897464565652,4.127806630747059,5.7147912202826845,2.6802787530256253,0,Drowsy
0.13966028889427468,0.17396490670832512,0.07399701995090273,0.20604191383785386,0.23440368109968435,0.3517872008469081,0.5670523654673991,11.776633822005778,3.7205071287546154,22.53777319849446,7.185888594206357,9.378634168146387,2,Fatigued
0.2287066640060182,0.26259243491477813,0.1979148430717657,0.572771891895686,0.6448098512618733,0.7474952192450667,0.19523532511445052,14.616549500731626,0.47596529644661206,3.1443526052002184,2.5941895975373335,3.292315721714817,2,Yawning
0.3352114854188702,0.32051989969818245,0.2384008414565374,0.2272074665957137,0.17551565843446132,0.2693568763792102,0.047765518802368685,12.03029827351149,0.0,2.2327248454076036,2.343116858061637,0.8231352638204612,0,Alert
0.20655017764515024,0.1940023104703733,0.1549728985186799,0.21432605047682035,0.1963412623396275,0.32121738588618154,0.3908147249591538,35.58707405052997,0.528402247524482,7.592458914755091,6.459181719426929,1.0614808461666425,0,Drowsy
0.14956400532545427,0.12832380977345884,0.05264539781427531,0.15271496985399352,0.19441099723356609,0.2990741675377695,0.6855105380038121,6.63375573952103,2.5086311728321933,23.37825734979654,7.917549455714897,7.791157730452452,1,Fatigued
0.2164815560461048,0.22266375247361211,0.18186209916897966,0.6325753144455386,0.4497316660551521,0.7032660678715861,0.19028497091810298,18.992042739554186,0.6578377026345951,8.071674424033136,1.512402447841922,1.3701668967301561,4,Yawning
0.3469713760005187,0.2807522853626522,0.26972706411649394,0.15977043044731884,0.1753865459968375,0.3015644826100813,0.008936982568193487,11.830926302137705,0.0,1.1170456396123614,0.9205802949822721,1.076199255042906,0,Alert
0.23409973628402783,0.162378001686856,0.12644189920205223,0.17741629318229746,0.2574073578472953,0.37367373176094654,0.4030896453876056,31.042735756920443,1.1620173312095252,8.057417286148612,4.696472175778679,1.7426366971514304,1,Drowsy
0.10708545392619578,0.13031386495057112,0.042437690181357166,0.19568840671269486,0.29719236679402344,0.30684814026708074,0.6173519650769339,11.276185873324245,3.195394439119587,21.635479785004662,16.015253279025565,4.110658804269804,2,Fatigued
0.31538170279403827,0.28855528806445147,0.2079714764048595,0.5395674503983973,0.5937063518167502,0.8093069362120676,0.1807640332227491,13.024240047133745,0.04051508822057919,5.719117170345898,1.1067497059168758,3.712432995564257,2,Yawning
0.3027382948386738,0.2934943950076978,0.244455579009065,0.18700269062592226,0.2082263845465297,0.3163219384202475,0.06371706471651592,14.45859266626517,0.0,1.5255900407189198,1.29405302634182,0.7699545957280385,0,Alert
0.19532496529979,0.25903250743672607,0.09209131772902486,0.2125589734717514,0.2593577972599375,0.35745439291500475,0.22279453471907687,21.35252655275345,0.5224965220647899,5.1796077395242595,4.5240228490964265,1.4722122468560925,1,Drowsy
0.19885132554260268,0.146961000932659,0.07811239639293416,0.2661639181661044,0.2791530997117343,0.3364452794673445,0.721724719254979,13.561899348114633,1.57084236122347,16.324060349055404,17.3815775820407,4.769632611114709,3,Fatigued
0.2691579266115861,0.2877669959580192,0.24100843102940436,0.723703827166131,0.4948030925292434,0.7961675222271144,0.20175063592637693,22.335506713770904,0.18935939252431455,3.6070423140264793,3.003283865115199,3.670655531704873,2,Yawning
0.25385949912234207,0.316512946475799,0.2457085708231518,0.2420489752099585,0.1771294288498395,0.29316445798692925,0.0210567079946634,16.185003546592664,0.0,2.628618625244954,0.9622162423550715,0.33572449671811205,0,Alert
0.20039434365679304,0.19394444650262807,0.16025637291240516,0.1797956999664794,0.23364716586534046,0.3441114680027581,0.4355204171960993,22.5959960162668,0.7177900657463347,11.877957302653972,7.933325429528529,2.807282175862564,0,Drowsy
0.1501113197286997,0.16098020970184196,0.10133757201207653,0.1875351291393379,0.2428468318546686,0.41652350608352234,0.9434613349928354,8.850356949037469,3.892182517473676,18.45597347903351,11.658665933879224,5.119667222258231,3,Fatigued
0.31038471956675573,0.26975051510938836,0.16274612052661303,0.6890648462642582,0.5164992395025673,0.6386739014562188,0.12454190235457907,23.684363525498554,0.40358895106547055,6.130220007840992,4.272100435347106,1.1467214029148431,2,Yawning
0.3390528317666856,0.29042261804658887,0.29040024681566795,0.12361447557842883,0.16977260254214552,0.22339542361916673,0.03755918651581677,13.829688985506316,0.0,2.543608054692906,2.6905170249949566,0.2143469029708024,0,Alert
0.23931136544795314,0.2317816325472068,0.13666221096694278,0.23584495219394117,0.2228387453688097,0.249949981716325,0.334266705373517,35.83462931208115,1.1231803529884323,4.693664221091439,7.079476871893452,3.726912634664475,0,Drowsy
0.0959884250732822,0.12927726161248013,0.11612637187675127,0.2548213677995766,0.2211336346054748,0.34362720898531246,0.6411035254878087,14.018081374423737,2.807797417098886,21.862501190295486,12.223912056278024,9.605214669986124,3,Fatigued
0.3349544619508301,0.2990546700236705,0.16154829012209596,0.6207792511503736,0.6100348520839082,0.8470013366461426,0.07453569127079301,15.102337980321721,0.7572606291761681,5.1292419787208345,1.1033260412775268,1.1913461524782454,3,Yawning
0.3388665310419845,0.3290537350981634,0.23868251799030316,0.21094583949879162,0.14993399749417755,0.28532082952362386,0.07989380434810242,13.203543281214646,0.0,1.0767146086536212,2.059707887810111,0.8642334571855192,0,Alert
0.19783873992930764,0.23748110708652018,0.13657842856555955,0.17353764726806659,0.19550849340882537,0.2835458026305641,0.48731758293353133,27.24049053715482,0.4371448837378713,11.762613381098422,6.769037448632947,1.7632399196924755,0,Drowsy
0.13323977641483847,0.13793926807177667,0.033572110398183426,0.25879300624535484,0.24967133811576356,0.41733719080850923,0.6752464248934111,9.441040383371002,2.3920088934597206,15.3114553311739,5.92645527447141,3.783410713518452,2,Fatigued
0.3021065093712199,0.3125475038410812,0.19031151468236618,0.7657486105640876,0.5085894051092361,0.6671097938089692,0.16754829758905843,23.13070834794837,0.5613792988060377,6.8010917333834735,3.4075134382401377,2.584783641184913,2,Yawning
0.31192421815211585,0.3003306847216465,0.24651611561990472,0.2306432293090152,0.1255325396593266,0.3052388380011658,0.015723701137446113,17.376848606509874,0.0,2.9842304385170775,1.413218150699862,0.918092710743807,0,Alert
0.2236509440233207,0.20279937351783267,0.13329729581775046,0.23014371766763225,0.22807951713539235,0.28437857050317017,0.3157712317609685,30.614811869237414,0.9220566255499707,4.422697902343879,3.7577190265459604,2.382718935306601,1,Drowsy
0.15175099823173407,0.14858782589418004,0.06447835633328967,0.3102263512151377,0.18829082013220796,0.37130339455522826,0.8226611921178988,5.920485098303379,3.670093199350399,9.532334903340763,8.070526657785196,3.6400156379916275,1,Fatigued
0.283856005701081,0.267668533589646,0.27112151090581144,0.4846671711049062,0.5875370459041483,0.8185168550265147,0.1739206640834571,17.42074030666423,0.6339506939196847,9.637598333025243,1.0392435877721073,2.7635352893579834,3,Yawning
0.3198469413006885,0.31468288616122997,0.2904767487738146,0.20050471249443108,0.20610691549004226,0.2265211984328462,0.050895995416453274,15.887970013801265,0.0,0.7922005408704906,2.3352505795476937,1.290801630346349,0,Alert
0.1678190852923646,0.21876902783339386,0.13363099698289158,0.2017894477705803,0.23659550160121715,0.40818654700810136,0.46688975104511954,22.201869995401424,0.9715677999008265,5.1730576554654,2.365552560612109,1.3987135221140965,1,Drowsy
0.08573359670362934,0.14347669183834844,0.07940797037781143,0.2160812439125073,0.23086241993074347,0.2647175113618888,0.6610999946441146,11.037088702804333,3.9771934671848985,17.302942652098302,13.409646919606011,9.434930304258408,1,Fatigued
0.3281651851813137,0.2357317603823918,0.18583515057290598,0.7044826625890809,0.4938259476545532,0.8020483962905127,0.2294255671160808,16.11587703351948,0.2614367816600329,9.423573071404068,1.0529242831348182,1.5818984544507093,4,Yawning
0.327975783263761,0.2933823937789554,0.2675257568989186,0.20113225937892482,0.16481681703991735,0.282002418097776,0.011854323415943453,17.30281588588189,0.0,2.578556866579731,2.3692788131337856,1.0523155454262798,0,Alert
0.21088681941410015,0.21489124482445074,0.1621079327604044,0.19404577049664523,0.20104849145634157,0.28206205540220064,0.2672474283176608,21.034598180983426,0.5552490144801319,6.9883467568584745,4.432818292329741,1.9283992416794873,1,Drowsy
0.14472524876478832,0.1474767574204232,0.08839535260460547,0.19816656107884761,0.21584425395417178,0.30594076980356144,0.8617349748810421,8.77358084565295,1.517818757071553,15.042053211325108,7.964901168228473,7.783309394908039,2,Fatigued
0.2404446306122886,0.29155225429280957,0.13744792579852239,0.6137373705741441,0.5041704059117839,0.7720506374306987,0.1456198745396488,16.347912597795755,0.7073103706306518,3.5138846550207465,4.318780259731419,1.5030414295897274,2,Yawning
0.2842812497902885,0.28511043942769176,0.24589497379709338,0.22281830271219727,0.16810031833288921,0.2056627103098816,0.026750295360007045,19.57891367927308,0.0,2.313551765288713,2.417896825352989,1.3753690662146592,0,Alert
0.25079428408092097,0.23813211819765948,0.1683172141105886,0.2662356564252624,0.23048410826694724,0.3439155284254055,0.23613758494364256,38.56717230895573,0.9464794322409619,5.01716740661083,6.631842414295596,2.075237589217614,1,Drowsy
0.1379060779976956,0.1247948390857263,0.040900820108757986,0.29324942960159295,0.2035024558367093,0.3441707477220464,0.8561823701799175,8.808125794519338,1.9758628795087958,16.215204834744306,17.03434622217312,4.199499133102399,1,Fatigued
0.24091990046317618,0.27849976255727826,0.19867657594483573,0.6732957553647362,0.5924240546224946,0.6746798692778154,0.1401467448332101,18.800902870175946,0.6509931862975192,6.349532772359966,3.1797052832215966,3.5269607992240664,4,Yawning
0.33444955106212726,0.30256981548996326,0.2685527265110474,0.1905684672695719,0.179219609621612,0.2989876489794002,0.04882160226465682,10.316017831683894,0.0,2.2709453894271627,2.333918806627346,1.2261400611734965,0,Alert
0.2129784694867867,0.18790707966356676,0.12046759182613022,0.23126298864530395,0.23638380224117722,0.26771810663973417,0.3430011488478826,34.72595332421757,0.6246310391405273,9.263340294776615,3.061761008182634,2.631130790083099,0,Drowsy
0.1342954552176816,0.14356890163581731,0.09503419807862876,0.30035319050098563,0.24744045780422855,0.2132514691260075,0.923979050798299,12.29610965976942,2.7617105837483398,18.088635583168227,17.059886778502634,5.756477655887743,3,Fatigued
0.14718933986283061,0.25206151964946566,0.13030523094995003,0.5843346850476744,0.6942774695243482,0.7978534507162205,0.14328644071459118,23.656426124915576,0.25412898282359786,7.048182997507469,2.199815680775941,3.2600500713776026,2,Yawning
0.31540056022717156,0.3223887824408053,0.2664730132326157,0.22283132619143933,0.1838158933110491,0.2501484820752865,0.04342479993311052,11.499257864206514,0.0,2.4634206727801145,2.4779346655560666,0.5912336852516062,0,Alert
0.19784431375414563,0.2091716019939064,0.1426774889734029,0.21870571775490563,0.21706719305648112,0.3928041578052598,0.2915991265177041,28.466121970949374,0.4138924865845137,9.746963851530687,2.597865629311059,2.5571127306229213,0,Drowsy
0.17901610834834614,0.1295879605443736,0.059211380741986605,0.2419990967115062,0.27824514422964,0.2819708483747628,0.5810938540992647,11.623585818888476,3.7520278023632425,24.479294947313925,7.816218613331701,8.24228569625513,3,Fatigued
0.2495008949008949,0.2871608472641385,0.19128192906183739,0.5356805915106752,0.4865858874873252,0.6219642719253768,0.10228218963962132,18.877587670733817,0.18409809757451506,3.9437546030952935,4.562588328192179,2.1716649490916575,2,Yawning
0.3228812222621877,0.31848989021093976,0.2634877133106487,0.21100373011999088,0.2096676546851418,0.25490369446706573,0.001601861493510448,10.333108830648381,0.0,1.8145580989946062,0.7400935730908665,1.4536374792303945,0,Alert
0.20882437651667318,0.2254652244284029,0.13445280148949038,0.2015777770738154,0.2097246277600164,0.2051043733607134,0.2506708622019357,31.550232855943918,0.7486165183273785,11.578375707142868,7.617171377751315,2.696421866019917,0,Drowsy
0.11115652731400126,0.15762749310380378,0.10490572206715393,0.2933264044388394,0.20858565020590264,0.402386439094982,0.8061190014655004,11.182784582825398,2.463275124528731,19.279618666269734,6.127042297112744,7.504535147853918,3,Fatigued
0.24755506224080387,0.3032532486024761,0.19784756523978683,0.6421236594751337,0.5314855865968146,0.7279483530459164,0.12861872237908473,13.288000185480154,0.7659716055453321,3.3327742724689724,2.6054785095949087,1.4881081060950847,1,Yawning
0.36120097391712824,0.3313422666395385,0.2507673329837362,0.2201500607401808,0.12006382159800918,0.329043899925022,0.053155236893010466,10.767316764437977,0.0,2.7100323292488118,1.777893510595696,1.3401590784609871,0,Alert
0.23750499058861074,0.18398029169086433,0.12094222163341495,0.21438912966906512,0.1924978524267515,0.293164112915122,0.3860412272335687,35.614923025307924,0.8106775722107211,10.36378458638306,2.0768797796373875,3.461429093977587,1,Drowsy
0.1251039952723909,0.12944563287899802,0.06844525731531592,0.28875572605603533,0.22710500604166498,0.17387055071403834,0.8950925250366979,11.555997692260188,1.750506337093285,22.70790675868536,15.81685768126717,8.275521864194229,2,Fatigued
0.25465361066950315,0.31857966228969914,0.2225646770560079,0.7080936114209385,0.5432035148033107,0.8279165354836736,0.22186853587040584,13.318945946600271,0.08145553398942483,6.837868628072361,3.607378473825076,1.458981327935208,4,Yawning
0.3120120850004084,0.3111256803904258,0.2971583712553187,0.17856450426647202,0.13408588542020305,0.2711078154891408,0.0501141194520577,19.23798927570131,0.0,2.089751966695483,2.566445919115529,0.42928746698009534,0,Alert
0.15566286852243394,0.1900796963716081,0.1324509568747379,0.1658214967211092,0.22165581969182963,0.35251907627767587,0.28592146301109356,27.08121236606075,0.8904605693737022,6.821973934504642,5.230080337524014,1.822479680358482,1,Drowsy
0.1500356173986347,0.13770036493178736,0.07565501343163805,0.2806217450411961,0.31016172201307457,0.3822790563525211,0.9311746797006906,14.129322372974316,1.64298075845345,12.218819334557773,5.6388790714173025,7.315796946923359,3,Fatigued
0.22274378861696453,0.287486485392027,0.20958013520328392,0.5859634199023115,0.6145619188746121,0.7846990573348791,0.23066422984271234,17.102934772756686,0.6752678738971917,6.796660247217137,2.8823285624080786,3.096911938173364,3,Yawning
0.3300873529151525,0.30029711469143716,0.25782519273952126,0.2229555011827664,0.20256146931304972,0.2926494900408481,0.03326680979463451,19.633616127615003,0.0,1.238321300350503,1.164490653400546,1.0535119799843966,0,Alert
0.16992837066150548,0.20396981320599744,0.11403060366265051,0.2890582548751475,0.21399473089604465,0.36448745214070344,0.4130886414396151,38.18230550414586,1.0725723669667548,8.08883821071663,6.083818354680396,2.240997330182107,0,Drowsy
0.1491269004878094,0.1612465486812397,0.11133511225021558,0.3286476115475495,0.25491810710357476,0.363749239110243,0.7184460683470519,6.148211186073482,3.59749846106822,13.8079504815028,6.739215051737675,7.302314800999819,1,Fatigued
0.25624843246446605,0.2613185059569878,0.16619410989025976,0.7099398334906616,0.5626835041803514,0.6241853784581719,0.24064633927284362,15.735454037168829,0.3900219369765683,5.799516041450928,4.5895866881203204,1.215669592093347,3,Yawning
0.3659590186207529,0.2895225105016024,0.2715675157551107,0.1737513890695212,0.21522440663560624,0.2720414697776686,0.040949642421968635,20.165518409556668,0.0,2.039731450741506,1.886504609446844,1.086769173530646,0,Alert
0.2154785714542901,0.23224307835721802,0.12308214763207845,0.24166120895512164,0.19234193519296355,0.28205462122905334,0.43949095634437274,21.722571177141518,1.0366905579533823,7.112338398516173,2.477042972104373,2.273278784579387,0,Drowsy
0.12387299541805417,0.1481021739061782,0.10833016595101398,0.30297439627129963,0.21529418564488534,0.391292934050027,0.7443398923666149,9.5839085619885,2.3713011108558018,21.899790118035426,6.420438313074962,5.907199678794549,3,Fatigued
0.30515876805608344,0.2670686733040412,0.18938214487097987,0.6649275347079401,0.4817300709524219,0.7828780932011334,0.06498641717092396,17.546439867423693,0.17571714468651278,5.528516332075885,2.03884432040983,1.2779093881702472,3,Yawning
0.36871811421381073,0.3030937943181613,0.24072655167428,0.21057024636114136,0.2328684896511062,0.3444364725231965,0.042497891037904446,14.828875198878722,0.0,2.8873024851329108,2.6235989032777898,0.9606104673958964,0,Alert
0.19951839789836323,0.2076650870944637,0.11967150923910566,0.23418880923109098,0.1819267967094063,0.30076415521531696,0.3014428961446453,20.533384080396463,0.5013859058119194,7.638054801114084,7.389139526214682,2.4717448648025817,1,Drowsy
0.1990134993015478,0.12112146940249927,0.09501483585327684,0.11328319040964421,0.23999058060340867,0.38787304265907924,0.6512718531237042,12.587466215125707,2.343961144453873,21.875521903963644,5.738945856790507,5.325245839760839,3,Fatigued
0.39556449568926366,0.273721657993786,0.21265579676536125,0.8003351241886112,0.44723822509376604,0.826332115775134,0.07518905955685509,20.87552033448382,0.00038571238276130515,5.301020186432584,1.8721758176986398,2.1656003222683826,1,Yawning
0.28656297113634394,0.264024714031429,0.2556629061681787,0.2261127956472135,0.15266548162881433,0.33175895498023844,0.00757819882862334,15.442304104579605,0.0,1.9926537611491297,1.5187582300939968,0.7078660400816397,0,Alert
0.22718647607616804,0.19811615458922285,0.1352274000689416,0.2505133056669794,0.21525746116126265,0.3302073302254028,0.2664281203580518,36.92382753169607,1.1226061930724947,5.78244614370134,2.3559451398116664,1.2709724111658631,0,Drowsy
0.07733802200414149,0.13635799911235363,0.11150005744592778,0.1991306689407569,0.2760956695944418,0.3695787550074836,0.8818782260955116,12.659975440388063,1.5980588278102068,16.77994030192018,9.265928890788588,3.790573810752882,3,Fatigued
0.28920118124824834,0.23645231566051195,0.17219407319891739,0.562513422680889,0.6373771173347798,0.6612241598520814,0.06805055233664348,14.672044713522407,0.16039765654805427,3.7589727188099706,1.8303799153458362,2.821180803770063,3,Yawning
0.27053983806507187,0.26801334952717787,0.2666506880284836,0.17458647467752764,0.16563123443681926,0.3271228452553573,0.03784049821975805,13.568540720563796,0.0,2.3272909713947376,2.6062483752660124,1.3688368804521178,0,Alert
0.2161323287968994,0.1920144840781712,0.14302592642157436,0.23240291466875285,0.2585260582032973,0.24961220670122025,0.4065278156962802,27.94094599720789,0.48319276043828885,8.853278940161786,6.812844803100361,3.9927294512681764,0,Drowsy
0.14133287740603448,0.1425136016149156,0.10967251487330668,0.3194405206903725,0.3466822892332182,0.3020956605547426,0.7907078761487244,14.678262348435803,2.057433268668948,11.647561134907804,5.743840340169104,7.607391591665256,2,Fatigued
0.2578877107688985,0.3378405344742267,0.2031071090035864,0.6192160758494744,0.551066531033437,0.6959341330737477,0.24299228937977785,15.995479198495227,0.5788025109137404,8.218864284143827,2.6194381336445587,2.77987645233973,4,Yawning
0.3286015560291725,0.3284501759320964,0.2638157987337358,0.1353764520612769,0.14558352588591467,0.3633123996083406,0.014335409828428958,12.680428619894645,0.0,1.202618502389904,0.5256378734454094,1.3920270598203621,0,Alert
0.2340513313332509,0.23227931643261832,0.19326325729034047,0.2471339612052567,0.21865662329335347,0.3293945899870561,0.4137576760629691,27.190580087550565,1.0834310389974608,10.864228855120281,7.41359855254091,1.016389972725635,1,Drowsy
0.11116950158542406,0.141454711162338,0.07867044886964243,0.22694770465816216,0.23829250075927355,0.26020880787755557,0.7597224111971002,8.493277443771017,3.3747655556953564,23.38171340210767,7.749800271312562,8.854084413842884,2,Fatigued
0.2725009926329304,0.30310492503816977,0.23468612516162393,0.6877546900584592,0.5682042802358354,0.7764860712792392,0.14387209613538232,14.756403784913061,0.7285669864603888,8.05784430512253,2.126991456794081,2.0229871682669276,3,Yawning
0.31171859305432054,0.29219010420118047,0.2725104853252378,0.1891298217423102,0.21211479256921764,0.23088149506013989,0.0720496307412514,10.566275812790595,0.0,1.7906936773474331,1.6266720313279677,1.4074121905006316,0,Alert
0.16343797644375474,0.2364634820643353,0.159400226095752,0.28619656938914273,0.25488431326069183,0.28884955965981146,0.4004509279419093,20.108325966849392,1.09210768480879,7.176735057769043,5.8726856035239265,2.1903049629157554,1,Drowsy
0.17095174964536672,0.18367986675038142,0.07632835421013681,0.25842149042173845,0.24409913928132126,0.25326905896047935,0.7534435790546664,7.264836494838969,3.249139142249869,8.503774927023786,13.978196143142885,6.200245202863101,1,Fatigued
0.27699630530137576,0.2693879367862187,0.20743924465978836,0.644777409329583,0.6278730672374384,0.7352440261317519,0.20792321394339963,22.402732377387185,0.07579087944201578,8.756559899029064,1.8561606297750437,1.0770407915771043,1,Yawning
0.3321933018483638,0.2985048636371631,0.27959408445561823,0.21710299873195288,0.15973030922385026,0.23262964695889005,0.0019122371678771356,19.223263921534183,0.0,1.325785967729379,1.3180307742645674,1.0952898701172005,0,Alert
0.21092330331422313,0.20560007837665967,0.15461365631551297,0.22157986591838164,0.21327239717509347,0.2909104714386902,0.31444110302431877,34.6084144016116,0.570369806344491,7.002766827060569,7.46385526374555,1.343652651067087,0,Drowsy
0.13699060485506775,0.15564707406536218,0.09974988863023762,0.26206566848522284,0.27573987052894117,0.2667832027198739,0.7862413958095924,11.224196007933447,1.921579817866938,12.713131679967162,8.72655814430301,7.213623138009343,3,Fatigued
0.2367018773013639,0.27688141573483677,0.2285035462598733,0.6974863089611052,0.5068093132040985,0.6453651208448987,0.09646679150425155,22.643993735868143,0.13408625880357308,5.426397648050999,3.4040872857005464,2.2136632979979978,4,Yawning
0.3454742969934906,0.3221462516133659,0.2290493794902213,0.22121514767351153,0.21567439469282385,0.29691714434045147,0.0614626079702733,10.89282469274189,0.0,2.405554067924665,0.6144186328756733,0.3372709854183085,0,Alert
0.1680158779360747,0.15678954009213458,0.15672762217024044,0.25927295091533564,0.20691589319014578,0.2923939959205706,0.285702556477606,22.473452749097167,0.6301159090873846,9.828785244317864,3.4484088206436976,3.5060789411811593,0,Drowsy
0.10026184438437404,0.14073703459038162,0.08075485057900406,0.2596932928164297,0.30769162585455867,0.3401891098479109,0.6175477357685447,10.799897234039108,3.7254058910189722,8.392164260943597,13.748216189077281,6.859967690259838,1,Fatigued
0.27328236483796353,0.27706656633864274,0.11378549315768331,0.7142357952470824,0.5601200656011576,0.717406304143637,0.10568932213725653,12.715178294897909,0.5326813832788977,6.400038554736309,1.0478485988068957,1.3327721173190412,4,Yawning
0.3511428637533567,0.28584436100608246,0.2647250172828683,0.16864032333248408,0.18818338015771213,0.2677604617970221,0.07276865441002847,15.517549133846014,0.0,2.4085421789700607,0.7227923211212929,0.2747043414079084,0,Alert
0.14011799323949845,0.20888583448023768,0.1186245208205178,0.18210251392302867,0.21371207644204634,0.36983187505221915,0.403829717143126,20.36792185323066,1.0511405423062943,5.922631553571338,3.8542359734626075,1.1357692959611156,1,Drowsy
0.128820581845005,0.14676457230722328,0.06572887018122493,0.2522335174535479,0.24792091202312283,0.34902642747774226,0.836615454883627,10.468708875016045,2.832582212347692,8.744006398389304,17.445087686303168,9.4972436219953,2,Fatigued
0.27811032324745255,0.2981303179461299,0.1728334974577402,0.6704437547952139,0.5573988112495829,0.7570099860644608,0.15231729231064006,18.92263616792527,0.32262958731685415,8.998178275837013,1.0592132158543204,2.8736456488455553,1,Yawning
0.2838637191006814,0.30666228186300637,0.2385624201834126,0.23929913707088057,0.19067254341901235,0.25771504009280555,0.020259463103294326,10.86415190151163,0.0,2.9305664949286396,0.6499352166172346,1.3136955751926285,0,Alert
0.18172101816480865,0.23632510432510304,0.13910169658826751,0.16210134330904202,0.2893137782419112,0.26299194303170514,0.43158779289822863,27.547092297204117,0.5282909564074539,10.400391334627392,3.9961440879872647,1.8606456933800521,0,Drowsy
0.09730540197507065,0.1487915723629188,0.0783597736802425,0.17268001549216877,0.2392026355964233,0.3821168228476649,0.7708035638857849,13.221162343100088,3.249183525999181,11.107975817339767,10.17627177716943,9.504115044535428,2,Fatigued
0.2683789559137211,0.2643375650245988,0.2743645921856466,0.6995301616708866,0.5844293108135232,0.5706232079781884,0.24542062807753834,16.286139480585796,0.5398308220066196,4.207538900366608,1.4869595410413332,3.3509203337770894,2,Yawning
0.2990913852610394,0.29259898728374323,0.25834582346023277,0.11247376911827596,0.1495788801830506,0.31652271070934823,0.06964203522826075,21.241185024630585,0.0,1.6038571636243093,1.8300511885405555,1.020050748804313,0,Alert
0.18526119569092353,0.21370172528792808,0.15263407585539543,0.16389336113710454,0.18748495423854222,0.34013551007656984,0.4284789880308949,37.31891236595342,0.6283021450541584,11.022721447387497,2.4862230125873874,3.4013917786217105,1,Drowsy
0.09680094062356459,0.17374968624921533,0.08855405470517153,0.19435967643811672,0.22902161038435795,0.25394297053274517,0.7466490922446595,9.771995504683884,2.9961228591998896,8.5007130517396,17.865872434091145,8.014173317569998,3,Fatigued
0.2785716628127384,0.27276304569187565,0.12560327242735808,0.6918177471739098,0.646916254401938,0.7971555869960206,0.06381486750419448,23.47077718542853,0.2215096009895648,5.669432375261359,2.348147007856201,3.5195045742675966,1,Yawning
0.26833178442810834,0.3182190666141606,0.2831629911131909,0.18466524703087744,0.19363961322996376,0.23447397419667843,0.07461864569691615,16.04930713239521,0.0,2.3128342795832175,2.5671650988888772,0.4649066872991402,0,Alert
0.22100164710662465,0.1947432386994901,0.11184166767582306,0.15432178608181263,0.2113316349515275,0.38083791191805433,0.4777786671209731,39.9321555428128,1.0245809325554798,9.33109351653806,4.351382995922736,1.2011183381561001,1,Drowsy
0.15602145075821505,0.17863643404709906,0.025272539763338042,0.23605891632507814,0.215835801862228,0.3343590164213421,0.6697078590120774,13.383946229617859,3.45918848646828,24.529401307001102,13.528872457703502,6.875478302978751,3,Fatigued
0.22576126192144585,0.2434275581437225,0.12384784530074935,0.8010236855051781,0.562661021813337,0.6950977275505519,0.06981557290403005,19.883394115728017,0.4056067041808207,6.455680625077187,1.2699849811969193,2.9176613406506076,3,Yawning
0.3236420367261515,0.2940099123459097,0.24128172115706897,0.17281442576101175,0.1777158726035697,0.23650232092669038,0.057125864480512815,19.783514446670516,0.0,2.9979057508182314,1.183426808133998,0.9236041653795766,0,Alert
0.18832162838411667,0.1931557284561844,0.10222187867076515,0.2209804753828424,0.22996164508786393,0.35073967454452715,0.20832080076182935,37.53403111450427,1.181856795356375,8.01489255813603,3.887664065297466,1.790393348200148,0,Drowsy
0.13491777860300116,0.1545197492020861,0.08395414881417591,0.2737249599217285,0.2556583799173413,0.3970189477922323,0.6307390674174842,11.095551016456765,1.7273655993078525,19.827291513708694,10.317014834047445,4.062132211701463,1,Fatigued
0.2503366617541728,0.253262008442239,0.2075373284554578,0.4515207818620509,0.4364836527600922,0.6280480976007734,0.23949518733186043,15.133479929114507,0.09792464952437517,3.995821485287832,3.0805708957113156,2.172711410516399,4,Yawning
0.3513818236373541,0.32708754682942326,0.2654569668542567,0.2934208357502638,0.22949295469432918,0.2253551115994462,0.07267431162090902,10.082951094036009,0.0,0.8348225685742259,0.7994328962496393,1.4001668937607104,0,Alert
0.21134467806820892,0.21272446324753327,0.10717256520915225,0.3147218236862177,0.204893864100526,0.34170806193894526,0.31440143489519645,29.325484810684475,0.6387667156096946,6.970284899267828,2.4686311215465095,1.593950768348674,0,Drowsy
0.18614428862720359,0.1609508973170736,0.06428178507804998,0.1472787745845247,0.17316811504574953,0.4559391541334633,0.7277029897735013,7.724870727890432,2.2184625656414396,19.882275919081366,5.0556548463484745,3.6670329554583696,2,Fatigued
0.2466403642005263,0.23169971314531382,0.22766934679994202,0.6824378869984216,0.5754633488849128,0.832367058611372,0.0870977275147194,23.304762280850795,0.6038203129093752,4.867934344832382,4.220356653583426,3.6314540140955467,3,Yawning
0.3353422333337025,0.33704084737330275,0.2609631110843902,0.23870445464488796,0.25542919124077085,0.29071875196842956,0.025871806108260093,10.44294946506319,0.0,1.0751145642976447,1.0950335297409164,0.636356505361652,0,Alert
0.1557163218526193,0.20283688148055176,0.17017615906224864,0.226334406089367,0.23525376508445162,0.1586464007866624,0.24033173177834802,28.409109851355222,0.7095958478468625,6.813508022923597,7.323792019545198,1.1779042996369988,0,Drowsy
0.12119174532650055,0.1444429602984142,0.08946284980618197,0.19224244306330163,0.250805237579385,0.35955660904398384,0.7092769410668542,9.6196938410014,2.673987539989531,12.588264347371641,9.267024510371957,8.927741652537293,3,Fatigued
0.21738233041797658,0.2899167937828841,0.2345806346307472,0.7119149755333959,0.5003159684064409,0.776458402807797,0.164715514809489,17.117172894750162,0.2746967493779958,5.229720280408825,4.717728895278582,3.227522370033183,4,Yawning
0.30773086954144613,0.3097951964031899,0.2554548616305026,0.15281019805751808,0.1714373508530275,0.2989599190694146,0.035843444823869586,10.153462452826531,0.0,1.6937513055857432,2.7398111905979396,0.975798440980667,0,Alert
0.1637095903962092,0.20574894452449807,0.13169047514637056,0.22635134747808908,0.26201293305399054,0.28747546098420357,0.41384680982404853,31.5506433317055,0.8570461873008544,4.722624642335249,3.0494916305269397,2.604233371321633,0,Drowsy
0.14646935392611116,0.1691283441318539,0.04794152173618021,0.22483994568357288,0.2343462717810118,0.2790487986663421,0.9040982972042249,6.8839532327196995,2.9216480724787197,24.34866191877835,13.282515471939968,6.079753111091078,3,Fatigued
0.27185855288387545,0.2783548499920071,0.18979893924897306,0.7701280629708571,0.5782458151955432,0.7812847974016972,0.1419076420385293,16.143612055964933,0.561571637448475,9.331284906491964,4.888609940498049,1.8706744170314664,1,Yawning
0.3357233916452965,0.32410025142493276,0.28132998629419215,0.24001164282081192,0.1978919289746999,0.2577609149513444,0.06545437197773925,21.208085695541243,0.0,1.073669801429837,1.9479873508819876,1.2456293114157588,0,Alert
0.2195279486749985,0.23763898643067988,0.16241186750272038,0.2566398225261136,0.20831744400152735,0.39491557718748405,0.4981256437776173,35.415738317453176,0.8629440042239884,11.473530157972991,7.44919003674811,3.443701196002795,1,Drowsy
0.09907512765148453,0.13627312418509036,0.06950218610251858,0.2974440317632769,0.20149897271564432,0.2748201770275023,0.576541596420411,12.731443461572676,3.2878991463502,17.39577171508858,14.309104738793721,5.611932167238066,2,Fatigued
0.3030717796786261,0.22850221543430763,0.25631982101779255,0.8232327178813608,0.4699812186038681,0.7586114933708956,0.10612114820959312,18.8144449265139,0.6314739612775409,6.023922794552931,1.8156902121845233,1.263833274416278,1,Yawning
0.2957460675051793,0.31056349959157803,0.23387231045357637,0.17256889629232738,0.20933139393516578,0.3699912965992779,0.028458947498613628,17.78206165685845,0.0,1.9610732052460036,2.766225311150655,0.9758438379641081,0,Alert
0.23954327811020715,0.2106281153080158,0.12076239624736892,0.19023430781873496,0.21116026894119305,0.3924695033712014,0.3227707586277497,37.7415590895561,0.8880872274344545,10.423273123198546,6.859033223658118,1.3600799749353059,1,Drowsy
0.1627293715904461,0.14654244954561424,0.10525455388405108,0.16914072911026115,0.21243266034494945,0.3021035134818089,0.8093715501839911,12.623099273666035,2.655292941315704,13.69669484522203,16.833530227119542,3.950654705343299,1,Fatigued
0.28206454433673006,0.27051982352228426,0.26179012132951585,0.6819370619847074,0.5751412209563834,0.8757630753049417,0.07614062039719667,14.843863229457384,0.192112206897201,3.270617533585937,2.516872039431163,2.8315411671287043,1,Yawning
0.3155449866507728,0.33381077968745576,0.24113027642371193,0.2430934754911348,0.17628713856951597,0.3295877812025697,0.07222707827413569,11.960581693196593,0.0,1.289393276684884,1.7469236288878265,1.2086057242925272,0,Alert
0.17634753100417716,0.223561600147253,0.12680138023336965,0.18806211097993403,0.3070651190441092,0.2595613770548175,0.32874127728658376,33.261802332960144,0.74204715487779,11.570632079510357,3.565813087889216,2.8821163620102843,1,Drowsy
0.12456858552564866,0.17041889665314205,0.10172576581794335,0.2569928267462041,0.24797772094253187,0.35167243776619944,0.8670532170867549,13.181401837431444,2.465306269127518,12.378203593194984,12.777369261764443,9.153224690444993,2,Fatigued
0.2618754343607356,0.2504395762843027,0.1466648161585847,0.8157161583920592,0.5878183549874456,0.830458532244859,0.24716808418937203,13.792634782895822,0.046652531474001085,4.923625938985715,1.0762007812673762,3.797834283599538,1,Yawning
0.357134013462596,0.3065500488318381,0.27689106301326755,0.20911278668390237,0.21273313923824974,0.35977345171539443,0.013799654746114616,12.135449562505606,0.0,1.681425729882573,2.676105539103443,0.34978428124641314,0,Alert
0.15671614718655086,0.1974421070603822,0.12044511322498443,0.21043077258209075,0.22384485779602833,0.3447046176088333,0.3008538934020316,25.509663307407884,0.7552754348344197,4.731027816058167,7.336093581392493,2.532821130852181,0,Drowsy
0.1378295155004821,0.15643740764766115,0.09634413034995096,0.16982208277633684,0.30875686294892046,0.2866646004432578,0.8427926437094428,12.732125386815074,3.3394379800438223,12.91580603679149,13.918880057479887,6.843066375835983,3,Fatigued
0.19507815551151658,0.2575573178746853,0.1828940204545887,0.7233602689897475,0.5841981407060431,0.8591838298381145,0.22495805107600592,19.719321257974002,0.4451874931228112,8.607909577070592,3.249945865992921,3.533626176940114,1,Yawning
